board_width,board_height,health,body_length,head_x,head_y,safe_up,safe_down,safe_left,safe_right,dist_closest_food,food_dx,food_dy,game_id,turn,seed,direction,label_source
11.0,11.0,100.0,3.0,9.0,5.0,1.0,1.0,1.0,1.0,2.0,1.0,1.0,7ccf20f3-1eeb-4b16-a919-faa4fa490135,0,100,down,rule_based
11.0,11.0,99.0,3.0,9.0,4.0,0.0,1.0,1.0,1.0,3.0,1.0,2.0,7ccf20f3-1eeb-4b16-a919-faa4fa490135,1,100,left,rule_based
11.0,11.0,98.0,3.0,8.0,4.0,1.0,1.0,1.0,0.0,4.0,2.0,2.0,7ccf20f3-1eeb-4b16-a919-faa4fa490135,2,100,down,rule_based
11.0,11.0,97.0,3.0,8.0,3.0,0.0,1.0,1.0,1.0,2.0,-1.0,1.0,7ccf20f3-1eeb-4b16-a919-faa4fa490135,3,100,down,rule_based
11.0,11.0,96.0,3.0,8.0,2.0,0.0,1.0,1.0,1.0,3.0,-1.0,2.0,7ccf20f3-1eeb-4b16-a919-faa4fa490135,4,100,right,rule_based
11.0,11.0,95.0,3.0,9.0,2.0,1.0,1.0,0.0,1.0,4.0,-2.0,2.0,7ccf20f3-1eeb-4b16-a919-faa4fa490135,5,100,down,rule_based
11.0,11.0,94.0,3.0,9.0,1.0,0.0,1.0,1.0,1.0,5.0,-2.0,3.0,7ccf20f3-1eeb-4b16-a919-faa4fa490135,6,100,right,rule_based
11.0,11.0,93.0,3.0,10.0,1.0,1.0,1.0,0.0,0.0,5.0,0.0,5.0,7ccf20f3-1eeb-4b16-a919-faa4fa490135,7,100,down,rule_based
11.0,11.0,92.0,3.0,10.0,0.0,0.0,0.0,1.0,0.0,6.0,0.0,6.0,7ccf20f3-1eeb-4b16-a919-faa4fa490135,8,100,left,rule_based
11.0,11.0,91.0,3.0,9.0,0.0,1.0,0.0,1.0,0.0,6.0,-2.0,4.0,7ccf20f3-1eeb-4b16-a919-faa4fa490135,9,100,up,rule_based
11.0,11.0,90.0,3.0,9.0,1.0,1.0,0.0,1.0,1.0,5.0,-2.0,3.0,7ccf20f3-1eeb-4b16-a919-faa4fa490135,10,100,right,rule_based
11.0,11.0,89.0,3.0,10.0,1.0,1.0,1.0,0.0,0.0,5.0,0.0,5.0,7ccf20f3-1eeb-4b16-a919-faa4fa490135,11,100,up,rule_based
11.0,11.0,88.0,3.0,10.0,2.0,1.0,0.0,1.0,0.0,4.0,0.0,4.0,7ccf20f3-1eeb-4b16-a919-faa4fa490135,12,100,up,rule_based
11.0,11.0,87.0,3.0,10.0,3.0,1.0,0.0,1.0,0.0,3.0,0.0,3.0,7ccf20f3-1eeb-4b16-a919-faa4fa490135,13,100,left,rule_based
11.0,11.0,86.0,3.0,9.0,3.0,1.0,1.0,1.0,0.0,3.0,-2.0,1.0,7ccf20f3-1eeb-4b16-a919-faa4fa490135,14,100,down,rule_based
11.0,11.0,85.0,3.0,9.0,2.0,0.0,1.0,1.0,1.0,4.0,-2.0,2.0,7ccf20f3-1eeb-4b16-a919-faa4fa490135,15,100,down,rule_based
11.0,11.0,84.0,3.0,9.0,1.0,0.0,1.0,1.0,1.0,5.0,-2.0,3.0,7ccf20f3-1eeb-4b16-a919-faa4fa490135,16,100,right,rule_based
11.0,11.0,83.0,3.0,10.0,1.0,1.0,1.0,0.0,0.0,5.0,0.0,5.0,7ccf20f3-1eeb-4b16-a919-faa4fa490135,17,100,up,rule_based
11.0,11.0,82.0,3.0,10.0,2.0,1.0,0.0,1.0,0.0,4.0,0.0,4.0,7ccf20f3-1eeb-4b16-a919-faa4fa490135,18,100,left,rule_based
11.0,11.0,81.0,3.0,9.0,2.0,1.0,1.0,1.0,0.0,4.0,-2.0,2.0,7ccf20f3-1eeb-4b16-a919-faa4fa490135,19,100,up,rule_based
11.0,11.0,80.0,3.0,9.0,3.0,1.0,0.0,1.0,1.0,3.0,-2.0,1.0,7ccf20f3-1eeb-4b16-a919-faa4fa490135,20,100,left,rule_based
11.0,11.0,79.0,3.0,8.0,3.0,1.0,1.0,1.0,0.0,2.0,-1.0,1.0,7ccf20f3-1eeb-4b16-a919-faa4fa490135,21,100,up,rule_based
11.0,11.0,78.0,3.0,8.0,4.0,1.0,0.0,1.0,1.0,1.0,-1.0,0.0,7ccf20f3-1eeb-4b16-a919-faa4fa490135,22,100,up,rule_based
11.0,11.0,77.0,3.0,8.0,5.0,1.0,0.0,1.0,1.0,2.0,-1.0,-1.0,7ccf20f3-1eeb-4b16-a919-faa4fa490135,23,100,up,rule_based
11.0,11.0,76.0,3.0,8.0,6.0,1.0,0.0,1.0,1.0,2.0,2.0,0.0,7ccf20f3-1eeb-4b16-a919-faa4fa490135,24,100,up,rule_based
11.0,11.0,75.0,3.0,8.0,7.0,1.0,0.0,1.0,1.0,3.0,2.0,-1.0,7ccf20f3-1eeb-4b16-a919-faa4fa490135,25,100,left,rule_based
11.0,11.0,74.0,3.0,7.0,7.0,1.0,1.0,1.0,0.0,2.0,-1.0,-1.0,7ccf20f3-1eeb-4b16-a919-faa4fa490135,26,100,down,rule_based
11.0,11.0,73.0,3.0,7.0,6.0,0.0,1.0,1.0,1.0,1.0,-1.0,0.0,7ccf20f3-1eeb-4b16-a919-faa4fa490135,27,100,right,rule_based
11.0,11.0,72.0,3.0,8.0,6.0,1.0,1.0,0.0,1.0,1.0,1.0,0.0,7ccf20f3-1eeb-4b16-a919-faa4fa490135,28,100,down,rule_based
11.0,11.0,71.0,3.0,8.0,5.0,0.0,1.0,1.0,1.0,2.0,-1.0,-1.0,7ccf20f3-1eeb-4b16-a919-faa4fa490135,29,100,down,rule_based
11.0,11.0,70.0,3.0,8.0,4.0,0.0,1.0,1.0,1.0,1.0,-1.0,0.0,7ccf20f3-1eeb-4b16-a919-faa4fa490135,30,100,left,rule_based
11.0,11.0,100.0,4.0,7.0,4.0,1.0,1.0,1.0,0.0,2.0,-1.0,1.0,7ccf20f3-1eeb-4b16-a919-faa4fa490135,31,100,down,rule_based
11.0,11.0,99.0,4.0,7.0,3.0,0.0,1.0,1.0,1.0,1.0,-1.0,0.0,7ccf20f3-1eeb-4b16-a919-faa4fa490135,32,100,right,rule_based
11.0,11.0,98.0,4.0,8.0,3.0,0.0,1.0,0.0,1.0,2.0,-2.0,0.0,7ccf20f3-1eeb-4b16-a919-faa4fa490135,33,100,right,rule_based
11.0,11.0,97.0,4.0,9.0,3.0,1.0,1.0,0.0,1.0,3.0,-3.0,0.0,7ccf20f3-1eeb-4b16-a919-faa4fa490135,34,100,down,rule_based
11.0,11.0,96.0,4.0,9.0,2.0,0.0,1.0,1.0,1.0,2.0,-2.0,0.0,7ccf20f3-1eeb-4b16-a919-faa4fa490135,35,100,down,rule_based
11.0,11.0,95.0,4.0,9.0,1.0,0.0,1.0,1.0,1.0,3.0,-2.0,1.0,7ccf20f3-1eeb-4b16-a919-faa4fa490135,36,100,right,rule_based
11.0,11.0,94.0,4.0,10.0,1.0,1.0,1.0,0.0,0.0,4.0,-3.0,1.0,7ccf20f3-1eeb-4b16-a919-faa4fa490135,37,100,up,rule_based
11.0,11.0,93.0,4.0,10.0,2.0,1.0,0.0,0.0,0.0,3.0,-3.0,0.0,7ccf20f3-1eeb-4b16-a919-faa4fa490135,38,100,up,rule_based
11.0,11.0,92.0,4.0,10.0,3.0,1.0,0.0,1.0,0.0,3.0,0.0,3.0,7ccf20f3-1eeb-4b16-a919-faa4fa490135,39,100,up,rule_based
11.0,11.0,91.0,4.0,10.0,4.0,1.0,0.0,1.0,0.0,2.0,0.0,2.0,7ccf20f3-1eeb-4b16-a919-faa4fa490135,40,100,left,rule_based
11.0,11.0,90.0,4.0,9.0,4.0,1.0,1.0,1.0,0.0,2.0,0.0,2.0,7ccf20f3-1eeb-4b16-a919-faa4fa490135,41,100,up,rule_based
11.0,11.0,89.0,4.0,9.0,5.0,1.0,0.0,1.0,1.0,1.0,0.0,1.0,7ccf20f3-1eeb-4b16-a919-faa4fa490135,42,100,right,rule_based
11.0,11.0,88.0,4.0,10.0,5.0,1.0,0.0,0.0,0.0,1.0,0.0,1.0,7ccf20f3-1eeb-4b16-a919-faa4fa490135,43,100,up,rule_based
11.0,11.0,100.0,5.0,10.0,6.0,1.0,0.0,1.0,0.0,1.0,-1.0,0.0,7ccf20f3-1eeb-4b16-a919-faa4fa490135,44,100,up,rule_based
11.0,11.0,99.0,5.0,10.0,7.0,1.0,0.0,1.0,0.0,2.0,-1.0,-1.0,7ccf20f3-1eeb-4b16-a919-faa4fa490135,45,100,up,rule_based
11.0,11.0,98.0,5.0,10.0,8.0,1.0,0.0,1.0,0.0,3.0,-1.0,-2.0,7ccf20f3-1eeb-4b16-a919-faa4fa490135,46,100,up,rule_based
11.0,11.0,97.0,5.0,10.0,9.0,1.0,0.0,1.0,0.0,3.0,-2.0,1.0,7ccf20f3-1eeb-4b16-a919-faa4fa490135,47,100,up,rule_based
11.0,11.0,96.0,5.0,10.0,10.0,0.0,0.0,1.0,0.0,2.0,-2.0,0.0,7ccf20f3-1eeb-4b16-a919-faa4fa490135,48,100,left,rule_based
11.0,11.0,95.0,5.0,9.0,10.0,0.0,1.0,1.0,0.0,1.0,-1.0,0.0,7ccf20f3-1eeb-4b16-a919-faa4fa490135,49,100,left,rule_based
11.0,11.0,100.0,6.0,8.0,10.0,0.0,1.0,1.0,0.0,5.0,1.0,-4.0,7ccf20f3-1eeb-4b16-a919-faa4fa490135,50,100,down,rule_based
11.0,11.0,99.0,6.0,8.0,9.0,0.0,1.0,1.0,1.0,4.0,1.0,-3.0,7ccf20f3-1eeb-4b16-a919-faa4fa490135,51,100,right,rule_based
11.0,11.0,98.0,6.0,9.0,9.0,0.0,1.0,0.0,0.0,3.0,0.0,-3.0,7ccf20f3-1eeb-4b16-a919-faa4fa490135,52,100,down,rule_based
11.0,11.0,97.0,6.0,9.0,8.0,0.0,1.0,1.0,1.0,2.0,0.0,-2.0,7ccf20f3-1eeb-4b16-a919-faa4fa490135,53,100,right,rule_based
11.0,11.0,96.0,6.0,10.0,8.0,1.0,1.0,0.0,0.0,3.0,-1.0,-2.0,7ccf20f3-1eeb-4b16-a919-faa4fa490135,54,100,up,rule_based
11.0,11.0,95.0,6.0,10.0,9.0,1.0,0.0,0.0,0.0,4.0,-1.0,-3.0,7ccf20f3-1eeb-4b16-a919-faa4fa490135,55,100,up,rule_based
11.0,11.0,94.0,6.0,10.0,10.0,0.0,0.0,1.0,0.0,5.0,-1.0,-4.0,7ccf20f3-1eeb-4b16-a919-faa4fa490135,56,100,left,rule_based
11.0,11.0,93.0,6.0,9.0,10.0,0.0,0.0,1.0,0.0,4.0,0.0,-4.0,7ccf20f3-1eeb-4b16-a919-faa4fa490135,57,100,left,rule_based
11.0,11.0,92.0,6.0,8.0,10.0,0.0,1.0,1.0,0.0,4.0,-2.0,-2.0,7ccf20f3-1eeb-4b16-a919-faa4fa490135,58,100,left,rule_based
11.0,11.0,91.0,6.0,7.0,10.0,0.0,1.0,1.0,0.0,3.0,-1.0,-2.0,7ccf20f3-1eeb-4b16-a919-faa4fa490135,59,100,left,rule_based
11.0,11.0,90.0,6.0,6.0,10.0,0.0,1.0,1.0,0.0,2.0,0.0,-2.0,7ccf20f3-1eeb-4b16-a919-faa4fa490135,60,100,left,rule_based
11.0,11.0,89.0,6.0,5.0,10.0,0.0,1.0,1.0,0.0,2.0,-2.0,0.0,7ccf20f3-1eeb-4b16-a919-faa4fa490135,61,100,down,rule_based
11.0,11.0,88.0,6.0,5.0,9.0,0.0,1.0,1.0,1.0,2.0,-1.0,-1.0,7ccf20f3-1eeb-4b16-a919-faa4fa490135,62,100,down,rule_based
11.0,11.0,87.0,6.0,5.0,8.0,0.0,1.0,1.0,1.0,1.0,-1.0,0.0,7ccf20f3-1eeb-4b16-a919-faa4fa490135,63,100,left,rule_based
11.0,11.0,100.0,7.0,4.0,8.0,1.0,1.0,1.0,0.0,1.0,-1.0,0.0,7ccf20f3-1eeb-4b16-a919-faa4fa490135,64,100,left,rule_based
11.0,11.0,100.0,8.0,3.0,8.0,1.0,1.0,1.0,0.0,2.0,0.0,2.0,7ccf20f3-1eeb-4b16-a919-faa4fa490135,65,100,down,rule_based
11.0,11.0,99.0,8.0,3.0,7.0,0.0,1.0,1.0,1.0,3.0,0.0,3.0,7ccf20f3-1eeb-4b16-a919-faa4fa490135,66,100,left,rule_based
11.0,11.0,98.0,8.0,2.0,7.0,1.0,1.0,1.0,0.0,3.0,0.0,-3.0,7ccf20f3-1eeb-4b16-a919-faa4fa490135,67,100,up,rule_based
11.0,11.0,97.0,8.0,2.0,8.0,1.0,0.0,1.0,0.0,3.0,1.0,2.0,7ccf20f3-1eeb-4b16-a919-faa4fa490135,68,100,left,rule_based
11.0,11.0,96.0,8.0,1.0,8.0,1.0,1.0,1.0,0.0,4.0,0.0,-4.0,7ccf20f3-1eeb-4b16-a919-faa4fa490135,69,100,left,rule_based
11.0,11.0,95.0,8.0,0.0,8.0,1.0,1.0,0.0,0.0,5.0,1.0,-4.0,7ccf20f3-1eeb-4b16-a919-faa4fa490135,70,100,down,rule_based
11.0,11.0,94.0,8.0,0.0,7.0,0.0,1.0,0.0,1.0,4.0,1.0,-3.0,7ccf20f3-1eeb-4b16-a919-faa4fa490135,71,100,right,rule_based
11.0,11.0,93.0,8.0,1.0,7.0,0.0,1.0,0.0,0.0,3.0,0.0,-3.0,7ccf20f3-1eeb-4b16-a919-faa4fa490135,72,100,down,rule_based
11.0,11.0,92.0,8.0,1.0,6.0,0.0,1.0,1.0,1.0,2.0,0.0,-2.0,7ccf20f3-1eeb-4b16-a919-faa4fa490135,73,100,down,rule_based
11.0,11.0,91.0,8.0,1.0,5.0,0.0,1.0,1.0,1.0,1.0,0.0,-1.0,7ccf20f3-1eeb-4b16-a919-faa4fa490135,74,100,right,rule_based
11.0,11.0,90.0,8.0,2.0,5.0,1.0,1.0,0.0,1.0,1.0,0.0,-1.0,7ccf20f3-1eeb-4b16-a919-faa4fa490135,75,100,right,rule_based
11.0,11.0,89.0,8.0,3.0,5.0,1.0,1.0,0.0,1.0,2.0,2.0,0.0,7ccf20f3-1eeb-4b16-a919-faa4fa490135,76,100,down,rule_based
11.0,11.0,88.0,8.0,3.0,4.0,0.0,1.0,1.0,1.0,1.0,-1.0,0.0,7ccf20f3-1eeb-4b16-a919-faa4fa490135,77,100,down,rule_based
11.0,11.0,87.0,8.0,3.0,3.0,0.0,1.0,1.0,1.0,1.0,0.0,-1.0,7ccf20f3-1eeb-4b16-a919-faa4fa490135,78,100,down,rule_based
11.0,11.0,100.0,9.0,3.0,2.0,0.0,1.0,1.0,1.0,2.0,0.0,-2.0,7ccf20f3-1eeb-4b16-a919-faa4fa490135,79,100,left,rule_based
11.0,11.0,99.0,9.0,2.0,2.0,1.0,1.0,1.0,0.0,2.0,0.0,-2.0,7ccf20f3-1eeb-4b16-a919-faa4fa490135,80,100,left,rule_based
11.0,11.0,98.0,9.0,1.0,2.0,1.0,1.0,1.0,0.0,1.0,0.0,1.0,7ccf20f3-1eeb-4b16-a919-faa4fa490135,81,100,left,rule_based
11.0,11.0,97.0,9.0,0.0,2.0,1.0,1.0,0.0,0.0,2.0,1.0,1.0,7ccf20f3-1eeb-4b16-a919-faa4fa490135,82,100,up,rule_based
11.0,11.0,96.0,9.0,0.0,3.0,1.0,0.0,0.0,1.0,1.0,1.0,0.0,7ccf20f3-1eeb-4b16-a919-faa4fa490135,83,100,up,rule_based
11.0,11.0,95.0,9.0,0.0,4.0,1.0,0.0,0.0,1.0,1.0,1.0,0.0,7ccf20f3-1eeb-4b16-a919-faa4fa490135,84,100,up,rule_based
11.0,11.0,94.0,9.0,0.0,5.0,1.0,0.0,0.0,1.0,2.0,1.0,-1.0,7ccf20f3-1eeb-4b16-a919-faa4fa490135,85,100,right,rule_based
11.0,11.0,93.0,9.0,1.0,5.0,1.0,1.0,0.0,1.0,1.0,0.0,-1.0,7ccf20f3-1eeb-4b16-a919-faa4fa490135,86,100,right,rule_based
11.0,11.0,92.0,9.0,2.0,5.0,1.0,1.0,0.0,1.0,1.0,0.0,-1.0,7ccf20f3-1eeb-4b16-a919-faa4fa490135,87,100,right,rule_based
11.0,11.0,91.0,9.0,3.0,5.0,1.0,1.0,0.0,1.0,2.0,2.0,0.0,7ccf20f3-1eeb-4b16-a919-faa4fa490135,88,100,up,rule_based
11.0,11.0,90.0,9.0,3.0,6.0,1.0,0.0,1.0,1.0,3.0,2.0,-1.0,7ccf20f3-1eeb-4b16-a919-faa4fa490135,89,100,right,rule_based
11.0,11.0,89.0,9.0,4.0,6.0,1.0,1.0,0.0,1.0,2.0,1.0,-1.0,7ccf20f3-1eeb-4b16-a919-faa4fa490135,90,100,right,rule_based
11.0,11.0,88.0,9.0,5.0,6.0,1.0,1.0,0.0,1.0,1.0,0.0,-1.0,7ccf20f3-1eeb-4b16-a919-faa4fa490135,91,100,right,rule_based
11.0,11.0,100.0,10.0,6.0,6.0,1.0,1.0,0.0,1.0,1.0,0.0,-1.0,7ccf20f3-1eeb-4b16-a919-faa4fa490135,92,100,right,rule_based
11.0,11.0,99.0,10.0,7.0,6.0,1.0,1.0,0.0,1.0,2.0,-1.0,-1.0,7ccf20f3-1eeb-4b16-a919-faa4fa490135,93,100,down,rule_based
11.0,11.0,98.0,10.0,7.0,5.0,0.0,1.0,1.0,1.0,1.0,-1.0,0.0,7ccf20f3-1eeb-4b16-a919-faa4fa490135,94,100,left,rule_based
11.0,11.0,100.0,11.0,6.0,5.0,0.0,1.0,1.0,0.0,1.0,-1.0,0.0,7ccf20f3-1eeb-4b16-a919-faa4fa490135,95,100,left,rule_based
11.0,11.0,100.0,12.0,5.0,5.0,0.0,1.0,1.0,0.0,3.0,1.0,-2.0,7ccf20f3-1eeb-4b16-a919-faa4fa490135,96,100,down,rule_based
11.0,11.0,99.0,12.0,5.0,4.0,0.0,1.0,1.0,1.0,2.0,1.0,-1.0,7ccf20f3-1eeb-4b16-a919-faa4fa490135,97,100,right,rule_based
11.0,11.0,98.0,12.0,6.0,4.0,0.0,1.0,0.0,1.0,1.0,0.0,-1.0,7ccf20f3-1eeb-4b16-a919-faa4fa490135,98,100,down,rule_based
11.0,11.0,100.0,13.0,6.0,3.0,0.0,1.0,1.0,1.0,1.0,1.0,0.0,7ccf20f3-1eeb-4b16-a919-faa4fa490135,99,100,left,rule_based
11.0,11.0,99.0,13.0,5.0,3.0,0.0,1.0,1.0,0.0,2.0,2.0,0.0,7ccf20f3-1eeb-4b16-a919-faa4fa490135,100,100,down,rule_based
11.0,11.0,98.0,13.0,5.0,2.0,0.0,1.0,1.0,1.0,2.0,2.0,0.0,7ccf20f3-1eeb-4b16-a919-faa4fa490135,101,100,right,rule_based
11.0,11.0,97.0,13.0,6.0,2.0,0.0,1.0,0.0,1.0,1.0,1.0,0.0,7ccf20f3-1eeb-4b16-a919-faa4fa490135,102,100,down,rule_based
11.0,11.0,96.0,13.0,6.0,1.0,0.0,1.0,1.0,1.0,2.0,1.0,1.0,7ccf20f3-1eeb-4b16-a919-faa4fa490135,103,100,right,rule_based
11.0,11.0,95.0,13.0,7.0,1.0,1.0,1.0,0.0,1.0,1.0,0.0,1.0,7ccf20f3-1eeb-4b16-a919-faa4fa490135,104,100,right,rule_based
11.0,11.0,94.0,13.0,8.0,1.0,1.0,1.0,0.0,1.0,2.0,-1.0,1.0,7ccf20f3-1eeb-4b16-a919-faa4fa490135,105,100,up,rule_based
11.0,11.0,93.0,13.0,8.0,2.0,1.0,0.0,1.0,1.0,1.0,-1.0,0.0,7ccf20f3-1eeb-4b16-a919-faa4fa490135,106,100,up,rule_based
11.0,11.0,92.0,13.0,8.0,3.0,1.0,0.0,1.0,1.0,1.0,-1.0,0.0,7ccf20f3-1eeb-4b16-a919-faa4fa490135,107,100,left,rule_based
11.0,11.0,100.0,14.0,7.0,3.0,1.0,1.0,0.0,0.0,1.0,0.0,-1.0,7ccf20f3-1eeb-4b16-a919-faa4fa490135,108,100,up,rule_based
11.0,11.0,99.0,14.0,7.0,4.0,1.0,0.0,0.0,1.0,2.0,0.0,-2.0,7ccf20f3-1eeb-4b16-a919-faa4fa490135,109,100,right,rule_based
11.0,11.0,98.0,14.0,8.0,4.0,1.0,0.0,0.0,1.0,3.0,1.0,2.0,7ccf20f3-1eeb-4b16-a919-faa4fa490135,110,100,up,rule_based
11.0,11.0,97.0,14.0,8.0,5.0,1.0,0.0,1.0,1.0,2.0,1.0,1.0,7ccf20f3-1eeb-4b16-a919-faa4fa490135,111,100,right,rule_based
11.0,11.0,96.0,14.0,9.0,5.0,1.0,1.0,0.0,1.0,1.0,0.0,1.0,7ccf20f3-1eeb-4b16-a919-faa4fa490135,112,100,right,rule_based
11.0,11.0,95.0,14.0,10.0,5.0,1.0,1.0,0.0,0.0,2.0,-1.0,1.0,7ccf20f3-1eeb-4b16-a919-faa4fa490135,113,100,down,rule_based
11.0,11.0,94.0,14.0,10.0,4.0,0.0,1.0,1.0,0.0,3.0,-1.0,2.0,7ccf20f3-1eeb-4b16-a919-faa4fa490135,114,100,down,rule_based
11.0,11.0,93.0,14.0,10.0,3.0,0.0,1.0,1.0,0.0,4.0,-1.0,3.0,7ccf20f3-1eeb-4b16-a919-faa4fa490135,115,100,left,rule_based
11.0,11.0,92.0,14.0,9.0,3.0,1.0,1.0,0.0,0.0,3.0,0.0,3.0,7ccf20f3-1eeb-4b16-a919-faa4fa490135,116,100,up,rule_based
11.0,11.0,100.0,3.0,5.0,1.0,1.0,1.0,1.0,1.0,2.0,1.0,-1.0,75e5acaf-00fc-433d-ab38-11afd91cd399,0,101,down,rule_based
11.0,11.0,99.0,3.0,5.0,0.0,0.0,0.0,1.0,1.0,1.0,1.0,0.0,75e5acaf-00fc-433d-ab38-11afd91cd399,1,101,right,rule_based
11.0,11.0,100.0,4.0,6.0,0.0,1.0,0.0,0.0,1.0,5.0,0.0,5.0,75e5acaf-00fc-433d-ab38-11afd91cd399,2,101,right,rule_based
11.0,11.0,99.0,4.0,7.0,0.0,1.0,0.0,0.0,1.0,6.0,-1.0,5.0,75e5acaf-00fc-433d-ab38-11afd91cd399,3,101,up,rule_based
11.0,11.0,98.0,4.0,7.0,1.0,1.0,0.0,1.0,1.0,5.0,-1.0,4.0,75e5acaf-00fc-433d-ab38-11afd91cd399,4,101,right,rule_based
11.0,11.0,97.0,4.0,8.0,1.0,1.0,1.0,0.0,1.0,6.0,-2.0,4.0,75e5acaf-00fc-433d-ab38-11afd91cd399,5,101,right,rule_based
11.0,11.0,96.0,4.0,9.0,1.0,1.0,1.0,0.0,1.0,7.0,-3.0,4.0,75e5acaf-00fc-433d-ab38-11afd91cd399,6,101,up,rule_based
11.0,11.0,95.0,4.0,9.0,2.0,1.0,0.0,1.0,1.0,6.0,-3.0,3.0,75e5acaf-00fc-433d-ab38-11afd91cd399,7,101,right,rule_based
11.0,11.0,94.0,4.0,10.0,2.0,1.0,1.0,0.0,0.0,7.0,-4.0,3.0,75e5acaf-00fc-433d-ab38-11afd91cd399,8,101,up,rule_based
11.0,11.0,93.0,4.0,10.0,3.0,1.0,0.0,1.0,0.0,6.0,-4.0,2.0,75e5acaf-00fc-433d-ab38-11afd91cd399,9,101,left,rule_based
11.0,11.0,92.0,4.0,9.0,3.0,1.0,0.0,1.0,0.0,5.0,-3.0,2.0,75e5acaf-00fc-433d-ab38-11afd91cd399,10,101,left,rule_based
11.0,11.0,91.0,4.0,8.0,3.0,1.0,1.0,1.0,0.0,4.0,-2.0,2.0,75e5acaf-00fc-433d-ab38-11afd91cd399,11,101,left,rule_based
11.0,11.0,90.0,4.0,7.0,3.0,1.0,1.0,1.0,0.0,3.0,-1.0,2.0,75e5acaf-00fc-433d-ab38-11afd91cd399,12,101,up,rule_based
11.0,11.0,89.0,4.0,7.0,4.0,1.0,0.0,1.0,1.0,2.0,-1.0,1.0,75e5acaf-00fc-433d-ab38-11afd91cd399,13,101,left,rule_based
11.0,11.0,88.0,4.0,6.0,4.0,1.0,1.0,1.0,0.0,1.0,0.0,1.0,75e5acaf-00fc-433d-ab38-11afd91cd399,14,101,down,rule_based
11.0,11.0,87.0,4.0,6.0,3.0,0.0,1.0,1.0,0.0,2.0,0.0,2.0,75e5acaf-00fc-433d-ab38-11afd91cd399,15,101,down,rule_based
11.0,11.0,86.0,4.0,6.0,2.0,0.0,1.0,1.0,1.0,3.0,0.0,3.0,75e5acaf-00fc-433d-ab38-11afd91cd399,16,101,left,rule_based
11.0,11.0,85.0,4.0,5.0,2.0,1.0,1.0,1.0,0.0,3.0,0.0,3.0,75e5acaf-00fc-433d-ab38-11afd91cd399,17,101,up,rule_based
11.0,11.0,84.0,4.0,5.0,3.0,1.0,0.0,1.0,0.0,2.0,0.0,2.0,75e5acaf-00fc-433d-ab38-11afd91cd399,18,101,up,rule_based
11.0,11.0,83.0,4.0,5.0,4.0,1.0,0.0,1.0,1.0,1.0,0.0,1.0,75e5acaf-00fc-433d-ab38-11afd91cd399,19,101,up,rule_based
11.0,11.0,100.0,5.0,5.0,5.0,1.0,0.0,1.0,1.0,1.0,1.0,0.0,75e5acaf-00fc-433d-ab38-11afd91cd399,20,101,left,rule_based
11.0,11.0,99.0,5.0,4.0,5.0,1.0,1.0,1.0,0.0,2.0,2.0,0.0,75e5acaf-00fc-433d-ab38-11afd91cd399,21,101,left,rule_based
11.0,11.0,98.0,5.0,3.0,5.0,1.0,1.0,1.0,0.0,1.0,0.0,1.0,75e5acaf-00fc-433d-ab38-11afd91cd399,22,101,down,rule_based
11.0,11.0,97.0,5.0,3.0,4.0,0.0,1.0,1.0,1.0,2.0,-1.0,-1.0,75e5acaf-00fc-433d-ab38-11afd91cd399,23,101,down,rule_based
11.0,11.0,96.0,5.0,3.0,3.0,0.0,1.0,1.0,1.0,1.0,-1.0,0.0,75e5acaf-00fc-433d-ab38-11afd91cd399,24,101,left,rule_based
11.0,11.0,100.0,6.0,2.0,3.0,1.0,1.0,1.0,0.0,3.0,2.0,-1.0,75e5acaf-00fc-433d-ab38-11afd91cd399,25,101,down,rule_based
11.0,11.0,99.0,6.0,2.0,2.0,0.0,1.0,1.0,1.0,2.0,2.0,0.0,75e5acaf-00fc-433d-ab38-11afd91cd399,26,101,down,rule_based
11.0,11.0,98.0,6.0,2.0,1.0,0.0,1.0,1.0,1.0,3.0,2.0,-1.0,75e5acaf-00fc-433d-ab38-11afd91cd399,27,101,right,rule_based
11.0,11.0,97.0,6.0,3.0,1.0,1.0,1.0,0.0,1.0,2.0,1.0,-1.0,75e5acaf-00fc-433d-ab38-11afd91cd399,28,101,down,rule_based
11.0,11.0,96.0,6.0,3.0,0.0,0.0,0.0,1.0,1.0,1.0,1.0,0.0,75e5acaf-00fc-433d-ab38-11afd91cd399,29,101,right,rule_based
11.0,11.0,100.0,7.0,4.0,0.0,1.0,0.0,0.0,1.0,2.0,0.0,2.0,75e5acaf-00fc-433d-ab38-11afd91cd399,30,101,up,rule_based
11.0,11.0,99.0,7.0,4.0,1.0,1.0,0.0,0.0,1.0,1.0,0.0,1.0,75e5acaf-00fc-433d-ab38-11afd91cd399,31,101,up,rule_based
11.0,11.0,100.0,8.0,4.0,2.0,1.0,0.0,1.0,1.0,4.0,3.0,-1.0,75e5acaf-00fc-433d-ab38-11afd91cd399,32,101,left,rule_based
11.0,11.0,99.0,8.0,3.0,2.0,1.0,0.0,0.0,0.0,4.0,0.0,4.0,75e5acaf-00fc-433d-ab38-11afd91cd399,33,101,up,rule_based
11.0,11.0,98.0,8.0,3.0,3.0,1.0,0.0,1.0,1.0,3.0,0.0,3.0,75e5acaf-00fc-433d-ab38-11afd91cd399,34,101,left,rule_based
11.0,11.0,97.0,8.0,2.0,3.0,1.0,1.0,1.0,0.0,4.0,1.0,3.0,75e5acaf-00fc-433d-ab38-11afd91cd399,35,101,up,rule_based
11.0,11.0,96.0,8.0,2.0,4.0,1.0,0.0,1.0,1.0,3.0,1.0,2.0,75e5acaf-00fc-433d-ab38-11afd91cd399,36,101,up,rule_based
11.0,11.0,95.0,8.0,2.0,5.0,1.0,0.0,1.0,1.0,2.0,1.0,1.0,75e5acaf-00fc-433d-ab38-11afd91cd399,37,101,right,rule_based
11.0,11.0,94.0,8.0,3.0,5.0,1.0,1.0,0.0,1.0,1.0,0.0,1.0,75e5acaf-00fc-433d-ab38-11afd91cd399,38,101,right,rule_based
11.0,11.0,93.0,8.0,4.0,5.0,1.0,1.0,0.0,1.0,2.0,2.0,0.0,75e5acaf-00fc-433d-ab38-11afd91cd399,39,101,right,rule_based
11.0,11.0,92.0,8.0,5.0,5.0,1.0,1.0,0.0,1.0,1.0,1.0,0.0,75e5acaf-00fc-433d-ab38-11afd91cd399,40,101,down,rule_based
11.0,11.0,91.0,8.0,5.0,4.0,0.0,1.0,1.0,1.0,2.0,1.0,1.0,75e5acaf-00fc-433d-ab38-11afd91cd399,41,101,right,rule_based
11.0,11.0,90.0,8.0,6.0,4.0,1.0,1.0,0.0,1.0,1.0,0.0,1.0,75e5acaf-00fc-433d-ab38-11afd91cd399,42,101,down,rule_based
11.0,11.0,89.0,8.0,6.0,3.0,0.0,1.0,1.0,1.0,2.0,0.0,2.0,75e5acaf-00fc-433d-ab38-11afd91cd399,43,101,left,rule_based
11.0,11.0,88.0,8.0,5.0,3.0,0.0,1.0,1.0,0.0,3.0,1.0,2.0,75e5acaf-00fc-433d-ab38-11afd91cd399,44,101,left,rule_based
11.0,11.0,87.0,8.0,4.0,3.0,1.0,1.0,1.0,0.0,4.0,2.0,2.0,75e5acaf-00fc-433d-ab38-11afd91cd399,45,101,up,rule_based
11.0,11.0,86.0,8.0,4.0,4.0,0.0,0.0,1.0,0.0,3.0,2.0,1.0,75e5acaf-00fc-433d-ab38-11afd91cd399,46,101,left,rule_based
11.0,11.0,85.0,8.0,3.0,4.0,1.0,1.0,1.0,0.0,2.0,0.0,2.0,75e5acaf-00fc-433d-ab38-11afd91cd399,47,101,up,rule_based
11.0,11.0,84.0,8.0,3.0,5.0,1.0,0.0,1.0,1.0,1.0,0.0,1.0,75e5acaf-00fc-433d-ab38-11afd91cd399,48,101,left,rule_based
11.0,11.0,83.0,8.0,2.0,5.0,1.0,1.0,1.0,0.0,2.0,1.0,1.0,75e5acaf-00fc-433d-ab38-11afd91cd399,49,101,left,rule_based
11.0,11.0,82.0,8.0,1.0,5.0,1.0,1.0,1.0,0.0,3.0,2.0,1.0,75e5acaf-00fc-433d-ab38-11afd91cd399,50,101,left,rule_based
11.0,11.0,81.0,8.0,0.0,5.0,1.0,1.0,0.0,0.0,4.0,3.0,1.0,75e5acaf-00fc-433d-ab38-11afd91cd399,51,101,down,rule_based
11.0,11.0,80.0,8.0,0.0,4.0,0.0,1.0,0.0,1.0,5.0,3.0,2.0,75e5acaf-00fc-433d-ab38-11afd91cd399,52,101,down,rule_based
11.0,11.0,79.0,8.0,0.0,3.0,0.0,1.0,0.0,1.0,6.0,3.0,3.0,75e5acaf-00fc-433d-ab38-11afd91cd399,53,101,right,rule_based
11.0,11.0,78.0,8.0,1.0,3.0,1.0,1.0,0.0,1.0,5.0,2.0,3.0,75e5acaf-00fc-433d-ab38-11afd91cd399,54,101,up,rule_based
11.0,11.0,77.0,8.0,1.0,4.0,0.0,0.0,0.0,1.0,4.0,2.0,2.0,75e5acaf-00fc-433d-ab38-11afd91cd399,55,101,right,rule_based
11.0,11.0,76.0,8.0,2.0,4.0,0.0,1.0,0.0,1.0,3.0,1.0,2.0,75e5acaf-00fc-433d-ab38-11afd91cd399,56,101,right,rule_based
11.0,11.0,75.0,8.0,3.0,4.0,1.0,1.0,0.0,1.0,2.0,0.0,2.0,75e5acaf-00fc-433d-ab38-11afd91cd399,57,101,up,rule_based
11.0,11.0,74.0,8.0,3.0,5.0,1.0,0.0,1.0,1.0,1.0,0.0,1.0,75e5acaf-00fc-433d-ab38-11afd91cd399,58,101,left,rule_based
11.0,11.0,73.0,8.0,2.0,5.0,1.0,0.0,1.0,0.0,2.0,1.0,1.0,75e5acaf-00fc-433d-ab38-11afd91cd399,59,101,left,rule_based
11.0,11.0,72.0,8.0,1.0,5.0,1.0,0.0,1.0,0.0,3.0,2.0,1.0,75e5acaf-00fc-433d-ab38-11afd91cd399,60,101,up,rule_based
11.0,11.0,71.0,8.0,1.0,6.0,1.0,0.0,1.0,1.0,2.0,2.0,0.0,75e5acaf-00fc-433d-ab38-11afd91cd399,61,101,left,rule_based
11.0,11.0,70.0,8.0,0.0,6.0,1.0,1.0,0.0,0.0,3.0,3.0,0.0,75e5acaf-00fc-433d-ab38-11afd91cd399,62,101,up,rule_based
11.0,11.0,69.0,8.0,0.0,7.0,1.0,0.0,0.0,1.0,4.0,1.0,3.0,75e5acaf-00fc-433d-ab38-11afd91cd399,63,101,up,rule_based
11.0,11.0,68.0,8.0,0.0,8.0,1.0,0.0,0.0,1.0,3.0,1.0,2.0,75e5acaf-00fc-433d-ab38-11afd91cd399,64,101,right,rule_based
11.0,11.0,67.0,8.0,1.0,8.0,1.0,1.0,0.0,1.0,2.0,0.0,2.0,75e5acaf-00fc-433d-ab38-11afd91cd399,65,101,up,rule_based
11.0,11.0,66.0,8.0,1.0,9.0,1.0,0.0,1.0,1.0,1.0,0.0,1.0,75e5acaf-00fc-433d-ab38-11afd91cd399,66,101,left,rule_based
11.0,11.0,65.0,8.0,0.0,9.0,1.0,0.0,0.0,0.0,2.0,1.0,1.0,75e5acaf-00fc-433d-ab38-11afd91cd399,67,101,up,rule_based
11.0,11.0,64.0,8.0,0.0,10.0,0.0,0.0,0.0,1.0,1.0,1.0,0.0,75e5acaf-00fc-433d-ab38-11afd91cd399,68,101,right,rule_based
11.0,11.0,100.0,9.0,1.0,10.0,0.0,0.0,0.0,1.0,2.0,1.0,-1.0,75e5acaf-00fc-433d-ab38-11afd91cd399,69,101,right,rule_based
11.0,11.0,99.0,9.0,2.0,10.0,0.0,1.0,0.0,1.0,1.0,0.0,-1.0,75e5acaf-00fc-433d-ab38-11afd91cd399,70,101,right,rule_based
11.0,11.0,98.0,9.0,3.0,10.0,0.0,1.0,0.0,1.0,2.0,-1.0,-1.0,75e5acaf-00fc-433d-ab38-11afd91cd399,71,101,right,rule_based
11.0,11.0,97.0,9.0,4.0,10.0,0.0,1.0,0.0,1.0,2.0,2.0,0.0,75e5acaf-00fc-433d-ab38-11afd91cd399,72,101,down,rule_based
11.0,11.0,96.0,9.0,4.0,9.0,0.0,1.0,1.0,1.0,2.0,-2.0,0.0,75e5acaf-00fc-433d-ab38-11afd91cd399,73,101,left,rule_based
11.0,11.0,95.0,9.0,3.0,9.0,0.0,1.0,1.0,0.0,1.0,-1.0,0.0,75e5acaf-00fc-433d-ab38-11afd91cd399,74,101,left,rule_based
11.0,11.0,100.0,10.0,2.0,9.0,0.0,1.0,1.0,0.0,2.0,1.0,-1.0,75e5acaf-00fc-433d-ab38-11afd91cd399,75,101,down,rule_based
11.0,11.0,99.0,10.0,2.0,8.0,0.0,1.0,1.0,1.0,1.0,1.0,0.0,75e5acaf-00fc-433d-ab38-11afd91cd399,76,101,right,rule_based
11.0,11.0,100.0,11.0,3.0,8.0,0.0,1.0,0.0,1.0,2.0,0.0,-2.0,75e5acaf-00fc-433d-ab38-11afd91cd399,77,101,down,rule_based
11.0,11.0,99.0,11.0,3.0,7.0,0.0,1.0,1.0,1.0,1.0,0.0,-1.0,75e5acaf-00fc-433d-ab38-11afd91cd399,78,101,down,rule_based
11.0,11.0,100.0,12.0,3.0,6.0,0.0,1.0,1.0,1.0,1.0,-1.0,0.0,75e5acaf-00fc-433d-ab38-11afd91cd399,79,101,down,rule_based
11.0,11.0,99.0,12.0,3.0,5.0,0.0,1.0,1.0,1.0,2.0,-1.0,1.0,75e5acaf-00fc-433d-ab38-11afd91cd399,80,101,down,rule_based
11.0,11.0,98.0,12.0,3.0,4.0,0.0,1.0,1.0,1.0,3.0,-1.0,2.0,75e5acaf-00fc-433d-ab38-11afd91cd399,81,101,right,rule_based
11.0,11.0,97.0,12.0,4.0,4.0,1.0,1.0,0.0,1.0,3.0,2.0,1.0,75e5acaf-00fc-433d-ab38-11afd91cd399,82,101,down,rule_based
11.0,11.0,96.0,12.0,4.0,3.0,0.0,1.0,1.0,1.0,2.0,1.0,-1.0,75e5acaf-00fc-433d-ab38-11afd91cd399,83,101,right,rule_based
11.0,11.0,95.0,12.0,5.0,3.0,1.0,1.0,0.0,1.0,1.0,0.0,-1.0,75e5acaf-00fc-433d-ab38-11afd91cd399,84,101,right,rule_based
11.0,11.0,94.0,12.0,6.0,3.0,1.0,1.0,0.0,1.0,2.0,0.0,2.0,75e5acaf-00fc-433d-ab38-11afd91cd399,85,101,down,rule_based
11.0,11.0,93.0,12.0,6.0,2.0,0.0,1.0,1.0,1.0,1.0,-1.0,0.0,75e5acaf-00fc-433d-ab38-11afd91cd399,86,101,down,rule_based
11.0,11.0,92.0,12.0,6.0,1.0,0.0,1.0,1.0,1.0,1.0,1.0,0.0,75e5acaf-00fc-433d-ab38-11afd91cd399,87,101,right,rule_based
11.0,11.0,100.0,13.0,7.0,1.0,1.0,1.0,0.0,1.0,2.0,1.0,-1.0,75e5acaf-00fc-433d-ab38-11afd91cd399,88,101,right,rule_based
11.0,11.0,99.0,13.0,8.0,1.0,1.0,1.0,0.0,1.0,1.0,0.0,-1.0,75e5acaf-00fc-433d-ab38-11afd91cd399,89,101,right,rule_based
11.0,11.0,98.0,13.0,9.0,1.0,1.0,1.0,0.0,1.0,1.0,0.0,-1.0,75e5acaf-00fc-433d-ab38-11afd91cd399,90,101,right,rule_based
11.0,11.0,97.0,13.0,10.0,1.0,1.0,1.0,0.0,0.0,1.0,0.0,1.0,75e5acaf-00fc-433d-ab38-11afd91cd399,91,101,down,rule_based
11.0,11.0,96.0,13.0,10.0,0.0,0.0,0.0,1.0,0.0,1.0,-1.0,0.0,75e5acaf-00fc-433d-ab38-11afd91cd399,92,101,left,rule_based
11.0,11.0,100.0,14.0,9.0,0.0,0.0,0.0,1.0,0.0,1.0,-1.0,0.0,75e5acaf-00fc-433d-ab38-11afd91cd399,93,101,left,rule_based
11.0,11.0,100.0,15.0,8.0,0.0,0.0,0.0,1.0,0.0,4.0,2.0,2.0,75e5acaf-00fc-433d-ab38-11afd91cd399,94,101,left,rule_based
11.0,11.0,99.0,15.0,7.0,0.0,0.0,0.0,1.0,0.0,4.0,-2.0,2.0,75e5acaf-00fc-433d-ab38-11afd91cd399,95,101,left,rule_based
11.0,11.0,98.0,15.0,6.0,0.0,0.0,0.0,1.0,0.0,3.0,-1.0,2.0,75e5acaf-00fc-433d-ab38-11afd91cd399,96,101,left,rule_based
11.0,11.0,97.0,15.0,5.0,0.0,1.0,0.0,1.0,0.0,2.0,0.0,2.0,75e5acaf-00fc-433d-ab38-11afd91cd399,97,101,up,rule_based
11.0,11.0,96.0,15.0,5.0,1.0,1.0,0.0,1.0,0.0,1.0,0.0,1.0,75e5acaf-00fc-433d-ab38-11afd91cd399,98,101,up,rule_based
11.0,11.0,100.0,16.0,5.0,2.0,1.0,0.0,1.0,0.0,3.0,-3.0,0.0,75e5acaf-00fc-433d-ab38-11afd91cd399,99,101,left,rule_based
11.0,11.0,99.0,16.0,4.0,2.0,1.0,1.0,1.0,0.0,2.0,-2.0,0.0,75e5acaf-00fc-433d-ab38-11afd91cd399,100,101,down,rule_based
11.0,11.0,98.0,16.0,4.0,1.0,0.0,1.0,1.0,0.0,3.0,-2.0,1.0,75e5acaf-00fc-433d-ab38-11afd91cd399,101,101,left,rule_based
11.0,11.0,97.0,16.0,3.0,1.0,1.0,1.0,1.0,0.0,2.0,-1.0,1.0,75e5acaf-00fc-433d-ab38-11afd91cd399,102,101,up,rule_based
11.0,11.0,96.0,16.0,3.0,2.0,1.0,0.0,1.0,0.0,1.0,-1.0,0.0,75e5acaf-00fc-433d-ab38-11afd91cd399,103,101,up,rule_based
11.0,11.0,95.0,16.0,3.0,3.0,1.0,0.0,1.0,1.0,2.0,-1.0,-1.0,75e5acaf-00fc-433d-ab38-11afd91cd399,104,101,right,rule_based
11.0,11.0,94.0,16.0,4.0,3.0,1.0,0.0,0.0,1.0,3.0,-2.0,-1.0,75e5acaf-00fc-433d-ab38-11afd91cd399,105,101,right,rule_based
11.0,11.0,93.0,16.0,5.0,3.0,1.0,0.0,0.0,1.0,3.0,1.0,2.0,75e5acaf-00fc-433d-ab38-11afd91cd399,106,101,right,rule_based
11.0,11.0,92.0,16.0,6.0,3.0,1.0,1.0,0.0,1.0,2.0,0.0,2.0,75e5acaf-00fc-433d-ab38-11afd91cd399,107,101,up,rule_based
11.0,11.0,91.0,16.0,6.0,4.0,1.0,0.0,1.0,1.0,1.0,0.0,1.0,75e5acaf-00fc-433d-ab38-11afd91cd399,108,101,up,rule_based
11.0,11.0,100.0,17.0,6.0,5.0,1.0,0.0,1.0,1.0,3.0,0.0,3.0,75e5acaf-00fc-433d-ab38-11afd91cd399,109,101,left,rule_based
11.0,11.0,99.0,17.0,5.0,5.0,1.0,1.0,1.0,0.0,4.0,-3.0,1.0,75e5acaf-00fc-433d-ab38-11afd91cd399,110,101,left,rule_based
11.0,11.0,98.0,17.0,4.0,5.0,1.0,1.0,1.0,0.0,3.0,-2.0,1.0,75e5acaf-00fc-433d-ab38-11afd91cd399,111,101,down,rule_based
11.0,11.0,97.0,17.0,4.0,4.0,0.0,0.0,1.0,1.0,4.0,-2.0,2.0,75e5acaf-00fc-433d-ab38-11afd91cd399,112,101,left,rule_based
11.0,11.0,96.0,17.0,3.0,4.0,1.0,0.0,1.0,0.0,3.0,-1.0,2.0,75e5acaf-00fc-433d-ab38-11afd91cd399,113,101,left,rule_based
11.0,11.0,95.0,17.0,2.0,4.0,1.0,1.0,1.0,0.0,2.0,0.0,2.0,75e5acaf-00fc-433d-ab38-11afd91cd399,114,101,up,rule_based
11.0,11.0,94.0,17.0,2.0,5.0,1.0,0.0,1.0,1.0,1.0,0.0,1.0,75e5acaf-00fc-433d-ab38-11afd91cd399,115,101,left,rule_based
11.0,11.0,93.0,17.0,1.0,5.0,1.0,1.0,1.0,0.0,2.0,1.0,1.0,75e5acaf-00fc-433d-ab38-11afd91cd399,116,101,down,rule_based
11.0,11.0,92.0,17.0,1.0,4.0,0.0,1.0,1.0,0.0,3.0,1.0,2.0,75e5acaf-00fc-433d-ab38-11afd91cd399,117,101,down,rule_based
11.0,11.0,91.0,17.0,1.0,3.0,0.0,1.0,1.0,1.0,2.0,1.0,-1.0,75e5acaf-00fc-433d-ab38-11afd91cd399,118,101,left,rule_based
11.0,11.0,90.0,17.0,0.0,3.0,1.0,1.0,0.0,0.0,3.0,2.0,-1.0,75e5acaf-00fc-433d-ab38-11afd91cd399,119,101,up,rule_based
11.0,11.0,89.0,17.0,0.0,4.0,1.0,0.0,0.0,0.0,4.0,2.0,2.0,75e5acaf-00fc-433d-ab38-11afd91cd399,120,101,up,rule_based
11.0,11.0,88.0,17.0,0.0,5.0,1.0,0.0,0.0,0.0,3.0,2.0,1.0,75e5acaf-00fc-433d-ab38-11afd91cd399,121,101,up,rule_based
11.0,11.0,87.0,17.0,0.0,6.0,1.0,0.0,0.0,1.0,2.0,2.0,0.0,75e5acaf-00fc-433d-ab38-11afd91cd399,122,101,up,rule_based
11.0,11.0,86.0,17.0,0.0,7.0,1.0,0.0,0.0,1.0,3.0,2.0,-1.0,75e5acaf-00fc-433d-ab38-11afd91cd399,123,101,right,rule_based
11.0,11.0,85.0,17.0,1.0,7.0,1.0,1.0,0.0,1.0,2.0,1.0,-1.0,75e5acaf-00fc-433d-ab38-11afd91cd399,124,101,right,rule_based
11.0,11.0,84.0,17.0,2.0,7.0,1.0,1.0,0.0,1.0,1.0,0.0,-1.0,75e5acaf-00fc-433d-ab38-11afd91cd399,125,101,up,rule_based
11.0,11.0,83.0,17.0,2.0,8.0,1.0,0.0,1.0,1.0,2.0,0.0,-2.0,75e5acaf-00fc-433d-ab38-11afd91cd399,126,101,up,rule_based
11.0,11.0,82.0,17.0,2.0,9.0,1.0,0.0,1.0,1.0,3.0,0.0,-3.0,75e5acaf-00fc-433d-ab38-11afd91cd399,127,101,up,rule_based
11.0,11.0,81.0,17.0,2.0,10.0,0.0,0.0,1.0,1.0,4.0,4.0,0.0,75e5acaf-00fc-433d-ab38-11afd91cd399,128,101,right,rule_based
11.0,11.0,80.0,17.0,3.0,10.0,0.0,1.0,0.0,1.0,3.0,3.0,0.0,75e5acaf-00fc-433d-ab38-11afd91cd399,129,101,right,rule_based
11.0,11.0,79.0,17.0,4.0,10.0,0.0,1.0,0.0,1.0,2.0,2.0,0.0,75e5acaf-00fc-433d-ab38-11afd91cd399,130,101,down,rule_based
11.0,11.0,78.0,17.0,4.0,9.0,0.0,1.0,1.0,1.0,3.0,2.0,1.0,75e5acaf-00fc-433d-ab38-11afd91cd399,131,101,left,rule_based
11.0,11.0,77.0,17.0,3.0,9.0,0.0,1.0,0.0,0.0,4.0,3.0,1.0,75e5acaf-00fc-433d-ab38-11afd91cd399,132,101,down,rule_based
11.0,11.0,76.0,17.0,3.0,8.0,0.0,1.0,0.0,1.0,3.0,-1.0,-2.0,75e5acaf-00fc-433d-ab38-11afd91cd399,133,101,right,rule_based
11.0,11.0,75.0,17.0,4.0,8.0,0.0,1.0,0.0,1.0,2.0,2.0,0.0,75e5acaf-00fc-433d-ab38-11afd91cd399,134,101,right,rule_based
11.0,11.0,74.0,17.0,5.0,8.0,1.0,1.0,0.0,1.0,1.0,1.0,0.0,75e5acaf-00fc-433d-ab38-11afd91cd399,135,101,right,rule_based
11.0,11.0,100.0,18.0,6.0,8.0,1.0,1.0,0.0,1.0,1.0,1.0,0.0,75e5acaf-00fc-433d-ab38-11afd91cd399,136,101,up,rule_based
11.0,11.0,99.0,18.0,6.0,9.0,1.0,0.0,1.0,1.0,1.0,0.0,1.0,75e5acaf-00fc-433d-ab38-11afd91cd399,137,101,right,rule_based
11.0,11.0,98.0,18.0,7.0,9.0,1.0,1.0,0.0,1.0,1.0,1.0,0.0,75e5acaf-00fc-433d-ab38-11afd91cd399,138,101,right,rule_based
11.0,11.0,100.0,19.0,8.0,9.0,1.0,1.0,0.0,1.0,2.0,1.0,1.0,75e5acaf-00fc-433d-ab38-11afd91cd399,139,101,right,rule_based
11.0,11.0,99.0,19.0,9.0,9.0,1.0,1.0,0.0,1.0,1.0,0.0,1.0,75e5acaf-00fc-433d-ab38-11afd91cd399,140,101,down,rule_based
11.0,11.0,98.0,19.0,9.0,8.0,0.0,1.0,1.0,1.0,2.0,0.0,2.0,75e5acaf-00fc-433d-ab38-11afd91cd399,141,101,left,rule_based
11.0,11.0,97.0,19.0,8.0,8.0,0.0,1.0,1.0,0.0,1.0,-1.0,0.0,75e5acaf-00fc-433d-ab38-11afd91cd399,142,101,down,rule_based
11.0,11.0,96.0,19.0,8.0,7.0,0.0,1.0,1.0,1.0,2.0,-1.0,1.0,75e5acaf-00fc-433d-ab38-11afd91cd399,143,101,down,rule_based
11.0,11.0,95.0,19.0,8.0,6.0,0.0,1.0,1.0,1.0,3.0,-1.0,2.0,75e5acaf-00fc-433d-ab38-11afd91cd399,144,101,left,rule_based
11.0,11.0,94.0,19.0,7.0,6.0,1.0,1.0,1.0,0.0,2.0,0.0,2.0,75e5acaf-00fc-433d-ab38-11afd91cd399,145,101,down,rule_based
11.0,11.0,93.0,19.0,7.0,5.0,0.0,1.0,1.0,1.0,3.0,0.0,3.0,75e5acaf-00fc-433d-ab38-11afd91cd399,146,101,right,rule_based
11.0,11.0,92.0,19.0,8.0,5.0,0.0,1.0,0.0,1.0,4.0,-1.0,3.0,75e5acaf-00fc-433d-ab38-11afd91cd399,147,101,right,rule_based
11.0,11.0,91.0,19.0,9.0,5.0,1.0,1.0,0.0,1.0,4.0,1.0,-3.0,75e5acaf-00fc-433d-ab38-11afd91cd399,148,101,down,rule_based
11.0,11.0,90.0,19.0,9.0,4.0,0.0,1.0,1.0,1.0,3.0,1.0,-2.0,75e5acaf-00fc-433d-ab38-11afd91cd399,149,101,left,rule_based
11.0,11.0,89.0,19.0,8.0,4.0,0.0,1.0,1.0,0.0,3.0,-1.0,-2.0,75e5acaf-00fc-433d-ab38-11afd91cd399,150,101,down,rule_based
11.0,11.0,88.0,19.0,8.0,3.0,0.0,1.0,1.0,1.0,2.0,-1.0,-1.0,75e5acaf-00fc-433d-ab38-11afd91cd399,151,101,right,rule_based
11.0,11.0,87.0,19.0,9.0,3.0,0.0,1.0,0.0,1.0,2.0,1.0,-1.0,75e5acaf-00fc-433d-ab38-11afd91cd399,152,101,down,rule_based
11.0,11.0,86.0,19.0,9.0,2.0,0.0,1.0,1.0,1.0,1.0,1.0,0.0,75e5acaf-00fc-433d-ab38-11afd91cd399,153,101,right,rule_based
11.0,11.0,100.0,20.0,10.0,2.0,1.0,1.0,0.0,0.0,3.0,-3.0,0.0,75e5acaf-00fc-433d-ab38-11afd91cd399,154,101,up,rule_based
11.0,11.0,99.0,20.0,10.0,3.0,1.0,0.0,0.0,0.0,4.0,-3.0,-1.0,75e5acaf-00fc-433d-ab38-11afd91cd399,155,101,up,rule_based
11.0,11.0,98.0,20.0,10.0,4.0,1.0,0.0,0.0,0.0,5.0,0.0,5.0,75e5acaf-00fc-433d-ab38-11afd91cd399,156,101,up,rule_based
11.0,11.0,97.0,20.0,10.0,5.0,1.0,0.0,0.0,0.0,4.0,0.0,4.0,75e5acaf-00fc-433d-ab38-11afd91cd399,157,101,up,rule_based
11.0,11.0,96.0,20.0,10.0,6.0,1.0,0.0,1.0,0.0,3.0,0.0,3.0,75e5acaf-00fc-433d-ab38-11afd91cd399,158,101,up,rule_based
11.0,11.0,95.0,20.0,10.0,7.0,1.0,0.0,1.0,0.0,2.0,0.0,2.0,75e5acaf-00fc-433d-ab38-11afd91cd399,159,101,left,rule_based
11.0,11.0,94.0,20.0,9.0,7.0,0.0,1.0,0.0,0.0,3.0,0.0,3.0,75e5acaf-00fc-433d-ab38-11afd91cd399,160,101,down,rule_based
11.0,11.0,100.0,3.0,1.0,9.0,1.0,1.0,1.0,1.0,2.0,1.0,1.0,84b47500-4976-4103-9a1e-403ef22cec30,0,102,down,rule_based
11.0,11.0,99.0,3.0,1.0,8.0,0.0,1.0,1.0,1.0,3.0,1.0,2.0,84b47500-4976-4103-9a1e-403ef22cec30,1,102,right,rule_based
11.0,11.0,98.0,3.0,2.0,8.0,1.0,1.0,0.0,1.0,2.0,0.0,2.0,84b47500-4976-4103-9a1e-403ef22cec30,2,102,right,rule_based
11.0,11.0,97.0,3.0,3.0,8.0,1.0,1.0,0.0,1.0,3.0,-1.0,2.0,84b47500-4976-4103-9a1e-403ef22cec30,3,102,down,rule_based
11.0,11.0,96.0,3.0,3.0,7.0,0.0,1.0,1.0,1.0,4.0,-1.0,3.0,84b47500-4976-4103-9a1e-403ef22cec30,4,102,down,rule_based
11.0,11.0,95.0,3.0,3.0,6.0,0.0,1.0,1.0,1.0,3.0,2.0,-1.0,84b47500-4976-4103-9a1e-403ef22cec30,5,102,right,rule_based
11.0,11.0,94.0,3.0,4.0,6.0,1.0,1.0,0.0,1.0,2.0,1.0,-1.0,84b47500-4976-4103-9a1e-403ef22cec30,6,102,right,rule_based
11.0,11.0,93.0,3.0,5.0,6.0,1.0,1.0,0.0,1.0,1.0,0.0,-1.0,84b47500-4976-4103-9a1e-403ef22cec30,7,102,right,rule_based
11.0,11.0,92.0,3.0,6.0,6.0,1.0,1.0,0.0,1.0,2.0,-1.0,-1.0,84b47500-4976-4103-9a1e-403ef22cec30,8,102,right,rule_based
11.0,11.0,91.0,3.0,7.0,6.0,1.0,1.0,0.0,1.0,3.0,-2.0,-1.0,84b47500-4976-4103-9a1e-403ef22cec30,9,102,up,rule_based
11.0,11.0,90.0,3.0,7.0,7.0,1.0,0.0,1.0,1.0,4.0,-2.0,-2.0,84b47500-4976-4103-9a1e-403ef22cec30,10,102,left,rule_based
11.0,11.0,89.0,3.0,6.0,7.0,1.0,1.0,1.0,0.0,3.0,-1.0,-2.0,84b47500-4976-4103-9a1e-403ef22cec30,11,102,down,rule_based
11.0,11.0,88.0,3.0,6.0,6.0,0.0,1.0,1.0,1.0,2.0,-1.0,-1.0,84b47500-4976-4103-9a1e-403ef22cec30,12,102,right,rule_based
11.0,11.0,87.0,3.0,7.0,6.0,1.0,1.0,0.0,1.0,3.0,-2.0,-1.0,84b47500-4976-4103-9a1e-403ef22cec30,13,102,down,rule_based
11.0,11.0,86.0,3.0,7.0,5.0,0.0,1.0,1.0,1.0,2.0,-2.0,0.0,84b47500-4976-4103-9a1e-403ef22cec30,14,102,right,rule_based
11.0,11.0,85.0,3.0,8.0,5.0,1.0,1.0,0.0,1.0,3.0,-3.0,0.0,84b47500-4976-4103-9a1e-403ef22cec30,15,102,right,rule_based
11.0,11.0,84.0,3.0,9.0,5.0,1.0,1.0,0.0,1.0,2.0,0.0,-2.0,84b47500-4976-4103-9a1e-403ef22cec30,16,102,up,rule_based
11.0,11.0,83.0,3.0,9.0,6.0,1.0,0.0,1.0,1.0,3.0,0.0,-3.0,84b47500-4976-4103-9a1e-403ef22cec30,17,102,right,rule_based
11.0,11.0,82.0,3.0,10.0,6.0,1.0,1.0,0.0,0.0,4.0,-1.0,-3.0,84b47500-4976-4103-9a1e-403ef22cec30,18,102,up,rule_based
11.0,11.0,81.0,3.0,10.0,7.0,1.0,0.0,1.0,0.0,5.0,-1.0,-4.0,84b47500-4976-4103-9a1e-403ef22cec30,19,102,left,rule_based
11.0,11.0,80.0,3.0,9.0,7.0,1.0,1.0,1.0,0.0,4.0,0.0,-4.0,84b47500-4976-4103-9a1e-403ef22cec30,20,102,down,rule_based
11.0,11.0,79.0,3.0,9.0,6.0,0.0,1.0,1.0,1.0,3.0,0.0,-3.0,84b47500-4976-4103-9a1e-403ef22cec30,21,102,down,rule_based
11.0,11.0,78.0,3.0,9.0,5.0,0.0,1.0,1.0,1.0,2.0,0.0,-2.0,84b47500-4976-4103-9a1e-403ef22cec30,22,102,right,rule_based
11.0,11.0,77.0,3.0,10.0,5.0,1.0,1.0,0.0,0.0,3.0,-1.0,-2.0,84b47500-4976-4103-9a1e-403ef22cec30,23,102,up,rule_based
11.0,11.0,76.0,3.0,10.0,6.0,1.0,0.0,1.0,0.0,4.0,-1.0,-3.0,84b47500-4976-4103-9a1e-403ef22cec30,24,102,up,rule_based
11.0,11.0,75.0,3.0,10.0,7.0,1.0,0.0,1.0,0.0,4.0,-4.0,0.0,84b47500-4976-4103-9a1e-403ef22cec30,25,102,up,rule_based
11.0,11.0,74.0,3.0,10.0,8.0,1.0,0.0,1.0,0.0,5.0,-4.0,-1.0,84b47500-4976-4103-9a1e-403ef22cec30,26,102,up,rule_based
11.0,11.0,73.0,3.0,10.0,9.0,1.0,0.0,1.0,0.0,6.0,-4.0,-2.0,84b47500-4976-4103-9a1e-403ef22cec30,27,102,left,rule_based
11.0,11.0,72.0,3.0,9.0,9.0,1.0,1.0,1.0,0.0,5.0,-3.0,-2.0,84b47500-4976-4103-9a1e-403ef22cec30,28,102,left,rule_based
11.0,11.0,71.0,3.0,8.0,9.0,1.0,1.0,1.0,0.0,4.0,-2.0,-2.0,84b47500-4976-4103-9a1e-403ef22cec30,29,102,up,rule_based
11.0,11.0,70.0,3.0,8.0,10.0,0.0,0.0,1.0,1.0,5.0,-2.0,-3.0,84b47500-4976-4103-9a1e-403ef22cec30,30,102,left,rule_based
11.0,11.0,69.0,3.0,7.0,10.0,0.0,1.0,1.0,0.0,3.0,1.0,-2.0,84b47500-4976-4103-9a1e-403ef22cec30,31,102,left,rule_based
11.0,11.0,68.0,3.0,6.0,10.0,0.0,1.0,1.0,0.0,3.0,0.0,-3.0,84b47500-4976-4103-9a1e-403ef22cec30,32,102,left,rule_based
11.0,11.0,67.0,3.0,5.0,10.0,0.0,1.0,1.0,0.0,3.0,-3.0,0.0,84b47500-4976-4103-9a1e-403ef22cec30,33,102,left,rule_based
11.0,11.0,66.0,3.0,4.0,10.0,0.0,1.0,1.0,0.0,2.0,-2.0,0.0,84b47500-4976-4103-9a1e-403ef22cec30,34,102,down,rule_based
11.0,11.0,65.0,3.0,4.0,9.0,0.0,1.0,1.0,1.0,1.0,-1.0,0.0,84b47500-4976-4103-9a1e-403ef22cec30,35,102,down,rule_based
11.0,11.0,64.0,3.0,4.0,8.0,0.0,1.0,1.0,1.0,2.0,-1.0,-1.0,84b47500-4976-4103-9a1e-403ef22cec30,36,102,right,rule_based
11.0,11.0,63.0,3.0,5.0,8.0,1.0,1.0,0.0,1.0,2.0,1.0,-1.0,84b47500-4976-4103-9a1e-403ef22cec30,37,102,up,rule_based
11.0,11.0,62.0,3.0,5.0,9.0,1.0,0.0,1.0,1.0,2.0,-2.0,0.0,84b47500-4976-4103-9a1e-403ef22cec30,38,102,left,rule_based
11.0,11.0,61.0,3.0,4.0,9.0,1.0,1.0,1.0,0.0,1.0,-1.0,0.0,84b47500-4976-4103-9a1e-403ef22cec30,39,102,down,rule_based
11.0,11.0,60.0,3.0,4.0,8.0,0.0,1.0,1.0,1.0,2.0,-1.0,-1.0,84b47500-4976-4103-9a1e-403ef22cec30,40,102,right,rule_based
11.0,11.0,59.0,3.0,5.0,8.0,1.0,1.0,0.0,1.0,2.0,1.0,-1.0,84b47500-4976-4103-9a1e-403ef22cec30,41,102,up,rule_based
11.0,11.0,58.0,3.0,5.0,9.0,1.0,0.0,1.0,1.0,2.0,-2.0,0.0,84b47500-4976-4103-9a1e-403ef22cec30,42,102,right,rule_based
11.0,11.0,57.0,3.0,6.0,9.0,1.0,1.0,0.0,1.0,2.0,0.0,-2.0,84b47500-4976-4103-9a1e-403ef22cec30,43,102,down,rule_based
11.0,11.0,56.0,3.0,6.0,8.0,0.0,1.0,1.0,1.0,1.0,0.0,-1.0,84b47500-4976-4103-9a1e-403ef22cec30,44,102,right,rule_based
11.0,11.0,55.0,3.0,7.0,8.0,1.0,1.0,0.0,1.0,1.0,1.0,0.0,84b47500-4976-4103-9a1e-403ef22cec30,45,102,right,rule_based
11.0,11.0,100.0,4.0,8.0,8.0,1.0,1.0,0.0,1.0,3.0,-2.0,-1.0,84b47500-4976-4103-9a1e-403ef22cec30,46,102,down,rule_based
11.0,11.0,99.0,4.0,8.0,7.0,0.0,1.0,1.0,1.0,2.0,-2.0,0.0,84b47500-4976-4103-9a1e-403ef22cec30,47,102,left,rule_based
11.0,11.0,98.0,4.0,7.0,7.0,0.0,1.0,1.0,0.0,1.0,-1.0,0.0,84b47500-4976-4103-9a1e-403ef22cec30,48,102,down,rule_based
11.0,11.0,97.0,4.0,7.0,6.0,0.0,1.0,1.0,1.0,1.0,-1.0,0.0,84b47500-4976-4103-9a1e-403ef22cec30,49,102,down,rule_based
11.0,11.0,96.0,4.0,7.0,5.0,0.0,1.0,1.0,1.0,1.0,0.0,-1.0,84b47500-4976-4103-9a1e-403ef22cec30,50,102,left,rule_based
11.0,11.0,95.0,4.0,6.0,5.0,1.0,1.0,1.0,0.0,1.0,-1.0,0.0,84b47500-4976-4103-9a1e-403ef22cec30,51,102,up,rule_based
11.0,11.0,100.0,5.0,6.0,6.0,1.0,0.0,1.0,0.0,1.0,0.0,1.0,84b47500-4976-4103-9a1e-403ef22cec30,52,102,up,rule_based
11.0,11.0,100.0,6.0,6.0,7.0,1.0,0.0,1.0,1.0,2.0,-1.0,-1.0,84b47500-4976-4103-9a1e-403ef22cec30,53,102,right,rule_based
11.0,11.0,99.0,6.0,7.0,7.0,1.0,0.0,0.0,1.0,3.0,-2.0,-1.0,84b47500-4976-4103-9a1e-403ef22cec30,54,102,up,rule_based
11.0,11.0,98.0,6.0,7.0,8.0,1.0,0.0,1.0,1.0,4.0,-2.0,-2.0,84b47500-4976-4103-9a1e-403ef22cec30,55,102,right,rule_based
11.0,11.0,97.0,6.0,8.0,8.0,1.0,1.0,0.0,1.0,3.0,2.0,1.0,84b47500-4976-4103-9a1e-403ef22cec30,56,102,down,rule_based
11.0,11.0,96.0,6.0,8.0,7.0,0.0,1.0,0.0,1.0,4.0,-3.0,-1.0,84b47500-4976-4103-9a1e-403ef22cec30,57,102,right,rule_based
11.0,11.0,95.0,6.0,9.0,7.0,1.0,1.0,0.0,1.0,3.0,1.0,2.0,84b47500-4976-4103-9a1e-403ef22cec30,58,102,up,rule_based
11.0,11.0,94.0,6.0,9.0,8.0,1.0,0.0,0.0,1.0,2.0,1.0,1.0,84b47500-4976-4103-9a1e-403ef22cec30,59,102,right,rule_based
11.0,11.0,93.0,6.0,10.0,8.0,1.0,1.0,0.0,0.0,1.0,0.0,1.0,84b47500-4976-4103-9a1e-403ef22cec30,60,102,down,rule_based
11.0,11.0,92.0,6.0,10.0,7.0,0.0,1.0,0.0,0.0,2.0,0.0,2.0,84b47500-4976-4103-9a1e-403ef22cec30,61,102,down,rule_based
11.0,11.0,91.0,6.0,10.0,6.0,0.0,1.0,1.0,0.0,2.0,0.0,-2.0,84b47500-4976-4103-9a1e-403ef22cec30,62,102,left,rule_based
11.0,11.0,90.0,6.0,9.0,6.0,0.0,1.0,1.0,0.0,3.0,0.0,-3.0,84b47500-4976-4103-9a1e-403ef22cec30,63,102,left,rule_based
11.0,11.0,89.0,6.0,8.0,6.0,1.0,1.0,1.0,0.0,3.0,-3.0,0.0,84b47500-4976-4103-9a1e-403ef22cec30,64,102,left,rule_based
11.0,11.0,88.0,6.0,7.0,6.0,1.0,1.0,1.0,0.0,2.0,-2.0,0.0,84b47500-4976-4103-9a1e-403ef22cec30,65,102,left,rule_based
11.0,11.0,87.0,6.0,6.0,6.0,1.0,1.0,1.0,0.0,1.0,-1.0,0.0,84b47500-4976-4103-9a1e-403ef22cec30,66,102,left,rule_based
11.0,11.0,100.0,7.0,5.0,6.0,1.0,1.0,1.0,0.0,1.0,0.0,-1.0,84b47500-4976-4103-9a1e-403ef22cec30,67,102,up,rule_based
11.0,11.0,99.0,7.0,5.0,7.0,1.0,0.0,1.0,1.0,2.0,0.0,-2.0,84b47500-4976-4103-9a1e-403ef22cec30,68,102,left,rule_based
11.0,11.0,98.0,7.0,4.0,7.0,1.0,1.0,1.0,0.0,1.0,-1.0,0.0,84b47500-4976-4103-9a1e-403ef22cec30,69,102,up,rule_based
11.0,11.0,97.0,7.0,4.0,8.0,1.0,0.0,1.0,1.0,1.0,0.0,1.0,84b47500-4976-4103-9a1e-403ef22cec30,70,102,right,rule_based
11.0,11.0,96.0,7.0,5.0,8.0,1.0,0.0,0.0,1.0,2.0,-1.0,1.0,84b47500-4976-4103-9a1e-403ef22cec30,71,102,up,rule_based
11.0,11.0,95.0,7.0,5.0,9.0,1.0,0.0,1.0,1.0,1.0,-1.0,0.0,84b47500-4976-4103-9a1e-403ef22cec30,72,102,right,rule_based
11.0,11.0,94.0,7.0,6.0,9.0,1.0,1.0,0.0,1.0,1.0,1.0,0.0,84b47500-4976-4103-9a1e-403ef22cec30,73,102,right,rule_based
11.0,11.0,100.0,8.0,7.0,9.0,1.0,1.0,0.0,1.0,3.0,-3.0,0.0,84b47500-4976-4103-9a1e-403ef22cec30,74,102,right,rule_based
11.0,11.0,99.0,8.0,8.0,9.0,1.0,1.0,0.0,1.0,2.0,2.0,0.0,84b47500-4976-4103-9a1e-403ef22cec30,75,102,right,rule_based
11.0,11.0,98.0,8.0,9.0,9.0,1.0,1.0,0.0,1.0,1.0,1.0,0.0,84b47500-4976-4103-9a1e-403ef22cec30,76,102,up,rule_based
11.0,11.0,97.0,8.0,9.0,10.0,0.0,0.0,1.0,1.0,2.0,1.0,-1.0,84b47500-4976-4103-9a1e-403ef22cec30,77,102,right,rule_based
11.0,11.0,96.0,8.0,10.0,10.0,0.0,1.0,0.0,0.0,1.0,0.0,-1.0,84b47500-4976-4103-9a1e-403ef22cec30,78,102,down,rule_based
11.0,11.0,100.0,9.0,10.0,9.0,0.0,1.0,0.0,0.0,5.0,0.0,-5.0,84b47500-4976-4103-9a1e-403ef22cec30,79,102,down,rule_based
11.0,11.0,99.0,9.0,10.0,8.0,0.0,1.0,1.0,0.0,4.0,0.0,-4.0,84b47500-4976-4103-9a1e-403ef22cec30,80,102,down,rule_based
11.0,11.0,98.0,9.0,10.0,7.0,0.0,1.0,1.0,0.0,3.0,0.0,-3.0,84b47500-4976-4103-9a1e-403ef22cec30,81,102,left,rule_based
11.0,11.0,97.0,9.0,9.0,7.0,1.0,1.0,1.0,0.0,4.0,0.0,-4.0,84b47500-4976-4103-9a1e-403ef22cec30,82,102,up,rule_based
11.0,11.0,96.0,9.0,9.0,8.0,0.0,0.0,1.0,0.0,5.0,0.0,-5.0,84b47500-4976-4103-9a1e-403ef22cec30,83,102,left,rule_based
11.0,11.0,95.0,9.0,8.0,8.0,1.0,1.0,1.0,0.0,5.0,-1.0,-4.0,84b47500-4976-4103-9a1e-403ef22cec30,84,102,up,rule_based
11.0,11.0,94.0,9.0,8.0,9.0,1.0,0.0,1.0,1.0,4.0,-4.0,0.0,84b47500-4976-4103-9a1e-403ef22cec30,85,102,right,rule_based
11.0,11.0,93.0,9.0,9.0,9.0,1.0,0.0,0.0,0.0,5.0,-5.0,0.0,84b47500-4976-4103-9a1e-403ef22cec30,86,102,up,rule_based
11.0,11.0,92.0,9.0,9.0,10.0,0.0,0.0,1.0,1.0,6.0,-5.0,-1.0,84b47500-4976-4103-9a1e-403ef22cec30,87,102,right,rule_based
11.0,11.0,91.0,9.0,10.0,10.0,0.0,1.0,0.0,0.0,6.0,0.0,-6.0,84b47500-4976-4103-9a1e-403ef22cec30,88,102,down,rule_based
11.0,11.0,90.0,9.0,10.0,9.0,0.0,1.0,0.0,0.0,5.0,0.0,-5.0,84b47500-4976-4103-9a1e-403ef22cec30,89,102,down,rule_based
11.0,11.0,89.0,9.0,10.0,8.0,0.0,1.0,0.0,0.0,4.0,0.0,-4.0,84b47500-4976-4103-9a1e-403ef22cec30,90,102,down,rule_based
11.0,11.0,88.0,9.0,10.0,7.0,0.0,1.0,1.0,0.0,3.0,0.0,-3.0,84b47500-4976-4103-9a1e-403ef22cec30,91,102,left,rule_based
11.0,11.0,87.0,9.0,9.0,7.0,1.0,1.0,1.0,0.0,4.0,0.0,-4.0,84b47500-4976-4103-9a1e-403ef22cec30,92,102,down,rule_based
11.0,11.0,86.0,9.0,9.0,6.0,0.0,1.0,1.0,1.0,3.0,0.0,-3.0,84b47500-4976-4103-9a1e-403ef22cec30,93,102,down,rule_based
11.0,11.0,85.0,9.0,9.0,5.0,0.0,1.0,1.0,1.0,2.0,0.0,-2.0,84b47500-4976-4103-9a1e-403ef22cec30,94,102,right,rule_based
11.0,11.0,84.0,9.0,10.0,5.0,1.0,1.0,0.0,0.0,1.0,0.0,-1.0,84b47500-4976-4103-9a1e-403ef22cec30,95,102,up,rule_based
11.0,11.0,100.0,3.0,9.0,1.0,1.0,1.0,1.0,1.0,2.0,1.0,1.0,32bb019d-c6d4-42d3-ae42-a6e80eb05d9d,0,103,right,rule_based
11.0,11.0,99.0,3.0,10.0,1.0,1.0,1.0,0.0,0.0,1.0,0.0,1.0,32bb019d-c6d4-42d3-ae42-a6e80eb05d9d,1,103,up,rule_based
11.0,11.0,100.0,4.0,10.0,2.0,1.0,0.0,1.0,0.0,8.0,-5.0,3.0,32bb019d-c6d4-42d3-ae42-a6e80eb05d9d,2,103,up,rule_based
11.0,11.0,99.0,4.0,10.0,3.0,1.0,0.0,1.0,0.0,7.0,-5.0,2.0,32bb019d-c6d4-42d3-ae42-a6e80eb05d9d,3,103,up,rule_based
11.0,11.0,98.0,4.0,10.0,4.0,1.0,0.0,1.0,0.0,6.0,-5.0,1.0,32bb019d-c6d4-42d3-ae42-a6e80eb05d9d,4,103,left,rule_based
11.0,11.0,97.0,4.0,9.0,4.0,1.0,1.0,1.0,0.0,5.0,-4.0,1.0,32bb019d-c6d4-42d3-ae42-a6e80eb05d9d,5,103,down,rule_based
11.0,11.0,96.0,4.0,9.0,3.0,0.0,1.0,1.0,0.0,6.0,-4.0,2.0,32bb019d-c6d4-42d3-ae42-a6e80eb05d9d,6,103,left,rule_based
11.0,11.0,95.0,4.0,8.0,3.0,1.0,1.0,1.0,0.0,5.0,-3.0,2.0,32bb019d-c6d4-42d3-ae42-a6e80eb05d9d,7,103,left,rule_based
11.0,11.0,94.0,4.0,7.0,3.0,1.0,1.0,1.0,0.0,4.0,-2.0,2.0,32bb019d-c6d4-42d3-ae42-a6e80eb05d9d,8,103,up,rule_based
11.0,11.0,93.0,4.0,7.0,4.0,1.0,0.0,1.0,1.0,3.0,-2.0,1.0,32bb019d-c6d4-42d3-ae42-a6e80eb05d9d,9,103,left,rule_based
11.0,11.0,92.0,4.0,6.0,4.0,1.0,1.0,1.0,0.0,2.0,-1.0,1.0,32bb019d-c6d4-42d3-ae42-a6e80eb05d9d,10,103,up,rule_based
11.0,11.0,91.0,4.0,6.0,5.0,1.0,0.0,1.0,1.0,1.0,-1.0,0.0,32bb019d-c6d4-42d3-ae42-a6e80eb05d9d,11,103,up,rule_based
11.0,11.0,90.0,4.0,6.0,6.0,1.0,0.0,1.0,1.0,1.0,0.0,1.0,32bb019d-c6d4-42d3-ae42-a6e80eb05d9d,12,103,up,rule_based
11.0,11.0,100.0,5.0,6.0,7.0,1.0,0.0,1.0,1.0,2.0,0.0,2.0,32bb019d-c6d4-42d3-ae42-a6e80eb05d9d,13,103,right,rule_based
11.0,11.0,99.0,5.0,7.0,7.0,1.0,1.0,0.0,1.0,3.0,-1.0,2.0,32bb019d-c6d4-42d3-ae42-a6e80eb05d9d,14,103,up,rule_based
11.0,11.0,98.0,5.0,7.0,8.0,1.0,0.0,1.0,1.0,2.0,-1.0,1.0,32bb019d-c6d4-42d3-ae42-a6e80eb05d9d,15,103,up,rule_based
11.0,11.0,97.0,5.0,7.0,9.0,1.0,0.0,1.0,1.0,1.0,-1.0,0.0,32bb019d-c6d4-42d3-ae42-a6e80eb05d9d,16,103,up,rule_based
11.0,11.0,96.0,5.0,7.0,10.0,0.0,0.0,1.0,1.0,2.0,-1.0,-1.0,32bb019d-c6d4-42d3-ae42-a6e80eb05d9d,17,103,left,rule_based
11.0,11.0,95.0,5.0,6.0,10.0,0.0,1.0,1.0,0.0,1.0,0.0,-1.0,32bb019d-c6d4-42d3-ae42-a6e80eb05d9d,18,103,down,rule_based
11.0,11.0,100.0,6.0,6.0,9.0,0.0,1.0,1.0,0.0,4.0,3.0,-1.0,32bb019d-c6d4-42d3-ae42-a6e80eb05d9d,19,103,left,rule_based
11.0,11.0,99.0,6.0,5.0,9.0,1.0,1.0,1.0,0.0,4.0,0.0,-4.0,32bb019d-c6d4-42d3-ae42-a6e80eb05d9d,20,103,up,rule_based
11.0,11.0,98.0,6.0,5.0,10.0,0.0,0.0,1.0,0.0,5.0,0.0,-5.0,32bb019d-c6d4-42d3-ae42-a6e80eb05d9d,21,103,left,rule_based
11.0,11.0,97.0,6.0,4.0,10.0,0.0,1.0,1.0,0.0,3.0,-1.0,-2.0,32bb019d-c6d4-42d3-ae42-a6e80eb05d9d,22,103,left,rule_based
11.0,11.0,96.0,6.0,3.0,10.0,0.0,1.0,1.0,0.0,2.0,0.0,-2.0,32bb019d-c6d4-42d3-ae42-a6e80eb05d9d,23,103,down,rule_based
11.0,11.0,95.0,6.0,3.0,9.0,0.0,1.0,1.0,1.0,1.0,0.0,-1.0,32bb019d-c6d4-42d3-ae42-a6e80eb05d9d,24,103,right,rule_based
11.0,11.0,94.0,6.0,4.0,9.0,0.0,1.0,0.0,0.0,2.0,-1.0,-1.0,32bb019d-c6d4-42d3-ae42-a6e80eb05d9d,25,103,down,rule_based
11.0,11.0,93.0,6.0,4.0,8.0,0.0,1.0,1.0,1.0,1.0,-1.0,0.0,32bb019d-c6d4-42d3-ae42-a6e80eb05d9d,26,103,down,rule_based
11.0,11.0,92.0,6.0,4.0,7.0,0.0,1.0,1.0,1.0,2.0,-1.0,1.0,32bb019d-c6d4-42d3-ae42-a6e80eb05d9d,27,103,left,rule_based
11.0,11.0,91.0,6.0,3.0,7.0,1.0,1.0,1.0,0.0,1.0,0.0,1.0,32bb019d-c6d4-42d3-ae42-a6e80eb05d9d,28,103,up,rule_based
11.0,11.0,100.0,7.0,3.0,8.0,0.0,0.0,1.0,0.0,3.0,0.0,-3.0,32bb019d-c6d4-42d3-ae42-a6e80eb05d9d,29,103,left,rule_based
11.0,11.0,99.0,7.0,2.0,8.0,1.0,1.0,1.0,0.0,4.0,1.0,-3.0,32bb019d-c6d4-42d3-ae42-a6e80eb05d9d,30,103,left,rule_based
11.0,11.0,98.0,7.0,1.0,8.0,1.0,1.0,1.0,0.0,5.0,2.0,-3.0,32bb019d-c6d4-42d3-ae42-a6e80eb05d9d,31,103,left,rule_based
11.0,11.0,97.0,7.0,0.0,8.0,1.0,1.0,0.0,0.0,6.0,3.0,-3.0,32bb019d-c6d4-42d3-ae42-a6e80eb05d9d,32,103,down,rule_based
11.0,11.0,96.0,7.0,0.0,7.0,0.0,1.0,0.0,1.0,5.0,3.0,-2.0,32bb019d-c6d4-42d3-ae42-a6e80eb05d9d,33,103,right,rule_based
11.0,11.0,95.0,7.0,1.0,7.0,0.0,1.0,0.0,1.0,4.0,2.0,-2.0,32bb019d-c6d4-42d3-ae42-a6e80eb05d9d,34,103,right,rule_based
11.0,11.0,94.0,7.0,2.0,7.0,0.0,1.0,0.0,1.0,3.0,1.0,-2.0,32bb019d-c6d4-42d3-ae42-a6e80eb05d9d,35,103,down,rule_based
11.0,11.0,93.0,7.0,2.0,6.0,0.0,1.0,1.0,1.0,2.0,1.0,-1.0,32bb019d-c6d4-42d3-ae42-a6e80eb05d9d,36,103,right,rule_based
11.0,11.0,92.0,7.0,3.0,6.0,1.0,1.0,0.0,1.0,1.0,0.0,-1.0,32bb019d-c6d4-42d3-ae42-a6e80eb05d9d,37,103,down,rule_based
11.0,11.0,100.0,8.0,3.0,5.0,0.0,1.0,1.0,1.0,2.0,2.0,0.0,32bb019d-c6d4-42d3-ae42-a6e80eb05d9d,38,103,right,rule_based
11.0,11.0,99.0,8.0,4.0,5.0,1.0,1.0,0.0,1.0,1.0,1.0,0.0,32bb019d-c6d4-42d3-ae42-a6e80eb05d9d,39,103,up,rule_based
11.0,11.0,98.0,8.0,4.0,6.0,1.0,0.0,0.0,1.0,2.0,1.0,-1.0,32bb019d-c6d4-42d3-ae42-a6e80eb05d9d,40,103,right,rule_based
11.0,11.0,97.0,8.0,5.0,6.0,1.0,1.0,0.0,1.0,1.0,0.0,-1.0,32bb019d-c6d4-42d3-ae42-a6e80eb05d9d,41,103,up,rule_based
11.0,11.0,96.0,8.0,5.0,7.0,1.0,0.0,1.0,1.0,2.0,0.0,-2.0,32bb019d-c6d4-42d3-ae42-a6e80eb05d9d,42,103,left,rule_based
11.0,11.0,95.0,8.0,4.0,7.0,1.0,0.0,1.0,0.0,3.0,1.0,-2.0,32bb019d-c6d4-42d3-ae42-a6e80eb05d9d,43,103,up,rule_based
11.0,11.0,94.0,8.0,4.0,8.0,1.0,0.0,1.0,1.0,4.0,1.0,-3.0,32bb019d-c6d4-42d3-ae42-a6e80eb05d9d,44,103,up,rule_based
11.0,11.0,93.0,8.0,4.0,9.0,1.0,0.0,1.0,1.0,4.0,4.0,0.0,32bb019d-c6d4-42d3-ae42-a6e80eb05d9d,45,103,left,rule_based
11.0,11.0,92.0,8.0,3.0,9.0,1.0,1.0,1.0,0.0,5.0,5.0,0.0,32bb019d-c6d4-42d3-ae42-a6e80eb05d9d,46,103,left,rule_based
11.0,11.0,91.0,8.0,2.0,9.0,1.0,1.0,1.0,0.0,6.0,6.0,0.0,32bb019d-c6d4-42d3-ae42-a6e80eb05d9d,47,103,down,rule_based
11.0,11.0,90.0,8.0,2.0,8.0,0.0,1.0,1.0,1.0,5.0,-2.0,-3.0,32bb019d-c6d4-42d3-ae42-a6e80eb05d9d,48,103,down,rule_based
11.0,11.0,89.0,8.0,2.0,7.0,0.0,1.0,1.0,1.0,4.0,-2.0,-2.0,32bb019d-c6d4-42d3-ae42-a6e80eb05d9d,49,103,left,rule_based
11.0,11.0,88.0,8.0,1.0,7.0,1.0,1.0,1.0,0.0,3.0,-1.0,-2.0,32bb019d-c6d4-42d3-ae42-a6e80eb05d9d,50,103,down,rule_based
11.0,11.0,87.0,8.0,1.0,6.0,0.0,1.0,1.0,1.0,2.0,-1.0,-1.0,32bb019d-c6d4-42d3-ae42-a6e80eb05d9d,51,103,down,rule_based
11.0,11.0,86.0,8.0,1.0,5.0,0.0,1.0,1.0,1.0,1.0,-1.0,0.0,32bb019d-c6d4-42d3-ae42-a6e80eb05d9d,52,103,right,rule_based
11.0,11.0,85.0,8.0,2.0,5.0,1.0,1.0,0.0,1.0,2.0,-2.0,0.0,32bb019d-c6d4-42d3-ae42-a6e80eb05d9d,53,103,right,rule_based
11.0,11.0,84.0,8.0,3.0,5.0,1.0,1.0,0.0,1.0,1.0,0.0,1.0,32bb019d-c6d4-42d3-ae42-a6e80eb05d9d,54,103,up,rule_based
11.0,11.0,100.0,9.0,3.0,6.0,1.0,0.0,1.0,1.0,3.0,2.0,-1.0,32bb019d-c6d4-42d3-ae42-a6e80eb05d9d,55,103,left,rule_based
11.0,11.0,100.0,3.0,9.0,9.0,1.0,1.0,1.0,1.0,2.0,-1.0,1.0,92de27e3-a532-4c94-81fb-6221f8baeff0,0,104,up,rule_based
11.0,11.0,99.0,3.0,9.0,10.0,0.0,0.0,1.0,1.0,1.0,-1.0,0.0,92de27e3-a532-4c94-81fb-6221f8baeff0,1,104,left,rule_based
11.0,11.0,100.0,4.0,8.0,10.0,0.0,1.0,1.0,0.0,8.0,-3.0,-5.0,92de27e3-a532-4c94-81fb-6221f8baeff0,2,104,down,rule_based
11.0,11.0,99.0,4.0,8.0,9.0,0.0,1.0,1.0,0.0,7.0,-3.0,-4.0,92de27e3-a532-4c94-81fb-6221f8baeff0,3,104,left,rule_based
11.0,11.0,98.0,4.0,7.0,9.0,1.0,1.0,1.0,0.0,6.0,-2.0,-4.0,92de27e3-a532-4c94-81fb-6221f8baeff0,4,104,down,rule_based
11.0,11.0,97.0,4.0,7.0,8.0,0.0,1.0,1.0,1.0,5.0,-2.0,-3.0,92de27e3-a532-4c94-81fb-6221f8baeff0,5,104,down,rule_based
11.0,11.0,96.0,4.0,7.0,7.0,0.0,1.0,1.0,1.0,4.0,-2.0,-2.0,92de27e3-a532-4c94-81fb-6221f8baeff0,6,104,right,rule_based
11.0,11.0,95.0,4.0,8.0,7.0,1.0,1.0,0.0,1.0,5.0,-3.0,-2.0,92de27e3-a532-4c94-81fb-6221f8baeff0,7,104,up,rule_based
11.0,11.0,94.0,4.0,8.0,8.0,1.0,0.0,0.0,1.0,6.0,-3.0,-3.0,92de27e3-a532-4c94-81fb-6221f8baeff0,8,104,up,rule_based
11.0,11.0,93.0,4.0,8.0,9.0,1.0,0.0,1.0,1.0,6.0,-2.0,-4.0,92de27e3-a532-4c94-81fb-6221f8baeff0,9,104,up,rule_based
11.0,11.0,92.0,4.0,8.0,10.0,0.0,0.0,1.0,1.0,4.0,1.0,-3.0,92de27e3-a532-4c94-81fb-6221f8baeff0,10,104,left,rule_based
11.0,11.0,91.0,4.0,7.0,10.0,0.0,1.0,1.0,0.0,5.0,2.0,-3.0,92de27e3-a532-4c94-81fb-6221f8baeff0,11,104,down,rule_based
11.0,11.0,90.0,4.0,7.0,9.0,0.0,1.0,1.0,0.0,4.0,2.0,-2.0,92de27e3-a532-4c94-81fb-6221f8baeff0,12,104,down,rule_based
11.0,11.0,89.0,4.0,7.0,8.0,0.0,1.0,1.0,1.0,3.0,2.0,-1.0,92de27e3-a532-4c94-81fb-6221f8baeff0,13,104,down,rule_based
11.0,11.0,88.0,4.0,7.0,7.0,0.0,1.0,1.0,1.0,2.0,2.0,0.0,92de27e3-a532-4c94-81fb-6221f8baeff0,14,104,right,rule_based
11.0,11.0,87.0,4.0,8.0,7.0,1.0,1.0,0.0,1.0,1.0,1.0,0.0,92de27e3-a532-4c94-81fb-6221f8baeff0,15,104,down,rule_based
11.0,11.0,86.0,4.0,8.0,6.0,0.0,1.0,1.0,1.0,2.0,1.0,1.0,92de27e3-a532-4c94-81fb-6221f8baeff0,16,104,left,rule_based
11.0,11.0,85.0,4.0,7.0,6.0,0.0,1.0,1.0,0.0,2.0,-1.0,-1.0,92de27e3-a532-4c94-81fb-6221f8baeff0,17,104,down,rule_based
11.0,11.0,84.0,4.0,7.0,5.0,0.0,1.0,1.0,1.0,1.0,-1.0,0.0,92de27e3-a532-4c94-81fb-6221f8baeff0,18,104,down,rule_based
11.0,11.0,83.0,4.0,7.0,4.0,0.0,1.0,1.0,1.0,2.0,-1.0,1.0,92de27e3-a532-4c94-81fb-6221f8baeff0,19,104,right,rule_based
11.0,11.0,82.0,4.0,8.0,4.0,1.0,1.0,0.0,1.0,3.0,-2.0,1.0,92de27e3-a532-4c94-81fb-6221f8baeff0,20,104,down,rule_based
11.0,11.0,81.0,4.0,8.0,3.0,0.0,1.0,1.0,1.0,4.0,-2.0,2.0,92de27e3-a532-4c94-81fb-6221f8baeff0,21,104,left,rule_based
11.0,11.0,80.0,4.0,7.0,3.0,0.0,1.0,1.0,0.0,3.0,-1.0,2.0,92de27e3-a532-4c94-81fb-6221f8baeff0,22,104,left,rule_based
11.0,11.0,79.0,4.0,6.0,3.0,1.0,1.0,1.0,0.0,2.0,0.0,2.0,92de27e3-a532-4c94-81fb-6221f8baeff0,23,104,left,rule_based
11.0,11.0,78.0,4.0,5.0,3.0,1.0,1.0,1.0,0.0,2.0,0.0,2.0,92de27e3-a532-4c94-81fb-6221f8baeff0,24,104,up,rule_based
11.0,11.0,77.0,4.0,5.0,4.0,1.0,0.0,1.0,1.0,1.0,0.0,1.0,92de27e3-a532-4c94-81fb-6221f8baeff0,25,104,right,rule_based
11.0,11.0,76.0,4.0,6.0,4.0,1.0,0.0,0.0,1.0,1.0,0.0,1.0,92de27e3-a532-4c94-81fb-6221f8baeff0,26,104,right,rule_based
11.0,11.0,75.0,4.0,7.0,4.0,1.0,1.0,0.0,1.0,2.0,-1.0,1.0,92de27e3-a532-4c94-81fb-6221f8baeff0,27,104,down,rule_based
11.0,11.0,74.0,4.0,7.0,3.0,0.0,1.0,1.0,1.0,3.0,-1.0,2.0,92de27e3-a532-4c94-81fb-6221f8baeff0,28,104,down,rule_based
11.0,11.0,73.0,4.0,7.0,2.0,0.0,1.0,1.0,1.0,4.0,-3.0,-1.0,92de27e3-a532-4c94-81fb-6221f8baeff0,29,104,left,rule_based
11.0,11.0,72.0,4.0,6.0,2.0,1.0,1.0,1.0,0.0,3.0,-2.0,-1.0,92de27e3-a532-4c94-81fb-6221f8baeff0,30,104,down,rule_based
11.0,11.0,71.0,4.0,6.0,1.0,0.0,1.0,1.0,1.0,2.0,-2.0,0.0,92de27e3-a532-4c94-81fb-6221f8baeff0,31,104,right,rule_based
11.0,11.0,70.0,4.0,7.0,1.0,0.0,1.0,0.0,1.0,3.0,-3.0,0.0,92de27e3-a532-4c94-81fb-6221f8baeff0,32,104,down,rule_based
11.0,11.0,69.0,4.0,7.0,0.0,0.0,0.0,1.0,1.0,2.0,-2.0,0.0,92de27e3-a532-4c94-81fb-6221f8baeff0,33,104,right,rule_based
11.0,11.0,68.0,4.0,8.0,0.0,1.0,0.0,0.0,1.0,3.0,-3.0,0.0,92de27e3-a532-4c94-81fb-6221f8baeff0,34,104,up,rule_based
11.0,11.0,67.0,4.0,8.0,1.0,1.0,0.0,0.0,1.0,4.0,-4.0,0.0,92de27e3-a532-4c94-81fb-6221f8baeff0,35,104,up,rule_based
11.0,11.0,66.0,4.0,8.0,2.0,1.0,0.0,1.0,1.0,4.0,1.0,3.0,92de27e3-a532-4c94-81fb-6221f8baeff0,36,104,up,rule_based
11.0,11.0,65.0,4.0,8.0,3.0,1.0,0.0,1.0,1.0,3.0,1.0,2.0,92de27e3-a532-4c94-81fb-6221f8baeff0,37,104,up,rule_based
11.0,11.0,64.0,4.0,8.0,4.0,1.0,0.0,1.0,1.0,2.0,1.0,1.0,92de27e3-a532-4c94-81fb-6221f8baeff0,38,104,right,rule_based
11.0,11.0,63.0,4.0,9.0,4.0,1.0,1.0,0.0,1.0,1.0,0.0,1.0,92de27e3-a532-4c94-81fb-6221f8baeff0,39,104,up,rule_based
11.0,11.0,100.0,5.0,9.0,5.0,1.0,0.0,1.0,1.0,1.0,1.0,0.0,92de27e3-a532-4c94-81fb-6221f8baeff0,40,104,up,rule_based
11.0,11.0,99.0,5.0,9.0,6.0,1.0,0.0,1.0,1.0,1.0,0.0,1.0,92de27e3-a532-4c94-81fb-6221f8baeff0,41,104,left,rule_based
11.0,11.0,98.0,5.0,8.0,6.0,1.0,1.0,1.0,0.0,2.0,1.0,1.0,92de27e3-a532-4c94-81fb-6221f8baeff0,42,104,left,rule_based
11.0,11.0,97.0,5.0,7.0,6.0,1.0,1.0,1.0,0.0,2.0,-1.0,-1.0,92de27e3-a532-4c94-81fb-6221f8baeff0,43,104,down,rule_based
11.0,11.0,96.0,5.0,7.0,5.0,0.0,1.0,1.0,1.0,1.0,-1.0,0.0,92de27e3-a532-4c94-81fb-6221f8baeff0,44,104,left,rule_based
11.0,11.0,100.0,6.0,6.0,5.0,1.0,1.0,1.0,0.0,1.0,-1.0,0.0,92de27e3-a532-4c94-81fb-6221f8baeff0,45,104,up,rule_based
11.0,11.0,99.0,6.0,6.0,6.0,1.0,0.0,1.0,0.0,2.0,-1.0,-1.0,92de27e3-a532-4c94-81fb-6221f8baeff0,46,104,left,rule_based
11.0,11.0,98.0,6.0,5.0,6.0,1.0,1.0,1.0,0.0,1.0,0.0,-1.0,92de27e3-a532-4c94-81fb-6221f8baeff0,47,104,left,rule_based
11.0,11.0,97.0,6.0,4.0,6.0,1.0,1.0,1.0,0.0,1.0,-1.0,0.0,92de27e3-a532-4c94-81fb-6221f8baeff0,48,104,left,rule_based
11.0,11.0,100.0,7.0,3.0,6.0,1.0,1.0,1.0,0.0,1.0,0.0,1.0,92de27e3-a532-4c94-81fb-6221f8baeff0,49,104,up,rule_based
11.0,11.0,100.0,8.0,3.0,7.0,1.0,0.0,1.0,1.0,2.0,1.0,1.0,92de27e3-a532-4c94-81fb-6221f8baeff0,50,104,up,rule_based
11.0,11.0,99.0,8.0,3.0,8.0,1.0,0.0,1.0,1.0,1.0,1.0,0.0,92de27e3-a532-4c94-81fb-6221f8baeff0,51,104,up,rule_based
11.0,11.0,98.0,8.0,3.0,9.0,1.0,0.0,1.0,1.0,2.0,1.0,-1.0,92de27e3-a532-4c94-81fb-6221f8baeff0,52,104,right,rule_based
11.0,11.0,97.0,8.0,4.0,9.0,1.0,1.0,0.0,1.0,1.0,0.0,-1.0,92de27e3-a532-4c94-81fb-6221f8baeff0,53,104,right,rule_based
11.0,11.0,96.0,8.0,5.0,9.0,1.0,1.0,0.0,1.0,2.0,-1.0,-1.0,92de27e3-a532-4c94-81fb-6221f8baeff0,54,104,down,rule_based
11.0,11.0,95.0,8.0,5.0,8.0,0.0,1.0,1.0,1.0,1.0,-1.0,0.0,92de27e3-a532-4c94-81fb-6221f8baeff0,55,104,right,rule_based
11.0,11.0,94.0,8.0,6.0,8.0,1.0,1.0,0.0,1.0,2.0,-2.0,0.0,92de27e3-a532-4c94-81fb-6221f8baeff0,56,104,down,rule_based
11.0,11.0,93.0,8.0,6.0,7.0,0.0,1.0,1.0,1.0,3.0,-1.0,-2.0,92de27e3-a532-4c94-81fb-6221f8baeff0,57,104,right,rule_based
11.0,11.0,92.0,8.0,7.0,7.0,1.0,1.0,0.0,1.0,2.0,2.0,0.0,92de27e3-a532-4c94-81fb-6221f8baeff0,58,104,up,rule_based
11.0,11.0,91.0,8.0,7.0,8.0,1.0,0.0,0.0,1.0,2.0,1.0,1.0,92de27e3-a532-4c94-81fb-6221f8baeff0,59,104,up,rule_based
11.0,11.0,90.0,8.0,7.0,9.0,1.0,0.0,1.0,1.0,1.0,1.0,0.0,92de27e3-a532-4c94-81fb-6221f8baeff0,60,104,up,rule_based
11.0,11.0,89.0,8.0,7.0,10.0,0.0,0.0,1.0,1.0,2.0,1.0,-1.0,92de27e3-a532-4c94-81fb-6221f8baeff0,61,104,left,rule_based
11.0,11.0,88.0,8.0,6.0,10.0,0.0,1.0,1.0,0.0,3.0,2.0,-1.0,92de27e3-a532-4c94-81fb-6221f8baeff0,62,104,down,rule_based
11.0,11.0,87.0,8.0,6.0,9.0,0.0,0.0,1.0,0.0,2.0,2.0,0.0,92de27e3-a532-4c94-81fb-6221f8baeff0,63,104,left,rule_based
11.0,11.0,86.0,8.0,5.0,9.0,1.0,1.0,1.0,0.0,2.0,-1.0,-1.0,92de27e3-a532-4c94-81fb-6221f8baeff0,64,104,left,rule_based
11.0,11.0,85.0,8.0,4.0,9.0,1.0,1.0,1.0,0.0,1.0,0.0,-1.0,92de27e3-a532-4c94-81fb-6221f8baeff0,65,104,down,rule_based
11.0,11.0,100.0,9.0,4.0,8.0,0.0,1.0,1.0,1.0,4.0,1.0,-3.0,92de27e3-a532-4c94-81fb-6221f8baeff0,66,104,down,rule_based
11.0,11.0,99.0,9.0,4.0,7.0,0.0,1.0,1.0,1.0,3.0,1.0,-2.0,92de27e3-a532-4c94-81fb-6221f8baeff0,67,104,down,rule_based
11.0,11.0,98.0,9.0,4.0,6.0,0.0,1.0,1.0,1.0,2.0,1.0,-1.0,92de27e3-a532-4c94-81fb-6221f8baeff0,68,104,left,rule_based
11.0,11.0,97.0,9.0,3.0,6.0,1.0,1.0,1.0,0.0,3.0,2.0,-1.0,92de27e3-a532-4c94-81fb-6221f8baeff0,69,104,up,rule_based
11.0,11.0,96.0,9.0,3.0,7.0,1.0,0.0,1.0,0.0,4.0,2.0,-2.0,92de27e3-a532-4c94-81fb-6221f8baeff0,70,104,up,rule_based
11.0,11.0,95.0,9.0,3.0,8.0,1.0,0.0,1.0,0.0,4.0,-2.0,2.0,92de27e3-a532-4c94-81fb-6221f8baeff0,71,104,left,rule_based
11.0,11.0,94.0,9.0,2.0,8.0,1.0,1.0,1.0,0.0,3.0,-1.0,2.0,92de27e3-a532-4c94-81fb-6221f8baeff0,72,104,up,rule_based
11.0,11.0,93.0,9.0,2.0,9.0,1.0,0.0,1.0,1.0,2.0,-1.0,1.0,92de27e3-a532-4c94-81fb-6221f8baeff0,73,104,up,rule_based
11.0,11.0,92.0,9.0,2.0,10.0,0.0,0.0,1.0,1.0,1.0,-1.0,0.0,92de27e3-a532-4c94-81fb-6221f8baeff0,74,104,left,rule_based
11.0,11.0,100.0,10.0,1.0,10.0,0.0,1.0,1.0,0.0,5.0,1.0,-4.0,92de27e3-a532-4c94-81fb-6221f8baeff0,75,104,down,rule_based
11.0,11.0,99.0,10.0,1.0,9.0,0.0,1.0,1.0,0.0,4.0,1.0,-3.0,92de27e3-a532-4c94-81fb-6221f8baeff0,76,104,down,rule_based
11.0,11.0,98.0,10.0,1.0,8.0,0.0,1.0,1.0,0.0,3.0,1.0,-2.0,92de27e3-a532-4c94-81fb-6221f8baeff0,77,104,down,rule_based
11.0,11.0,97.0,10.0,1.0,7.0,0.0,1.0,1.0,1.0,2.0,1.0,-1.0,92de27e3-a532-4c94-81fb-6221f8baeff0,78,104,right,rule_based
11.0,11.0,96.0,10.0,2.0,7.0,0.0,1.0,0.0,0.0,1.0,0.0,-1.0,92de27e3-a532-4c94-81fb-6221f8baeff0,79,104,down,rule_based
11.0,11.0,100.0,11.0,2.0,6.0,0.0,1.0,1.0,1.0,4.0,3.0,-1.0,92de27e3-a532-4c94-81fb-6221f8baeff0,80,104,down,rule_based
11.0,11.0,99.0,11.0,2.0,5.0,0.0,1.0,1.0,1.0,3.0,3.0,0.0,92de27e3-a532-4c94-81fb-6221f8baeff0,81,104,down,rule_based
11.0,11.0,98.0,11.0,2.0,4.0,0.0,1.0,1.0,1.0,3.0,-1.0,-2.0,92de27e3-a532-4c94-81fb-6221f8baeff0,82,104,left,rule_based
11.0,11.0,97.0,11.0,1.0,4.0,1.0,1.0,1.0,0.0,2.0,0.0,-2.0,92de27e3-a532-4c94-81fb-6221f8baeff0,83,104,left,rule_based
11.0,11.0,96.0,11.0,0.0,4.0,1.0,1.0,0.0,0.0,3.0,1.0,-2.0,92de27e3-a532-4c94-81fb-6221f8baeff0,84,104,down,rule_based
11.0,11.0,95.0,11.0,0.0,3.0,0.0,1.0,0.0,1.0,2.0,1.0,-1.0,92de27e3-a532-4c94-81fb-6221f8baeff0,85,104,right,rule_based
11.0,11.0,94.0,11.0,1.0,3.0,0.0,1.0,0.0,1.0,1.0,0.0,-1.0,92de27e3-a532-4c94-81fb-6221f8baeff0,86,104,down,rule_based
11.0,11.0,100.0,12.0,1.0,2.0,0.0,1.0,1.0,1.0,2.0,1.0,-1.0,92de27e3-a532-4c94-81fb-6221f8baeff0,87,104,right,rule_based
11.0,11.0,99.0,12.0,2.0,2.0,1.0,1.0,0.0,1.0,1.0,0.0,-1.0,92de27e3-a532-4c94-81fb-6221f8baeff0,88,104,down,rule_based
11.0,11.0,100.0,13.0,2.0,1.0,0.0,1.0,1.0,1.0,2.0,2.0,0.0,92de27e3-a532-4c94-81fb-6221f8baeff0,89,104,left,rule_based
11.0,11.0,99.0,13.0,1.0,1.0,0.0,1.0,1.0,0.0,3.0,3.0,0.0,92de27e3-a532-4c94-81fb-6221f8baeff0,90,104,down,rule_based
11.0,11.0,98.0,13.0,1.0,0.0,0.0,0.0,1.0,1.0,3.0,3.0,0.0,92de27e3-a532-4c94-81fb-6221f8baeff0,91,104,left,rule_based
11.0,11.0,97.0,13.0,0.0,0.0,1.0,0.0,0.0,0.0,4.0,4.0,0.0,92de27e3-a532-4c94-81fb-6221f8baeff0,92,104,up,rule_based
11.0,11.0,96.0,13.0,0.0,1.0,1.0,0.0,0.0,0.0,4.0,4.0,0.0,92de27e3-a532-4c94-81fb-6221f8baeff0,93,104,up,rule_based
11.0,11.0,100.0,3.0,1.0,9.0,1.0,1.0,1.0,1.0,2.0,-1.0,-1.0,69646145-c176-4c15-bc0e-ac89cadd97e8,0,105,left,rule_based
11.0,11.0,99.0,3.0,0.0,9.0,1.0,1.0,0.0,0.0,1.0,0.0,-1.0,69646145-c176-4c15-bc0e-ac89cadd97e8,1,105,up,rule_based
11.0,11.0,98.0,3.0,0.0,10.0,0.0,0.0,0.0,1.0,2.0,0.0,-2.0,69646145-c176-4c15-bc0e-ac89cadd97e8,2,105,right,rule_based
11.0,11.0,97.0,3.0,1.0,10.0,0.0,1.0,0.0,1.0,3.0,-1.0,-2.0,69646145-c176-4c15-bc0e-ac89cadd97e8,3,105,right,rule_based
11.0,11.0,96.0,3.0,2.0,10.0,0.0,1.0,0.0,1.0,4.0,-2.0,-2.0,69646145-c176-4c15-bc0e-ac89cadd97e8,4,105,right,rule_based
11.0,11.0,95.0,3.0,3.0,10.0,0.0,1.0,0.0,1.0,5.0,-3.0,-2.0,69646145-c176-4c15-bc0e-ac89cadd97e8,5,105,right,rule_based
11.0,11.0,94.0,3.0,4.0,10.0,0.0,1.0,0.0,1.0,6.0,-4.0,-2.0,69646145-c176-4c15-bc0e-ac89cadd97e8,6,105,down,rule_based
11.0,11.0,93.0,3.0,4.0,9.0,0.0,1.0,1.0,1.0,5.0,-4.0,-1.0,69646145-c176-4c15-bc0e-ac89cadd97e8,7,105,left,rule_based
11.0,11.0,92.0,3.0,3.0,9.0,1.0,1.0,1.0,0.0,4.0,-3.0,-1.0,69646145-c176-4c15-bc0e-ac89cadd97e8,8,105,up,rule_based
11.0,11.0,91.0,3.0,3.0,10.0,0.0,0.0,1.0,1.0,3.0,3.0,0.0,69646145-c176-4c15-bc0e-ac89cadd97e8,9,105,left,rule_based
11.0,11.0,90.0,3.0,2.0,10.0,0.0,1.0,1.0,0.0,4.0,-2.0,-2.0,69646145-c176-4c15-bc0e-ac89cadd97e8,10,105,down,rule_based
11.0,11.0,89.0,3.0,2.0,9.0,0.0,1.0,1.0,1.0,3.0,-2.0,-1.0,69646145-c176-4c15-bc0e-ac89cadd97e8,11,105,right,rule_based
11.0,11.0,88.0,3.0,3.0,9.0,1.0,1.0,0.0,1.0,4.0,-3.0,-1.0,69646145-c176-4c15-bc0e-ac89cadd97e8,12,105,down,rule_based
11.0,11.0,87.0,3.0,3.0,8.0,0.0,1.0,1.0,1.0,3.0,-3.0,0.0,69646145-c176-4c15-bc0e-ac89cadd97e8,13,105,left,rule_based
11.0,11.0,86.0,3.0,2.0,8.0,1.0,1.0,1.0,0.0,2.0,-2.0,0.0,69646145-c176-4c15-bc0e-ac89cadd97e8,14,105,up,rule_based
11.0,11.0,85.0,3.0,2.0,9.0,1.0,0.0,1.0,1.0,3.0,-2.0,-1.0,69646145-c176-4c15-bc0e-ac89cadd97e8,15,105,left,rule_based
11.0,11.0,84.0,3.0,1.0,9.0,1.0,1.0,1.0,0.0,2.0,-1.0,-1.0,69646145-c176-4c15-bc0e-ac89cadd97e8,16,105,left,rule_based
11.0,11.0,83.0,3.0,0.0,9.0,1.0,1.0,0.0,0.0,1.0,0.0,-1.0,69646145-c176-4c15-bc0e-ac89cadd97e8,17,105,down,rule_based
11.0,11.0,100.0,4.0,0.0,8.0,0.0,1.0,0.0,1.0,5.0,2.0,-3.0,69646145-c176-4c15-bc0e-ac89cadd97e8,18,105,right,rule_based
11.0,11.0,99.0,4.0,1.0,8.0,0.0,1.0,0.0,1.0,4.0,1.0,-3.0,69646145-c176-4c15-bc0e-ac89cadd97e8,19,105,right,rule_based
11.0,11.0,98.0,4.0,2.0,8.0,1.0,1.0,0.0,1.0,3.0,0.0,-3.0,69646145-c176-4c15-bc0e-ac89cadd97e8,20,105,right,rule_based
11.0,11.0,97.0,4.0,3.0,8.0,1.0,1.0,0.0,1.0,4.0,-1.0,-3.0,69646145-c176-4c15-bc0e-ac89cadd97e8,21,105,up,rule_based
11.0,11.0,96.0,4.0,3.0,9.0,1.0,0.0,1.0,1.0,4.0,3.0,1.0,69646145-c176-4c15-bc0e-ac89cadd97e8,22,105,right,rule_based
11.0,11.0,95.0,4.0,4.0,9.0,1.0,1.0,0.0,1.0,3.0,2.0,1.0,69646145-c176-4c15-bc0e-ac89cadd97e8,23,105,up,rule_based
11.0,11.0,94.0,4.0,4.0,10.0,0.0,0.0,1.0,1.0,2.0,2.0,0.0,69646145-c176-4c15-bc0e-ac89cadd97e8,24,105,right,rule_based
11.0,11.0,93.0,4.0,5.0,10.0,0.0,1.0,0.0,1.0,1.0,1.0,0.0,69646145-c176-4c15-bc0e-ac89cadd97e8,25,105,right,rule_based
11.0,11.0,100.0,5.0,6.0,10.0,0.0,1.0,0.0,1.0,5.0,3.0,-2.0,69646145-c176-4c15-bc0e-ac89cadd97e8,26,105,down,rule_based
11.0,11.0,99.0,5.0,6.0,9.0,0.0,1.0,1.0,1.0,4.0,3.0,-1.0,69646145-c176-4c15-bc0e-ac89cadd97e8,27,105,left,rule_based
11.0,11.0,98.0,5.0,5.0,9.0,0.0,1.0,1.0,0.0,4.0,0.0,-4.0,69646145-c176-4c15-bc0e-ac89cadd97e8,28,105,down,rule_based
11.0,11.0,97.0,5.0,5.0,8.0,0.0,1.0,1.0,1.0,3.0,0.0,-3.0,69646145-c176-4c15-bc0e-ac89cadd97e8,29,105,left,rule_based
11.0,11.0,96.0,5.0,4.0,8.0,1.0,1.0,1.0,0.0,4.0,1.0,-3.0,69646145-c176-4c15-bc0e-ac89cadd97e8,30,105,left,rule_based
11.0,11.0,95.0,5.0,3.0,8.0,1.0,1.0,1.0,0.0,4.0,-1.0,-3.0,69646145-c176-4c15-bc0e-ac89cadd97e8,31,105,left,rule_based
11.0,11.0,94.0,5.0,2.0,8.0,1.0,1.0,1.0,0.0,3.0,0.0,-3.0,69646145-c176-4c15-bc0e-ac89cadd97e8,32,105,up,rule_based
11.0,11.0,93.0,5.0,2.0,9.0,1.0,0.0,1.0,1.0,4.0,0.0,-4.0,69646145-c176-4c15-bc0e-ac89cadd97e8,33,105,right,rule_based
11.0,11.0,92.0,5.0,3.0,9.0,1.0,0.0,0.0,1.0,5.0,-1.0,-4.0,69646145-c176-4c15-bc0e-ac89cadd97e8,34,105,right,rule_based
11.0,11.0,91.0,5.0,4.0,9.0,1.0,1.0,0.0,1.0,5.0,1.0,-4.0,69646145-c176-4c15-bc0e-ac89cadd97e8,35,105,right,rule_based
11.0,11.0,90.0,5.0,5.0,9.0,1.0,1.0,0.0,1.0,4.0,0.0,-4.0,69646145-c176-4c15-bc0e-ac89cadd97e8,36,105,right,rule_based
11.0,11.0,89.0,5.0,6.0,9.0,1.0,1.0,0.0,1.0,4.0,3.0,-1.0,69646145-c176-4c15-bc0e-ac89cadd97e8,37,105,right,rule_based
11.0,11.0,88.0,5.0,7.0,9.0,1.0,1.0,0.0,1.0,3.0,2.0,-1.0,69646145-c176-4c15-bc0e-ac89cadd97e8,38,105,right,rule_based
11.0,11.0,87.0,5.0,8.0,9.0,1.0,1.0,0.0,1.0,2.0,1.0,-1.0,69646145-c176-4c15-bc0e-ac89cadd97e8,39,105,right,rule_based
11.0,11.0,86.0,5.0,9.0,9.0,1.0,1.0,0.0,1.0,1.0,0.0,-1.0,69646145-c176-4c15-bc0e-ac89cadd97e8,40,105,down,rule_based
11.0,11.0,100.0,6.0,9.0,8.0,0.0,1.0,1.0,1.0,1.0,0.0,-1.0,69646145-c176-4c15-bc0e-ac89cadd97e8,41,105,right,rule_based
11.0,11.0,99.0,6.0,10.0,8.0,1.0,1.0,0.0,0.0,2.0,-1.0,-1.0,69646145-c176-4c15-bc0e-ac89cadd97e8,42,105,down,rule_based
11.0,11.0,98.0,6.0,10.0,7.0,0.0,1.0,1.0,0.0,1.0,-1.0,0.0,69646145-c176-4c15-bc0e-ac89cadd97e8,43,105,left,rule_based
11.0,11.0,100.0,7.0,9.0,7.0,0.0,1.0,1.0,0.0,2.0,0.0,-2.0,69646145-c176-4c15-bc0e-ac89cadd97e8,44,105,down,rule_based
11.0,11.0,99.0,7.0,9.0,6.0,0.0,1.0,1.0,1.0,1.0,0.0,-1.0,69646145-c176-4c15-bc0e-ac89cadd97e8,45,105,right,rule_based
11.0,11.0,100.0,8.0,10.0,6.0,0.0,1.0,0.0,0.0,2.0,-1.0,-1.0,69646145-c176-4c15-bc0e-ac89cadd97e8,46,105,down,rule_based
11.0,11.0,99.0,8.0,10.0,5.0,0.0,1.0,1.0,0.0,1.0,-1.0,0.0,69646145-c176-4c15-bc0e-ac89cadd97e8,47,105,left,rule_based
11.0,11.0,100.0,9.0,9.0,5.0,0.0,1.0,1.0,0.0,4.0,-4.0,0.0,69646145-c176-4c15-bc0e-ac89cadd97e8,48,105,left,rule_based
11.0,11.0,99.0,9.0,8.0,5.0,1.0,1.0,1.0,0.0,3.0,-3.0,0.0,69646145-c176-4c15-bc0e-ac89cadd97e8,49,105,left,rule_based
11.0,11.0,98.0,9.0,7.0,5.0,1.0,1.0,1.0,0.0,2.0,-2.0,0.0,69646145-c176-4c15-bc0e-ac89cadd97e8,50,105,down,rule_based
11.0,11.0,97.0,9.0,7.0,4.0,0.0,1.0,1.0,1.0,3.0,-2.0,1.0,69646145-c176-4c15-bc0e-ac89cadd97e8,51,105,right,rule_based
11.0,11.0,96.0,9.0,8.0,4.0,0.0,1.0,0.0,1.0,4.0,-3.0,1.0,69646145-c176-4c15-bc0e-ac89cadd97e8,52,105,down,rule_based
11.0,11.0,95.0,9.0,8.0,3.0,0.0,1.0,1.0,1.0,3.0,-1.0,-2.0,69646145-c176-4c15-bc0e-ac89cadd97e8,53,105,down,rule_based
11.0,11.0,94.0,9.0,8.0,2.0,0.0,1.0,1.0,1.0,2.0,-1.0,-1.0,69646145-c176-4c15-bc0e-ac89cadd97e8,54,105,right,rule_based
11.0,11.0,93.0,9.0,9.0,2.0,1.0,1.0,0.0,1.0,1.0,1.0,0.0,69646145-c176-4c15-bc0e-ac89cadd97e8,55,105,down,rule_based
11.0,11.0,92.0,9.0,9.0,1.0,0.0,1.0,1.0,1.0,2.0,-2.0,0.0,69646145-c176-4c15-bc0e-ac89cadd97e8,56,105,left,rule_based
11.0,11.0,91.0,9.0,8.0,1.0,0.0,1.0,1.0,0.0,1.0,-1.0,0.0,69646145-c176-4c15-bc0e-ac89cadd97e8,57,105,left,rule_based
11.0,11.0,100.0,10.0,7.0,1.0,1.0,1.0,1.0,0.0,1.0,0.0,-1.0,69646145-c176-4c15-bc0e-ac89cadd97e8,58,105,left,rule_based
11.0,11.0,99.0,10.0,6.0,1.0,1.0,1.0,1.0,0.0,2.0,1.0,-1.0,69646145-c176-4c15-bc0e-ac89cadd97e8,59,105,up,rule_based
11.0,11.0,98.0,10.0,6.0,2.0,1.0,0.0,1.0,1.0,2.0,-2.0,0.0,69646145-c176-4c15-bc0e-ac89cadd97e8,60,105,right,rule_based
11.0,11.0,97.0,10.0,7.0,2.0,1.0,0.0,0.0,0.0,2.0,0.0,-2.0,69646145-c176-4c15-bc0e-ac89cadd97e8,61,105,up,rule_based
11.0,11.0,96.0,10.0,7.0,3.0,1.0,0.0,1.0,0.0,3.0,-3.0,0.0,69646145-c176-4c15-bc0e-ac89cadd97e8,62,105,up,rule_based
11.0,11.0,95.0,10.0,7.0,4.0,1.0,0.0,1.0,1.0,3.0,-2.0,1.0,69646145-c176-4c15-bc0e-ac89cadd97e8,63,105,up,rule_based
11.0,11.0,94.0,10.0,7.0,5.0,1.0,0.0,1.0,1.0,2.0,-2.0,0.0,69646145-c176-4c15-bc0e-ac89cadd97e8,64,105,right,rule_based
11.0,11.0,93.0,10.0,8.0,5.0,1.0,1.0,0.0,1.0,3.0,-3.0,0.0,69646145-c176-4c15-bc0e-ac89cadd97e8,65,105,up,rule_based
11.0,11.0,92.0,10.0,8.0,6.0,1.0,0.0,1.0,1.0,4.0,-3.0,-1.0,69646145-c176-4c15-bc0e-ac89cadd97e8,66,105,left,rule_based
11.0,11.0,91.0,10.0,7.0,6.0,1.0,0.0,1.0,0.0,3.0,-2.0,-1.0,69646145-c176-4c15-bc0e-ac89cadd97e8,67,105,left,rule_based
11.0,11.0,90.0,10.0,6.0,6.0,1.0,1.0,1.0,0.0,2.0,-1.0,-1.0,69646145-c176-4c15-bc0e-ac89cadd97e8,68,105,down,rule_based
11.0,11.0,89.0,10.0,6.0,5.0,0.0,1.0,1.0,0.0,1.0,-1.0,0.0,69646145-c176-4c15-bc0e-ac89cadd97e8,69,105,down,rule_based
11.0,11.0,88.0,10.0,6.0,4.0,0.0,1.0,1.0,0.0,2.0,-1.0,1.0,69646145-c176-4c15-bc0e-ac89cadd97e8,70,105,down,rule_based
11.0,11.0,87.0,10.0,6.0,3.0,0.0,1.0,1.0,0.0,2.0,-2.0,0.0,69646145-c176-4c15-bc0e-ac89cadd97e8,71,105,down,rule_based
11.0,11.0,86.0,10.0,6.0,2.0,0.0,1.0,1.0,1.0,2.0,-2.0,0.0,69646145-c176-4c15-bc0e-ac89cadd97e8,72,105,right,rule_based
11.0,11.0,85.0,10.0,7.0,2.0,1.0,1.0,0.0,1.0,2.0,0.0,-2.0,69646145-c176-4c15-bc0e-ac89cadd97e8,73,105,right,rule_based
11.0,11.0,84.0,10.0,8.0,2.0,1.0,1.0,0.0,1.0,2.0,2.0,0.0,69646145-c176-4c15-bc0e-ac89cadd97e8,74,105,up,rule_based
11.0,11.0,83.0,10.0,8.0,3.0,1.0,0.0,1.0,1.0,3.0,2.0,-1.0,69646145-c176-4c15-bc0e-ac89cadd97e8,75,105,left,rule_based
11.0,11.0,82.0,10.0,7.0,3.0,1.0,0.0,0.0,0.0,3.0,-3.0,0.0,69646145-c176-4c15-bc0e-ac89cadd97e8,76,105,up,rule_based
11.0,11.0,81.0,10.0,7.0,4.0,1.0,0.0,0.0,1.0,3.0,-2.0,1.0,69646145-c176-4c15-bc0e-ac89cadd97e8,77,105,right,rule_based
11.0,11.0,80.0,10.0,8.0,4.0,1.0,0.0,0.0,1.0,4.0,-3.0,1.0,69646145-c176-4c15-bc0e-ac89cadd97e8,78,105,up,rule_based
11.0,11.0,79.0,10.0,8.0,5.0,1.0,0.0,1.0,1.0,3.0,-3.0,0.0,69646145-c176-4c15-bc0e-ac89cadd97e8,79,105,right,rule_based
11.0,11.0,78.0,10.0,9.0,5.0,1.0,1.0,0.0,1.0,4.0,-4.0,0.0,69646145-c176-4c15-bc0e-ac89cadd97e8,80,105,down,rule_based
11.0,11.0,77.0,10.0,9.0,4.0,0.0,1.0,0.0,1.0,3.0,1.0,-2.0,69646145-c176-4c15-bc0e-ac89cadd97e8,81,105,right,rule_based
11.0,11.0,76.0,10.0,10.0,4.0,1.0,1.0,0.0,0.0,2.0,0.0,-2.0,69646145-c176-4c15-bc0e-ac89cadd97e8,82,105,down,rule_based
11.0,11.0,75.0,10.0,10.0,3.0,0.0,1.0,1.0,0.0,1.0,0.0,-1.0,69646145-c176-4c15-bc0e-ac89cadd97e8,83,105,down,rule_based
11.0,11.0,100.0,11.0,10.0,2.0,0.0,1.0,1.0,0.0,4.0,-2.0,-2.0,69646145-c176-4c15-bc0e-ac89cadd97e8,84,105,down,rule_based
11.0,11.0,99.0,11.0,10.0,1.0,0.0,1.0,1.0,0.0,3.0,-2.0,-1.0,69646145-c176-4c15-bc0e-ac89cadd97e8,85,105,down,rule_based
11.0,11.0,98.0,11.0,10.0,0.0,0.0,0.0,1.0,0.0,2.0,-2.0,0.0,69646145-c176-4c15-bc0e-ac89cadd97e8,86,105,left,rule_based
11.0,11.0,97.0,11.0,9.0,0.0,1.0,0.0,1.0,0.0,1.0,-1.0,0.0,69646145-c176-4c15-bc0e-ac89cadd97e8,87,105,up,rule_based
11.0,11.0,96.0,11.0,9.0,1.0,1.0,0.0,1.0,0.0,2.0,-1.0,-1.0,69646145-c176-4c15-bc0e-ac89cadd97e8,88,105,left,rule_based
11.0,11.0,95.0,11.0,8.0,1.0,1.0,1.0,1.0,0.0,1.0,0.0,-1.0,69646145-c176-4c15-bc0e-ac89cadd97e8,89,105,left,rule_based
11.0,11.0,94.0,11.0,7.0,1.0,1.0,1.0,1.0,0.0,1.0,0.0,-1.0,69646145-c176-4c15-bc0e-ac89cadd97e8,90,105,down,rule_based
11.0,11.0,100.0,12.0,7.0,0.0,0.0,0.0,1.0,1.0,1.0,1.0,0.0,69646145-c176-4c15-bc0e-ac89cadd97e8,91,105,left,rule_based
11.0,11.0,100.0,13.0,6.0,0.0,1.0,0.0,1.0,0.0,2.0,-2.0,0.0,69646145-c176-4c15-bc0e-ac89cadd97e8,92,105,up,rule_based
11.0,11.0,99.0,13.0,6.0,1.0,1.0,0.0,1.0,0.0,3.0,-2.0,-1.0,69646145-c176-4c15-bc0e-ac89cadd97e8,93,105,up,rule_based
11.0,11.0,98.0,13.0,6.0,2.0,1.0,0.0,1.0,1.0,2.0,-2.0,0.0,69646145-c176-4c15-bc0e-ac89cadd97e8,94,105,left,rule_based
11.0,11.0,97.0,13.0,5.0,2.0,1.0,1.0,1.0,0.0,1.0,-1.0,0.0,69646145-c176-4c15-bc0e-ac89cadd97e8,95,105,up,rule_based
11.0,11.0,96.0,13.0,5.0,3.0,1.0,0.0,1.0,1.0,1.0,-1.0,0.0,69646145-c176-4c15-bc0e-ac89cadd97e8,96,105,up,rule_based
11.0,11.0,95.0,13.0,5.0,4.0,1.0,0.0,1.0,1.0,1.0,0.0,1.0,69646145-c176-4c15-bc0e-ac89cadd97e8,97,105,up,rule_based
11.0,11.0,100.0,14.0,5.0,5.0,1.0,0.0,1.0,1.0,2.0,-2.0,0.0,69646145-c176-4c15-bc0e-ac89cadd97e8,98,105,left,rule_based
11.0,11.0,99.0,14.0,4.0,5.0,1.0,1.0,1.0,0.0,1.0,-1.0,0.0,69646145-c176-4c15-bc0e-ac89cadd97e8,99,105,up,rule_based
11.0,11.0,98.0,14.0,4.0,6.0,1.0,0.0,1.0,1.0,2.0,0.0,2.0,69646145-c176-4c15-bc0e-ac89cadd97e8,100,105,right,rule_based
11.0,11.0,97.0,14.0,5.0,6.0,1.0,0.0,0.0,1.0,3.0,-1.0,2.0,69646145-c176-4c15-bc0e-ac89cadd97e8,101,105,up,rule_based
11.0,11.0,96.0,14.0,5.0,7.0,1.0,0.0,1.0,1.0,2.0,-1.0,1.0,69646145-c176-4c15-bc0e-ac89cadd97e8,102,105,right,rule_based
11.0,11.0,95.0,14.0,6.0,7.0,1.0,1.0,0.0,1.0,2.0,1.0,1.0,69646145-c176-4c15-bc0e-ac89cadd97e8,103,105,down,rule_based
11.0,11.0,94.0,14.0,6.0,6.0,0.0,1.0,0.0,1.0,3.0,1.0,2.0,69646145-c176-4c15-bc0e-ac89cadd97e8,104,105,right,rule_based
11.0,11.0,93.0,14.0,7.0,6.0,1.0,1.0,0.0,1.0,2.0,0.0,2.0,69646145-c176-4c15-bc0e-ac89cadd97e8,105,105,up,rule_based
11.0,11.0,92.0,14.0,7.0,7.0,1.0,0.0,0.0,1.0,1.0,0.0,1.0,69646145-c176-4c15-bc0e-ac89cadd97e8,106,105,right,rule_based
11.0,11.0,91.0,14.0,8.0,7.0,1.0,1.0,0.0,1.0,2.0,-1.0,1.0,69646145-c176-4c15-bc0e-ac89cadd97e8,107,105,right,rule_based
11.0,11.0,90.0,14.0,9.0,7.0,1.0,1.0,0.0,1.0,3.0,-2.0,1.0,69646145-c176-4c15-bc0e-ac89cadd97e8,108,105,right,rule_based
11.0,11.0,89.0,14.0,10.0,7.0,1.0,1.0,0.0,0.0,4.0,-3.0,1.0,69646145-c176-4c15-bc0e-ac89cadd97e8,109,105,down,rule_based
11.0,11.0,88.0,14.0,10.0,6.0,0.0,1.0,1.0,0.0,5.0,-3.0,2.0,69646145-c176-4c15-bc0e-ac89cadd97e8,110,105,down,rule_based
11.0,11.0,87.0,14.0,10.0,5.0,0.0,1.0,1.0,0.0,6.0,-3.0,3.0,69646145-c176-4c15-bc0e-ac89cadd97e8,111,105,down,rule_based
11.0,11.0,86.0,14.0,10.0,4.0,0.0,1.0,1.0,0.0,6.0,-2.0,-4.0,69646145-c176-4c15-bc0e-ac89cadd97e8,112,105,down,rule_based
11.0,11.0,85.0,14.0,10.0,3.0,0.0,1.0,1.0,0.0,5.0,-2.0,-3.0,69646145-c176-4c15-bc0e-ac89cadd97e8,113,105,down,rule_based
11.0,11.0,84.0,14.0,10.0,2.0,0.0,1.0,1.0,0.0,4.0,-2.0,-2.0,69646145-c176-4c15-bc0e-ac89cadd97e8,114,105,down,rule_based
11.0,11.0,83.0,14.0,10.0,1.0,0.0,1.0,1.0,0.0,3.0,-2.0,-1.0,69646145-c176-4c15-bc0e-ac89cadd97e8,115,105,left,rule_based
11.0,11.0,82.0,14.0,9.0,1.0,1.0,1.0,1.0,0.0,2.0,-1.0,-1.0,69646145-c176-4c15-bc0e-ac89cadd97e8,116,105,down,rule_based
11.0,11.0,81.0,14.0,9.0,0.0,0.0,0.0,1.0,1.0,1.0,-1.0,0.0,69646145-c176-4c15-bc0e-ac89cadd97e8,117,105,left,rule_based
11.0,11.0,100.0,15.0,8.0,0.0,1.0,0.0,1.0,0.0,4.0,-4.0,0.0,69646145-c176-4c15-bc0e-ac89cadd97e8,118,105,left,rule_based
11.0,11.0,99.0,15.0,7.0,0.0,1.0,0.0,1.0,0.0,3.0,-3.0,0.0,69646145-c176-4c15-bc0e-ac89cadd97e8,119,105,left,rule_based
11.0,11.0,98.0,15.0,6.0,0.0,1.0,0.0,1.0,0.0,2.0,-2.0,0.0,69646145-c176-4c15-bc0e-ac89cadd97e8,120,105,left,rule_based
11.0,11.0,97.0,15.0,5.0,0.0,1.0,0.0,1.0,0.0,1.0,-1.0,0.0,69646145-c176-4c15-bc0e-ac89cadd97e8,121,105,up,rule_based
11.0,11.0,96.0,15.0,5.0,1.0,1.0,0.0,1.0,1.0,2.0,-1.0,-1.0,69646145-c176-4c15-bc0e-ac89cadd97e8,122,105,up,rule_based
11.0,11.0,95.0,15.0,5.0,2.0,1.0,0.0,1.0,1.0,1.0,-1.0,0.0,69646145-c176-4c15-bc0e-ac89cadd97e8,123,105,left,rule_based
11.0,11.0,100.0,16.0,4.0,2.0,1.0,1.0,1.0,0.0,1.0,0.0,1.0,69646145-c176-4c15-bc0e-ac89cadd97e8,124,105,left,rule_based
11.0,11.0,99.0,16.0,3.0,2.0,1.0,1.0,1.0,0.0,1.0,0.0,-1.0,69646145-c176-4c15-bc0e-ac89cadd97e8,125,105,down,rule_based
11.0,11.0,100.0,17.0,3.0,1.0,0.0,1.0,1.0,1.0,2.0,1.0,-1.0,69646145-c176-4c15-bc0e-ac89cadd97e8,126,105,left,rule_based
11.0,11.0,99.0,17.0,2.0,1.0,1.0,1.0,1.0,0.0,1.0,0.0,1.0,69646145-c176-4c15-bc0e-ac89cadd97e8,127,105,left,rule_based
11.0,11.0,98.0,17.0,1.0,1.0,1.0,1.0,1.0,0.0,2.0,1.0,1.0,69646145-c176-4c15-bc0e-ac89cadd97e8,128,105,up,rule_based
11.0,11.0,97.0,17.0,1.0,2.0,1.0,0.0,1.0,1.0,1.0,1.0,0.0,69646145-c176-4c15-bc0e-ac89cadd97e8,129,105,up,rule_based
11.0,11.0,96.0,17.0,1.0,3.0,1.0,0.0,1.0,1.0,2.0,1.0,-1.0,69646145-c176-4c15-bc0e-ac89cadd97e8,130,105,up,rule_based
11.0,11.0,95.0,17.0,1.0,4.0,1.0,0.0,1.0,1.0,2.0,1.0,1.0,69646145-c176-4c15-bc0e-ac89cadd97e8,131,105,left,rule_based
11.0,11.0,94.0,17.0,0.0,4.0,1.0,1.0,0.0,0.0,3.0,2.0,1.0,69646145-c176-4c15-bc0e-ac89cadd97e8,132,105,up,rule_based
11.0,11.0,93.0,17.0,0.0,5.0,1.0,0.0,0.0,1.0,2.0,2.0,0.0,69646145-c176-4c15-bc0e-ac89cadd97e8,133,105,right,rule_based
11.0,11.0,92.0,17.0,1.0,5.0,1.0,0.0,0.0,1.0,1.0,1.0,0.0,69646145-c176-4c15-bc0e-ac89cadd97e8,134,105,up,rule_based
11.0,11.0,91.0,17.0,1.0,6.0,1.0,0.0,1.0,1.0,2.0,1.0,-1.0,69646145-c176-4c15-bc0e-ac89cadd97e8,135,105,right,rule_based
11.0,11.0,90.0,17.0,2.0,6.0,1.0,1.0,0.0,1.0,1.0,0.0,-1.0,69646145-c176-4c15-bc0e-ac89cadd97e8,136,105,up,rule_based
11.0,11.0,89.0,17.0,2.0,7.0,1.0,0.0,1.0,1.0,1.0,0.0,1.0,69646145-c176-4c15-bc0e-ac89cadd97e8,137,105,up,rule_based
11.0,11.0,100.0,18.0,2.0,8.0,1.0,0.0,1.0,1.0,2.0,2.0,0.0,69646145-c176-4c15-bc0e-ac89cadd97e8,138,105,right,rule_based
11.0,11.0,99.0,18.0,3.0,8.0,1.0,1.0,0.0,1.0,1.0,1.0,0.0,69646145-c176-4c15-bc0e-ac89cadd97e8,139,105,up,rule_based
11.0,11.0,98.0,18.0,3.0,9.0,1.0,0.0,1.0,1.0,2.0,1.0,-1.0,69646145-c176-4c15-bc0e-ac89cadd97e8,140,105,right,rule_based
11.0,11.0,97.0,18.0,4.0,9.0,1.0,1.0,0.0,1.0,1.0,0.0,-1.0,69646145-c176-4c15-bc0e-ac89cadd97e8,141,105,up,rule_based
11.0,11.0,96.0,18.0,4.0,10.0,0.0,0.0,1.0,1.0,2.0,0.0,-2.0,69646145-c176-4c15-bc0e-ac89cadd97e8,142,105,right,rule_based
11.0,11.0,95.0,18.0,5.0,10.0,0.0,1.0,0.0,1.0,3.0,-1.0,-2.0,69646145-c176-4c15-bc0e-ac89cadd97e8,143,105,down,rule_based
11.0,11.0,94.0,18.0,5.0,9.0,0.0,1.0,0.0,1.0,2.0,-1.0,-1.0,69646145-c176-4c15-bc0e-ac89cadd97e8,144,105,right,rule_based
11.0,11.0,93.0,18.0,6.0,9.0,1.0,1.0,0.0,1.0,2.0,1.0,-1.0,69646145-c176-4c15-bc0e-ac89cadd97e8,145,105,right,rule_based
11.0,11.0,92.0,18.0,7.0,9.0,1.0,1.0,0.0,1.0,1.0,0.0,-1.0,69646145-c176-4c15-bc0e-ac89cadd97e8,146,105,down,rule_based
11.0,11.0,100.0,19.0,7.0,8.0,0.0,1.0,1.0,1.0,2.0,-1.0,-1.0,69646145-c176-4c15-bc0e-ac89cadd97e8,147,105,left,rule_based
11.0,11.0,99.0,19.0,6.0,8.0,0.0,1.0,1.0,0.0,1.0,0.0,-1.0,69646145-c176-4c15-bc0e-ac89cadd97e8,148,105,left,rule_based
11.0,11.0,98.0,19.0,5.0,8.0,0.0,1.0,1.0,0.0,1.0,-1.0,0.0,69646145-c176-4c15-bc0e-ac89cadd97e8,149,105,left,rule_based
11.0,11.0,100.0,20.0,4.0,8.0,0.0,1.0,0.0,0.0,2.0,-1.0,-1.0,69646145-c176-4c15-bc0e-ac89cadd97e8,150,105,down,rule_based
11.0,11.0,99.0,20.0,4.0,7.0,0.0,1.0,1.0,1.0,1.0,-1.0,0.0,69646145-c176-4c15-bc0e-ac89cadd97e8,151,105,left,rule_based
11.0,11.0,100.0,21.0,3.0,7.0,0.0,1.0,0.0,0.0,2.0,0.0,-2.0,69646145-c176-4c15-bc0e-ac89cadd97e8,152,105,down,rule_based
11.0,11.0,99.0,21.0,3.0,6.0,0.0,1.0,0.0,1.0,1.0,0.0,-1.0,69646145-c176-4c15-bc0e-ac89cadd97e8,153,105,down,rule_based
11.0,11.0,100.0,22.0,3.0,5.0,0.0,1.0,1.0,1.0,1.0,-1.0,0.0,69646145-c176-4c15-bc0e-ac89cadd97e8,154,105,right,rule_based
11.0,11.0,99.0,22.0,4.0,5.0,1.0,1.0,0.0,1.0,2.0,-2.0,0.0,69646145-c176-4c15-bc0e-ac89cadd97e8,155,105,up,rule_based
11.0,11.0,98.0,22.0,4.0,6.0,0.0,0.0,0.0,1.0,3.0,-2.0,-1.0,69646145-c176-4c15-bc0e-ac89cadd97e8,156,105,right,rule_based
11.0,11.0,97.0,22.0,5.0,6.0,1.0,1.0,0.0,1.0,2.0,1.0,1.0,69646145-c176-4c15-bc0e-ac89cadd97e8,157,105,down,rule_based
11.0,11.0,96.0,22.0,5.0,5.0,0.0,1.0,0.0,1.0,3.0,-3.0,0.0,69646145-c176-4c15-bc0e-ac89cadd97e8,158,105,down,rule_based
11.0,11.0,95.0,22.0,5.0,4.0,0.0,1.0,1.0,1.0,2.0,-1.0,-1.0,69646145-c176-4c15-bc0e-ac89cadd97e8,159,105,down,rule_based
11.0,11.0,94.0,22.0,5.0,3.0,0.0,1.0,1.0,1.0,1.0,-1.0,0.0,69646145-c176-4c15-bc0e-ac89cadd97e8,160,105,right,rule_based
11.0,11.0,93.0,22.0,6.0,3.0,1.0,1.0,0.0,1.0,2.0,-2.0,0.0,69646145-c176-4c15-bc0e-ac89cadd97e8,161,105,up,rule_based
11.0,11.0,92.0,22.0,6.0,4.0,1.0,0.0,0.0,1.0,3.0,-2.0,-1.0,69646145-c176-4c15-bc0e-ac89cadd97e8,162,105,up,rule_based
11.0,11.0,91.0,22.0,6.0,5.0,1.0,0.0,0.0,1.0,2.0,0.0,2.0,69646145-c176-4c15-bc0e-ac89cadd97e8,163,105,up,rule_based
11.0,11.0,90.0,22.0,6.0,6.0,1.0,0.0,0.0,1.0,1.0,0.0,1.0,69646145-c176-4c15-bc0e-ac89cadd97e8,164,105,right,rule_based
11.0,11.0,89.0,22.0,7.0,6.0,1.0,1.0,0.0,1.0,2.0,-1.0,1.0,69646145-c176-4c15-bc0e-ac89cadd97e8,165,105,up,rule_based
11.0,11.0,88.0,22.0,7.0,7.0,0.0,0.0,1.0,1.0,1.0,-1.0,0.0,69646145-c176-4c15-bc0e-ac89cadd97e8,166,105,right,rule_based
11.0,11.0,87.0,22.0,8.0,7.0,1.0,1.0,0.0,1.0,2.0,-2.0,0.0,69646145-c176-4c15-bc0e-ac89cadd97e8,167,105,right,rule_based
11.0,11.0,86.0,22.0,9.0,7.0,1.0,1.0,0.0,1.0,3.0,-3.0,0.0,69646145-c176-4c15-bc0e-ac89cadd97e8,168,105,right,rule_based
11.0,11.0,85.0,22.0,10.0,7.0,1.0,1.0,0.0,0.0,4.0,-4.0,0.0,69646145-c176-4c15-bc0e-ac89cadd97e8,169,105,up,rule_based
11.0,11.0,84.0,22.0,10.0,8.0,1.0,0.0,1.0,0.0,5.0,-4.0,-1.0,69646145-c176-4c15-bc0e-ac89cadd97e8,170,105,left,rule_based
11.0,11.0,83.0,22.0,9.0,8.0,1.0,0.0,1.0,0.0,4.0,-3.0,-1.0,69646145-c176-4c15-bc0e-ac89cadd97e8,171,105,up,rule_based
11.0,11.0,82.0,22.0,9.0,9.0,1.0,0.0,1.0,1.0,5.0,-3.0,-2.0,69646145-c176-4c15-bc0e-ac89cadd97e8,172,105,right,rule_based
11.0,11.0,81.0,22.0,10.0,9.0,1.0,0.0,0.0,0.0,6.0,-4.0,-2.0,69646145-c176-4c15-bc0e-ac89cadd97e8,173,105,up,rule_based
11.0,11.0,80.0,22.0,10.0,10.0,0.0,0.0,1.0,0.0,7.0,-4.0,-3.0,69646145-c176-4c15-bc0e-ac89cadd97e8,174,105,left,rule_based
11.0,11.0,79.0,22.0,9.0,10.0,0.0,0.0,1.0,0.0,6.0,-3.0,-3.0,69646145-c176-4c15-bc0e-ac89cadd97e8,175,105,left,rule_based
11.0,11.0,78.0,22.0,8.0,10.0,0.0,1.0,1.0,0.0,4.0,-3.0,-1.0,69646145-c176-4c15-bc0e-ac89cadd97e8,176,105,left,rule_based
11.0,11.0,77.0,22.0,7.0,10.0,0.0,1.0,1.0,0.0,3.0,-2.0,-1.0,69646145-c176-4c15-bc0e-ac89cadd97e8,177,105,down,rule_based
11.0,11.0,76.0,22.0,7.0,9.0,0.0,1.0,1.0,1.0,2.0,-2.0,0.0,69646145-c176-4c15-bc0e-ac89cadd97e8,178,105,right,rule_based
11.0,11.0,75.0,22.0,8.0,9.0,0.0,1.0,0.0,0.0,3.0,-3.0,0.0,69646145-c176-4c15-bc0e-ac89cadd97e8,179,105,down,rule_based
11.0,11.0,74.0,22.0,8.0,8.0,0.0,0.0,1.0,0.0,3.0,-2.0,-1.0,69646145-c176-4c15-bc0e-ac89cadd97e8,180,105,left,rule_based
11.0,11.0,73.0,22.0,7.0,8.0,0.0,0.0,1.0,0.0,2.0,-1.0,-1.0,69646145-c176-4c15-bc0e-ac89cadd97e8,181,105,left,rule_based
11.0,11.0,72.0,22.0,6.0,8.0,1.0,1.0,1.0,0.0,1.0,0.0,-1.0,69646145-c176-4c15-bc0e-ac89cadd97e8,182,105,left,rule_based
11.0,11.0,71.0,22.0,5.0,8.0,1.0,1.0,1.0,0.0,1.0,0.0,1.0,69646145-c176-4c15-bc0e-ac89cadd97e8,183,105,up,rule_based
11.0,11.0,100.0,23.0,5.0,9.0,1.0,0.0,1.0,1.0,2.0,-1.0,-1.0,69646145-c176-4c15-bc0e-ac89cadd97e8,184,105,right,rule_based
11.0,11.0,99.0,23.0,6.0,9.0,1.0,0.0,0.0,0.0,2.0,0.0,-2.0,69646145-c176-4c15-bc0e-ac89cadd97e8,185,105,up,rule_based
11.0,11.0,98.0,23.0,6.0,10.0,0.0,0.0,1.0,0.0,3.0,0.0,-3.0,69646145-c176-4c15-bc0e-ac89cadd97e8,186,105,left,rule_based
11.0,11.0,97.0,23.0,5.0,10.0,0.0,0.0,1.0,0.0,3.0,-1.0,-2.0,69646145-c176-4c15-bc0e-ac89cadd97e8,187,105,left,rule_based
11.0,11.0,96.0,23.0,4.0,10.0,0.0,1.0,1.0,0.0,2.0,0.0,-2.0,69646145-c176-4c15-bc0e-ac89cadd97e8,188,105,down,rule_based
11.0,11.0,95.0,23.0,4.0,9.0,0.0,1.0,1.0,0.0,1.0,0.0,-1.0,69646145-c176-4c15-bc0e-ac89cadd97e8,189,105,left,rule_based
11.0,11.0,94.0,23.0,3.0,9.0,1.0,1.0,1.0,0.0,2.0,1.0,-1.0,69646145-c176-4c15-bc0e-ac89cadd97e8,190,105,down,rule_based
11.0,11.0,93.0,23.0,3.0,8.0,0.0,1.0,1.0,1.0,1.0,1.0,0.0,69646145-c176-4c15-bc0e-ac89cadd97e8,191,105,left,rule_based
11.0,11.0,92.0,23.0,2.0,8.0,1.0,1.0,1.0,0.0,2.0,2.0,0.0,69646145-c176-4c15-bc0e-ac89cadd97e8,192,105,left,rule_based
11.0,11.0,91.0,23.0,1.0,8.0,1.0,1.0,1.0,0.0,3.0,3.0,0.0,69646145-c176-4c15-bc0e-ac89cadd97e8,193,105,down,rule_based
11.0,11.0,90.0,23.0,1.0,7.0,0.0,1.0,1.0,1.0,3.0,1.0,-2.0,69646145-c176-4c15-bc0e-ac89cadd97e8,194,105,left,rule_based
11.0,11.0,89.0,23.0,0.0,7.0,1.0,1.0,0.0,0.0,4.0,2.0,-2.0,69646145-c176-4c15-bc0e-ac89cadd97e8,195,105,down,rule_based
11.0,11.0,88.0,23.0,0.0,6.0,0.0,1.0,0.0,1.0,3.0,2.0,-1.0,69646145-c176-4c15-bc0e-ac89cadd97e8,196,105,right,rule_based
11.0,11.0,87.0,23.0,1.0,6.0,0.0,1.0,0.0,1.0,2.0,1.0,-1.0,69646145-c176-4c15-bc0e-ac89cadd97e8,197,105,down,rule_based
11.0,11.0,86.0,23.0,1.0,5.0,0.0,1.0,1.0,1.0,1.0,1.0,0.0,69646145-c176-4c15-bc0e-ac89cadd97e8,198,105,left,rule_based
11.0,11.0,85.0,23.0,0.0,5.0,0.0,1.0,0.0,0.0,2.0,2.0,0.0,69646145-c176-4c15-bc0e-ac89cadd97e8,199,105,down,rule_based
11.0,11.0,84.0,23.0,0.0,4.0,0.0,1.0,0.0,1.0,3.0,2.0,1.0,69646145-c176-4c15-bc0e-ac89cadd97e8,200,105,right,rule_based
11.0,11.0,83.0,23.0,1.0,4.0,0.0,1.0,0.0,1.0,2.0,1.0,1.0,69646145-c176-4c15-bc0e-ac89cadd97e8,201,105,down,rule_based
11.0,11.0,82.0,23.0,1.0,3.0,0.0,1.0,1.0,1.0,2.0,1.0,-1.0,69646145-c176-4c15-bc0e-ac89cadd97e8,202,105,left,rule_based
11.0,11.0,81.0,23.0,0.0,3.0,0.0,1.0,0.0,0.0,3.0,2.0,-1.0,69646145-c176-4c15-bc0e-ac89cadd97e8,203,105,down,rule_based
11.0,11.0,80.0,23.0,0.0,2.0,0.0,1.0,0.0,1.0,2.0,2.0,0.0,69646145-c176-4c15-bc0e-ac89cadd97e8,204,105,right,rule_based
11.0,11.0,79.0,23.0,1.0,2.0,0.0,1.0,0.0,1.0,1.0,1.0,0.0,69646145-c176-4c15-bc0e-ac89cadd97e8,205,105,right,rule_based
11.0,11.0,100.0,24.0,2.0,2.0,1.0,1.0,0.0,1.0,1.0,1.0,0.0,69646145-c176-4c15-bc0e-ac89cadd97e8,206,105,up,rule_based
11.0,11.0,99.0,24.0,2.0,3.0,1.0,0.0,0.0,1.0,2.0,0.0,2.0,69646145-c176-4c15-bc0e-ac89cadd97e8,207,105,right,rule_based
11.0,11.0,98.0,24.0,3.0,3.0,1.0,1.0,0.0,1.0,1.0,1.0,0.0,69646145-c176-4c15-bc0e-ac89cadd97e8,208,105,up,rule_based
11.0,11.0,97.0,24.0,3.0,4.0,1.0,0.0,1.0,1.0,2.0,-1.0,1.0,69646145-c176-4c15-bc0e-ac89cadd97e8,209,105,left,rule_based
11.0,11.0,96.0,24.0,2.0,4.0,1.0,0.0,0.0,0.0,1.0,0.0,1.0,69646145-c176-4c15-bc0e-ac89cadd97e8,210,105,up,rule_based
11.0,11.0,100.0,25.0,2.0,5.0,1.0,0.0,0.0,1.0,4.0,2.0,-2.0,69646145-c176-4c15-bc0e-ac89cadd97e8,211,105,right,rule_based
11.0,11.0,99.0,25.0,3.0,5.0,1.0,0.0,0.0,1.0,3.0,1.0,-2.0,69646145-c176-4c15-bc0e-ac89cadd97e8,212,105,right,rule_based
11.0,11.0,98.0,25.0,4.0,5.0,1.0,1.0,0.0,1.0,2.0,0.0,-2.0,69646145-c176-4c15-bc0e-ac89cadd97e8,213,105,down,rule_based
11.0,11.0,97.0,25.0,4.0,4.0,0.0,1.0,0.0,1.0,1.0,0.0,-1.0,69646145-c176-4c15-bc0e-ac89cadd97e8,214,105,right,rule_based
11.0,11.0,96.0,25.0,5.0,4.0,1.0,1.0,0.0,1.0,2.0,-1.0,-1.0,69646145-c176-4c15-bc0e-ac89cadd97e8,215,105,right,rule_based
11.0,11.0,95.0,25.0,6.0,4.0,1.0,1.0,0.0,1.0,1.0,1.0,0.0,69646145-c176-4c15-bc0e-ac89cadd97e8,216,105,down,rule_based
11.0,11.0,94.0,25.0,6.0,3.0,0.0,1.0,1.0,1.0,2.0,-2.0,0.0,69646145-c176-4c15-bc0e-ac89cadd97e8,217,105,left,rule_based
11.0,11.0,93.0,25.0,5.0,3.0,0.0,1.0,1.0,0.0,1.0,-1.0,0.0,69646145-c176-4c15-bc0e-ac89cadd97e8,218,105,down,rule_based
11.0,11.0,92.0,25.0,5.0,2.0,0.0,1.0,1.0,1.0,2.0,-1.0,1.0,69646145-c176-4c15-bc0e-ac89cadd97e8,219,105,right,rule_based
11.0,11.0,91.0,25.0,6.0,2.0,0.0,1.0,0.0,1.0,3.0,-2.0,1.0,69646145-c176-4c15-bc0e-ac89cadd97e8,220,105,down,rule_based
11.0,11.0,90.0,25.0,6.0,1.0,0.0,1.0,1.0,1.0,3.0,-2.0,-1.0,69646145-c176-4c15-bc0e-ac89cadd97e8,221,105,down,rule_based
11.0,11.0,89.0,25.0,6.0,0.0,0.0,0.0,1.0,1.0,2.0,-2.0,0.0,69646145-c176-4c15-bc0e-ac89cadd97e8,222,105,left,rule_based
11.0,11.0,88.0,25.0,5.0,0.0,1.0,0.0,1.0,0.0,1.0,-1.0,0.0,69646145-c176-4c15-bc0e-ac89cadd97e8,223,105,left,rule_based
11.0,11.0,100.0,26.0,4.0,0.0,1.0,0.0,1.0,0.0,3.0,0.0,3.0,69646145-c176-4c15-bc0e-ac89cadd97e8,224,105,left,rule_based
11.0,11.0,99.0,26.0,3.0,0.0,1.0,0.0,1.0,0.0,2.0,0.0,2.0,69646145-c176-4c15-bc0e-ac89cadd97e8,225,105,left,rule_based
11.0,11.0,98.0,26.0,2.0,0.0,1.0,0.0,1.0,0.0,2.0,-2.0,0.0,69646145-c176-4c15-bc0e-ac89cadd97e8,226,105,left,rule_based
11.0,11.0,97.0,26.0,1.0,0.0,1.0,0.0,1.0,0.0,1.0,-1.0,0.0,69646145-c176-4c15-bc0e-ac89cadd97e8,227,105,left,rule_based
11.0,11.0,100.0,27.0,0.0,0.0,1.0,0.0,0.0,0.0,2.0,1.0,1.0,69646145-c176-4c15-bc0e-ac89cadd97e8,228,105,up,rule_based
11.0,11.0,99.0,27.0,0.0,1.0,0.0,0.0,0.0,1.0,1.0,1.0,0.0,69646145-c176-4c15-bc0e-ac89cadd97e8,229,105,right,rule_based
11.0,11.0,100.0,28.0,1.0,1.0,0.0,0.0,0.0,1.0,3.0,2.0,1.0,69646145-c176-4c15-bc0e-ac89cadd97e8,230,105,right,rule_based
11.0,11.0,99.0,28.0,2.0,1.0,0.0,0.0,0.0,1.0,2.0,1.0,1.0,69646145-c176-4c15-bc0e-ac89cadd97e8,231,105,right,rule_based
11.0,11.0,98.0,28.0,3.0,1.0,1.0,0.0,0.0,1.0,1.0,0.0,1.0,69646145-c176-4c15-bc0e-ac89cadd97e8,232,105,up,rule_based
11.0,11.0,100.0,29.0,3.0,2.0,0.0,0.0,0.0,1.0,2.0,1.0,1.0,69646145-c176-4c15-bc0e-ac89cadd97e8,233,105,right,rule_based
11.0,11.0,99.0,29.0,4.0,2.0,1.0,1.0,0.0,0.0,1.0,0.0,1.0,69646145-c176-4c15-bc0e-ac89cadd97e8,234,105,down,rule_based
11.0,11.0,98.0,29.0,4.0,1.0,0.0,0.0,0.0,1.0,2.0,0.0,2.0,69646145-c176-4c15-bc0e-ac89cadd97e8,235,105,right,rule_based
11.0,11.0,100.0,3.0,9.0,9.0,1.0,1.0,1.0,1.0,2.0,-1.0,1.0,60211497-58fa-4685-9478-27420b1e3fa5,0,106,right,rule_based
11.0,11.0,99.0,3.0,10.0,9.0,1.0,1.0,0.0,0.0,3.0,-2.0,1.0,60211497-58fa-4685-9478-27420b1e3fa5,1,106,up,rule_based
11.0,11.0,98.0,3.0,10.0,10.0,0.0,0.0,1.0,0.0,2.0,-2.0,0.0,60211497-58fa-4685-9478-27420b1e3fa5,2,106,left,rule_based
11.0,11.0,97.0,3.0,9.0,10.0,0.0,1.0,1.0,0.0,1.0,-1.0,0.0,60211497-58fa-4685-9478-27420b1e3fa5,3,106,down,rule_based
11.0,11.0,96.0,3.0,9.0,9.0,0.0,1.0,1.0,1.0,2.0,-1.0,1.0,60211497-58fa-4685-9478-27420b1e3fa5,4,106,left,rule_based
11.0,11.0,95.0,3.0,8.0,9.0,1.0,1.0,1.0,0.0,1.0,0.0,1.0,60211497-58fa-4685-9478-27420b1e3fa5,5,106,up,rule_based
11.0,11.0,100.0,4.0,8.0,10.0,0.0,0.0,1.0,1.0,8.0,-3.0,-5.0,60211497-58fa-4685-9478-27420b1e3fa5,6,106,left,rule_based
11.0,11.0,99.0,4.0,7.0,10.0,0.0,1.0,1.0,0.0,5.0,1.0,-4.0,60211497-58fa-4685-9478-27420b1e3fa5,7,106,left,rule_based
11.0,11.0,98.0,4.0,6.0,10.0,0.0,1.0,1.0,0.0,5.0,3.0,-2.0,60211497-58fa-4685-9478-27420b1e3fa5,8,106,left,rule_based
11.0,11.0,97.0,4.0,5.0,10.0,0.0,1.0,1.0,0.0,5.0,0.0,-5.0,60211497-58fa-4685-9478-27420b1e3fa5,9,106,left,rule_based
11.0,11.0,96.0,4.0,4.0,10.0,0.0,1.0,1.0,0.0,6.0,1.0,-5.0,60211497-58fa-4685-9478-27420b1e3fa5,10,106,left,rule_based
11.0,11.0,95.0,4.0,3.0,10.0,0.0,1.0,1.0,0.0,7.0,2.0,-5.0,60211497-58fa-4685-9478-27420b1e3fa5,11,106,left,rule_based
11.0,11.0,94.0,4.0,2.0,10.0,0.0,1.0,1.0,0.0,8.0,3.0,-5.0,60211497-58fa-4685-9478-27420b1e3fa5,12,106,down,rule_based
11.0,11.0,93.0,4.0,2.0,9.0,0.0,1.0,1.0,1.0,7.0,3.0,-4.0,60211497-58fa-4685-9478-27420b1e3fa5,13,106,right,rule_based
11.0,11.0,92.0,4.0,3.0,9.0,0.0,1.0,0.0,1.0,6.0,2.0,-4.0,60211497-58fa-4685-9478-27420b1e3fa5,14,106,right,rule_based
11.0,11.0,91.0,4.0,4.0,9.0,1.0,1.0,0.0,1.0,5.0,1.0,-4.0,60211497-58fa-4685-9478-27420b1e3fa5,15,106,down,rule_based
11.0,11.0,90.0,4.0,4.0,8.0,0.0,1.0,1.0,1.0,4.0,1.0,-3.0,60211497-58fa-4685-9478-27420b1e3fa5,16,106,right,rule_based
11.0,11.0,89.0,4.0,5.0,8.0,1.0,1.0,0.0,1.0,3.0,0.0,-3.0,60211497-58fa-4685-9478-27420b1e3fa5,17,106,down,rule_based
11.0,11.0,88.0,4.0,5.0,7.0,0.0,1.0,1.0,1.0,2.0,0.0,-2.0,60211497-58fa-4685-9478-27420b1e3fa5,18,106,right,rule_based
11.0,11.0,87.0,4.0,6.0,7.0,1.0,1.0,0.0,1.0,3.0,-1.0,-2.0,60211497-58fa-4685-9478-27420b1e3fa5,19,106,up,rule_based
11.0,11.0,86.0,4.0,6.0,8.0,1.0,0.0,0.0,1.0,3.0,3.0,0.0,60211497-58fa-4685-9478-27420b1e3fa5,20,106,up,rule_based
11.0,11.0,85.0,4.0,6.0,9.0,1.0,0.0,1.0,1.0,4.0,3.0,-1.0,60211497-58fa-4685-9478-27420b1e3fa5,21,106,left,rule_based
11.0,11.0,84.0,4.0,5.0,9.0,1.0,1.0,1.0,0.0,4.0,0.0,-4.0,60211497-58fa-4685-9478-27420b1e3fa5,22,106,down,rule_based
11.0,11.0,83.0,4.0,5.0,8.0,0.0,1.0,1.0,0.0,3.0,0.0,-3.0,60211497-58fa-4685-9478-27420b1e3fa5,23,106,left,rule_based
11.0,11.0,82.0,4.0,4.0,8.0,1.0,1.0,1.0,0.0,3.0,-1.0,-2.0,60211497-58fa-4685-9478-27420b1e3fa5,24,106,down,rule_based
11.0,11.0,81.0,4.0,4.0,7.0,0.0,1.0,1.0,1.0,2.0,-1.0,-1.0,60211497-58fa-4685-9478-27420b1e3fa5,25,106,down,rule_based
11.0,11.0,80.0,4.0,4.0,6.0,0.0,1.0,1.0,1.0,1.0,-1.0,0.0,60211497-58fa-4685-9478-27420b1e3fa5,26,106,left,rule_based
11.0,11.0,100.0,5.0,3.0,6.0,1.0,1.0,1.0,0.0,2.0,1.0,-1.0,60211497-58fa-4685-9478-27420b1e3fa5,27,106,down,rule_based
11.0,11.0,99.0,5.0,3.0,5.0,0.0,1.0,1.0,1.0,1.0,1.0,0.0,60211497-58fa-4685-9478-27420b1e3fa5,28,106,left,rule_based
11.0,11.0,98.0,5.0,2.0,5.0,1.0,1.0,1.0,0.0,2.0,2.0,0.0,60211497-58fa-4685-9478-27420b1e3fa5,29,106,up,rule_based
11.0,11.0,97.0,5.0,2.0,6.0,1.0,0.0,1.0,0.0,3.0,2.0,-1.0,60211497-58fa-4685-9478-27420b1e3fa5,30,106,up,rule_based
11.0,11.0,96.0,5.0,2.0,7.0,1.0,0.0,1.0,1.0,4.0,2.0,-2.0,60211497-58fa-4685-9478-27420b1e3fa5,31,106,left,rule_based
11.0,11.0,95.0,5.0,1.0,7.0,1.0,1.0,1.0,0.0,4.0,0.0,-4.0,60211497-58fa-4685-9478-27420b1e3fa5,32,106,up,rule_based
11.0,11.0,94.0,5.0,1.0,8.0,1.0,0.0,1.0,1.0,5.0,0.0,-5.0,60211497-58fa-4685-9478-27420b1e3fa5,33,106,up,rule_based
11.0,11.0,93.0,5.0,1.0,9.0,1.0,0.0,1.0,1.0,6.0,0.0,-6.0,60211497-58fa-4685-9478-27420b1e3fa5,34,106,up,rule_based
11.0,11.0,92.0,5.0,1.0,10.0,0.0,0.0,1.0,1.0,7.0,0.0,-7.0,60211497-58fa-4685-9478-27420b1e3fa5,35,106,right,rule_based
11.0,11.0,91.0,5.0,2.0,10.0,0.0,1.0,0.0,1.0,7.0,2.0,-5.0,60211497-58fa-4685-9478-27420b1e3fa5,36,106,down,rule_based
11.0,11.0,90.0,5.0,2.0,9.0,0.0,1.0,0.0,1.0,6.0,2.0,-4.0,60211497-58fa-4685-9478-27420b1e3fa5,37,106,down,rule_based
11.0,11.0,89.0,5.0,2.0,8.0,0.0,1.0,1.0,1.0,5.0,2.0,-3.0,60211497-58fa-4685-9478-27420b1e3fa5,38,106,right,rule_based
11.0,11.0,88.0,5.0,3.0,8.0,1.0,1.0,0.0,1.0,4.0,1.0,-3.0,60211497-58fa-4685-9478-27420b1e3fa5,39,106,down,rule_based
11.0,11.0,87.0,5.0,3.0,7.0,0.0,1.0,1.0,1.0,3.0,1.0,-2.0,60211497-58fa-4685-9478-27420b1e3fa5,40,106,left,rule_based
11.0,11.0,86.0,5.0,2.0,7.0,0.0,1.0,1.0,0.0,4.0,2.0,-2.0,60211497-58fa-4685-9478-27420b1e3fa5,41,106,left,rule_based
11.0,11.0,85.0,5.0,1.0,7.0,1.0,1.0,1.0,0.0,4.0,0.0,-4.0,60211497-58fa-4685-9478-27420b1e3fa5,42,106,left,rule_based
11.0,11.0,84.0,5.0,0.0,7.0,1.0,1.0,0.0,0.0,5.0,1.0,-4.0,60211497-58fa-4685-9478-27420b1e3fa5,43,106,down,rule_based
11.0,11.0,83.0,5.0,0.0,6.0,0.0,1.0,0.0,1.0,4.0,1.0,-3.0,60211497-58fa-4685-9478-27420b1e3fa5,44,106,right,rule_based
11.0,11.0,82.0,5.0,1.0,6.0,0.0,1.0,0.0,1.0,3.0,0.0,-3.0,60211497-58fa-4685-9478-27420b1e3fa5,45,106,right,rule_based
11.0,11.0,81.0,5.0,2.0,6.0,1.0,1.0,0.0,1.0,3.0,2.0,-1.0,60211497-58fa-4685-9478-27420b1e3fa5,46,106,down,rule_based
11.0,11.0,80.0,5.0,2.0,5.0,0.0,1.0,1.0,1.0,2.0,2.0,0.0,60211497-58fa-4685-9478-27420b1e3fa5,47,106,down,rule_based
11.0,11.0,79.0,5.0,2.0,4.0,0.0,1.0,1.0,1.0,2.0,-1.0,-1.0,60211497-58fa-4685-9478-27420b1e3fa5,48,106,down,rule_based
11.0,11.0,78.0,5.0,2.0,3.0,0.0,1.0,1.0,1.0,1.0,-1.0,0.0,60211497-58fa-4685-9478-27420b1e3fa5,49,106,down,rule_based
11.0,11.0,77.0,5.0,2.0,2.0,0.0,1.0,1.0,1.0,2.0,-1.0,1.0,60211497-58fa-4685-9478-27420b1e3fa5,50,106,left,rule_based
11.0,11.0,76.0,5.0,1.0,2.0,1.0,1.0,1.0,0.0,1.0,0.0,1.0,60211497-58fa-4685-9478-27420b1e3fa5,51,106,up,rule_based
11.0,11.0,100.0,6.0,1.0,3.0,1.0,0.0,1.0,0.0,3.0,1.0,2.0,60211497-58fa-4685-9478-27420b1e3fa5,52,106,up,rule_based
11.0,11.0,99.0,6.0,1.0,4.0,1.0,0.0,1.0,0.0,2.0,1.0,1.0,60211497-58fa-4685-9478-27420b1e3fa5,53,106,up,rule_based
11.0,11.0,98.0,6.0,1.0,5.0,1.0,0.0,1.0,1.0,1.0,1.0,0.0,60211497-58fa-4685-9478-27420b1e3fa5,54,106,up,rule_based
11.0,11.0,97.0,6.0,1.0,6.0,1.0,0.0,1.0,1.0,2.0,2.0,0.0,60211497-58fa-4685-9478-27420b1e3fa5,55,106,left,rule_based
11.0,11.0,96.0,6.0,0.0,6.0,1.0,1.0,0.0,0.0,3.0,3.0,0.0,60211497-58fa-4685-9478-27420b1e3fa5,56,106,up,rule_based
11.0,11.0,95.0,6.0,0.0,7.0,1.0,0.0,0.0,1.0,4.0,3.0,-1.0,60211497-58fa-4685-9478-27420b1e3fa5,57,106,up,rule_based
11.0,11.0,94.0,6.0,0.0,8.0,1.0,0.0,0.0,1.0,5.0,3.0,-2.0,60211497-58fa-4685-9478-27420b1e3fa5,58,106,right,rule_based
11.0,11.0,93.0,6.0,1.0,8.0,1.0,1.0,0.0,1.0,4.0,2.0,-2.0,60211497-58fa-4685-9478-27420b1e3fa5,59,106,down,rule_based
11.0,11.0,92.0,6.0,1.0,7.0,0.0,0.0,0.0,1.0,3.0,2.0,-1.0,60211497-58fa-4685-9478-27420b1e3fa5,60,106,right,rule_based
11.0,11.0,91.0,6.0,2.0,7.0,1.0,1.0,0.0,1.0,2.0,1.0,-1.0,60211497-58fa-4685-9478-27420b1e3fa5,61,106,right,rule_based
11.0,11.0,90.0,6.0,3.0,7.0,1.0,1.0,0.0,1.0,1.0,0.0,-1.0,60211497-58fa-4685-9478-27420b1e3fa5,62,106,right,rule_based
11.0,11.0,89.0,6.0,4.0,7.0,1.0,1.0,0.0,1.0,2.0,0.0,-2.0,60211497-58fa-4685-9478-27420b1e3fa5,63,106,down,rule_based
11.0,11.0,88.0,6.0,4.0,6.0,0.0,1.0,1.0,1.0,1.0,0.0,-1.0,60211497-58fa-4685-9478-27420b1e3fa5,64,106,right,rule_based
11.0,11.0,87.0,6.0,5.0,6.0,1.0,1.0,0.0,1.0,1.0,0.0,-1.0,60211497-58fa-4685-9478-27420b1e3fa5,65,106,down,rule_based
11.0,11.0,100.0,7.0,5.0,5.0,0.0,1.0,1.0,1.0,1.0,-1.0,0.0,60211497-58fa-4685-9478-27420b1e3fa5,66,106,right,rule_based
11.0,11.0,99.0,7.0,6.0,5.0,1.0,1.0,0.0,1.0,1.0,1.0,0.0,60211497-58fa-4685-9478-27420b1e3fa5,67,106,down,rule_based
11.0,11.0,98.0,7.0,6.0,4.0,0.0,1.0,1.0,1.0,1.0,-1.0,0.0,60211497-58fa-4685-9478-27420b1e3fa5,68,106,down,rule_based
11.0,11.0,97.0,7.0,6.0,3.0,0.0,1.0,1.0,1.0,1.0,-1.0,0.0,60211497-58fa-4685-9478-27420b1e3fa5,69,106,right,rule_based
11.0,11.0,96.0,7.0,7.0,3.0,1.0,1.0,0.0,1.0,2.0,2.0,0.0,60211497-58fa-4685-9478-27420b1e3fa5,70,106,down,rule_based
11.0,11.0,95.0,7.0,7.0,2.0,0.0,1.0,1.0,1.0,3.0,2.0,1.0,60211497-58fa-4685-9478-27420b1e3fa5,71,106,down,rule_based
11.0,11.0,94.0,7.0,7.0,1.0,0.0,1.0,1.0,1.0,2.0,-2.0,0.0,60211497-58fa-4685-9478-27420b1e3fa5,72,106,right,rule_based
11.0,11.0,93.0,7.0,8.0,1.0,1.0,1.0,0.0,1.0,3.0,1.0,2.0,60211497-58fa-4685-9478-27420b1e3fa5,73,106,right,rule_based
11.0,11.0,92.0,7.0,9.0,1.0,1.0,1.0,0.0,1.0,2.0,0.0,2.0,60211497-58fa-4685-9478-27420b1e3fa5,74,106,down,rule_based
11.0,11.0,91.0,7.0,9.0,0.0,0.0,0.0,1.0,1.0,3.0,0.0,3.0,60211497-58fa-4685-9478-27420b1e3fa5,75,106,right,rule_based
11.0,11.0,90.0,7.0,10.0,0.0,1.0,0.0,0.0,0.0,4.0,-1.0,3.0,60211497-58fa-4685-9478-27420b1e3fa5,76,106,up,rule_based
11.0,11.0,89.0,7.0,10.0,1.0,1.0,0.0,0.0,0.0,3.0,-1.0,2.0,60211497-58fa-4685-9478-27420b1e3fa5,77,106,up,rule_based
11.0,11.0,88.0,7.0,10.0,2.0,1.0,0.0,1.0,0.0,2.0,-1.0,1.0,60211497-58fa-4685-9478-27420b1e3fa5,78,106,up,rule_based
11.0,11.0,87.0,7.0,10.0,3.0,1.0,0.0,1.0,0.0,1.0,-1.0,0.0,60211497-58fa-4685-9478-27420b1e3fa5,79,106,up,rule_based
11.0,11.0,100.0,8.0,10.0,4.0,1.0,0.0,1.0,0.0,2.0,-1.0,-1.0,60211497-58fa-4685-9478-27420b1e3fa5,80,106,left,rule_based
11.0,11.0,99.0,8.0,9.0,4.0,1.0,1.0,1.0,0.0,1.0,0.0,-1.0,60211497-58fa-4685-9478-27420b1e3fa5,81,106,left,rule_based
11.0,11.0,98.0,8.0,8.0,4.0,1.0,1.0,1.0,0.0,2.0,1.0,-1.0,60211497-58fa-4685-9478-27420b1e3fa5,82,106,left,rule_based
11.0,11.0,97.0,8.0,7.0,4.0,1.0,1.0,1.0,0.0,1.0,0.0,1.0,60211497-58fa-4685-9478-27420b1e3fa5,83,106,up,rule_based
11.0,11.0,100.0,9.0,7.0,5.0,1.0,0.0,1.0,1.0,1.0,0.0,1.0,60211497-58fa-4685-9478-27420b1e3fa5,84,106,right,rule_based
11.0,11.0,99.0,9.0,8.0,5.0,1.0,0.0,0.0,1.0,1.0,0.0,1.0,60211497-58fa-4685-9478-27420b1e3fa5,85,106,up,rule_based
11.0,11.0,100.0,10.0,8.0,6.0,1.0,0.0,1.0,1.0,1.0,-1.0,0.0,60211497-58fa-4685-9478-27420b1e3fa5,86,106,right,rule_based
11.0,11.0,99.0,10.0,9.0,6.0,1.0,1.0,0.0,1.0,1.0,0.0,-1.0,60211497-58fa-4685-9478-27420b1e3fa5,87,106,right,rule_based
11.0,11.0,98.0,10.0,10.0,6.0,1.0,1.0,0.0,0.0,2.0,-1.0,-1.0,60211497-58fa-4685-9478-27420b1e3fa5,88,106,down,rule_based
11.0,11.0,97.0,10.0,10.0,5.0,0.0,0.0,1.0,0.0,1.0,-1.0,0.0,60211497-58fa-4685-9478-27420b1e3fa5,89,106,left,rule_based
11.0,11.0,100.0,3.0,1.0,1.0,1.0,1.0,1.0,1.0,2.0,1.0,-1.0,8f2bbad9-6430-431a-a551-b4e85d2c0f01,0,107,down,rule_based
11.0,11.0,99.0,3.0,1.0,0.0,0.0,0.0,1.0,1.0,1.0,1.0,0.0,8f2bbad9-6430-431a-a551-b4e85d2c0f01,1,107,right,rule_based
11.0,11.0,100.0,4.0,2.0,0.0,1.0,0.0,0.0,1.0,8.0,3.0,5.0,8f2bbad9-6430-431a-a551-b4e85d2c0f01,2,107,right,rule_based
11.0,11.0,99.0,4.0,3.0,0.0,1.0,0.0,0.0,1.0,7.0,2.0,5.0,8f2bbad9-6430-431a-a551-b4e85d2c0f01,3,107,right,rule_based
11.0,11.0,98.0,4.0,4.0,0.0,1.0,0.0,0.0,1.0,6.0,1.0,5.0,8f2bbad9-6430-431a-a551-b4e85d2c0f01,4,107,up,rule_based
11.0,11.0,97.0,4.0,4.0,1.0,1.0,0.0,1.0,1.0,5.0,1.0,4.0,8f2bbad9-6430-431a-a551-b4e85d2c0f01,5,107,left,rule_based
11.0,11.0,96.0,4.0,3.0,1.0,1.0,0.0,1.0,0.0,2.0,-1.0,-1.0,8f2bbad9-6430-431a-a551-b4e85d2c0f01,6,107,up,rule_based
11.0,11.0,95.0,4.0,3.0,2.0,1.0,0.0,1.0,1.0,3.0,-1.0,-2.0,8f2bbad9-6430-431a-a551-b4e85d2c0f01,7,107,left,rule_based
11.0,11.0,94.0,4.0,2.0,2.0,1.0,1.0,1.0,0.0,2.0,0.0,-2.0,8f2bbad9-6430-431a-a551-b4e85d2c0f01,8,107,down,rule_based
11.0,11.0,93.0,4.0,2.0,1.0,0.0,1.0,1.0,0.0,1.0,0.0,-1.0,8f2bbad9-6430-431a-a551-b4e85d2c0f01,9,107,down,rule_based
11.0,11.0,100.0,5.0,2.0,0.0,0.0,0.0,1.0,1.0,3.0,-1.0,2.0,8f2bbad9-6430-431a-a551-b4e85d2c0f01,10,107,right,rule_based
11.0,11.0,99.0,5.0,3.0,0.0,1.0,0.0,0.0,1.0,4.0,-2.0,2.0,8f2bbad9-6430-431a-a551-b4e85d2c0f01,11,107,right,rule_based
11.0,11.0,98.0,5.0,4.0,0.0,1.0,0.0,0.0,1.0,5.0,-3.0,2.0,8f2bbad9-6430-431a-a551-b4e85d2c0f01,12,107,up,rule_based
11.0,11.0,97.0,5.0,4.0,1.0,1.0,0.0,1.0,1.0,4.0,-3.0,1.0,8f2bbad9-6430-431a-a551-b4e85d2c0f01,13,107,up,rule_based
11.0,11.0,96.0,5.0,4.0,2.0,1.0,0.0,1.0,1.0,3.0,-3.0,0.0,8f2bbad9-6430-431a-a551-b4e85d2c0f01,14,107,right,rule_based
11.0,11.0,95.0,5.0,5.0,2.0,1.0,1.0,0.0,1.0,3.0,0.0,3.0,8f2bbad9-6430-431a-a551-b4e85d2c0f01,15,107,up,rule_based
11.0,11.0,94.0,5.0,5.0,3.0,1.0,0.0,1.0,1.0,2.0,0.0,2.0,8f2bbad9-6430-431a-a551-b4e85d2c0f01,16,107,up,rule_based
11.0,11.0,93.0,5.0,5.0,4.0,1.0,0.0,1.0,1.0,1.0,0.0,1.0,8f2bbad9-6430-431a-a551-b4e85d2c0f01,17,107,right,rule_based
11.0,11.0,92.0,5.0,6.0,4.0,1.0,1.0,0.0,1.0,2.0,-1.0,1.0,8f2bbad9-6430-431a-a551-b4e85d2c0f01,18,107,right,rule_based
11.0,11.0,91.0,5.0,7.0,4.0,1.0,1.0,0.0,1.0,3.0,-2.0,1.0,8f2bbad9-6430-431a-a551-b4e85d2c0f01,19,107,up,rule_based
11.0,11.0,90.0,5.0,7.0,5.0,1.0,0.0,1.0,1.0,2.0,-2.0,0.0,8f2bbad9-6430-431a-a551-b4e85d2c0f01,20,107,up,rule_based
11.0,11.0,89.0,5.0,7.0,6.0,1.0,0.0,1.0,1.0,3.0,-2.0,-1.0,8f2bbad9-6430-431a-a551-b4e85d2c0f01,21,107,left,rule_based
11.0,11.0,88.0,5.0,6.0,6.0,1.0,1.0,1.0,0.0,2.0,-1.0,-1.0,8f2bbad9-6430-431a-a551-b4e85d2c0f01,22,107,up,rule_based
11.0,11.0,87.0,5.0,6.0,7.0,1.0,0.0,1.0,1.0,2.0,-1.0,1.0,8f2bbad9-6430-431a-a551-b4e85d2c0f01,23,107,up,rule_based
11.0,11.0,86.0,5.0,6.0,8.0,1.0,0.0,1.0,1.0,1.0,-1.0,0.0,8f2bbad9-6430-431a-a551-b4e85d2c0f01,24,107,up,rule_based
11.0,11.0,85.0,5.0,6.0,9.0,1.0,0.0,1.0,1.0,2.0,-1.0,-1.0,8f2bbad9-6430-431a-a551-b4e85d2c0f01,25,107,up,rule_based
11.0,11.0,84.0,5.0,6.0,10.0,0.0,0.0,1.0,1.0,3.0,-1.0,-2.0,8f2bbad9-6430-431a-a551-b4e85d2c0f01,26,107,right,rule_based
11.0,11.0,83.0,5.0,7.0,10.0,0.0,1.0,0.0,1.0,3.0,2.0,-1.0,8f2bbad9-6430-431a-a551-b4e85d2c0f01,27,107,down,rule_based
11.0,11.0,82.0,5.0,7.0,9.0,0.0,1.0,0.0,1.0,2.0,2.0,0.0,8f2bbad9-6430-431a-a551-b4e85d2c0f01,28,107,down,rule_based
11.0,11.0,81.0,5.0,7.0,8.0,0.0,1.0,1.0,1.0,2.0,-2.0,0.0,8f2bbad9-6430-431a-a551-b4e85d2c0f01,29,107,left,rule_based
11.0,11.0,80.0,5.0,6.0,8.0,1.0,1.0,1.0,0.0,1.0,-1.0,0.0,8f2bbad9-6430-431a-a551-b4e85d2c0f01,30,107,down,rule_based
11.0,11.0,79.0,5.0,6.0,7.0,0.0,1.0,1.0,1.0,2.0,-1.0,1.0,8f2bbad9-6430-431a-a551-b4e85d2c0f01,31,107,down,rule_based
11.0,11.0,78.0,5.0,6.0,6.0,0.0,1.0,1.0,1.0,2.0,-1.0,-1.0,8f2bbad9-6430-431a-a551-b4e85d2c0f01,32,107,down,rule_based
11.0,11.0,77.0,5.0,6.0,5.0,0.0,1.0,1.0,1.0,1.0,-1.0,0.0,8f2bbad9-6430-431a-a551-b4e85d2c0f01,33,107,left,rule_based
11.0,11.0,100.0,6.0,5.0,5.0,1.0,1.0,1.0,0.0,3.0,0.0,3.0,8f2bbad9-6430-431a-a551-b4e85d2c0f01,34,107,down,rule_based
11.0,11.0,99.0,6.0,5.0,4.0,0.0,1.0,1.0,1.0,4.0,0.0,4.0,8f2bbad9-6430-431a-a551-b4e85d2c0f01,35,107,left,rule_based
11.0,11.0,98.0,6.0,4.0,4.0,1.0,1.0,1.0,0.0,3.0,-1.0,-2.0,8f2bbad9-6430-431a-a551-b4e85d2c0f01,36,107,up,rule_based
11.0,11.0,97.0,6.0,4.0,5.0,1.0,0.0,1.0,0.0,4.0,1.0,3.0,8f2bbad9-6430-431a-a551-b4e85d2c0f01,37,107,up,rule_based
11.0,11.0,96.0,6.0,4.0,6.0,1.0,0.0,1.0,1.0,3.0,1.0,2.0,8f2bbad9-6430-431a-a551-b4e85d2c0f01,38,107,right,rule_based
11.0,11.0,95.0,6.0,5.0,6.0,1.0,0.0,0.0,1.0,2.0,0.0,2.0,8f2bbad9-6430-431a-a551-b4e85d2c0f01,39,107,right,rule_based
11.0,11.0,94.0,6.0,6.0,6.0,1.0,1.0,0.0,1.0,3.0,-1.0,2.0,8f2bbad9-6430-431a-a551-b4e85d2c0f01,40,107,down,rule_based
11.0,11.0,93.0,6.0,6.0,5.0,0.0,1.0,1.0,1.0,4.0,-1.0,3.0,8f2bbad9-6430-431a-a551-b4e85d2c0f01,41,107,left,rule_based
11.0,11.0,92.0,6.0,5.0,5.0,0.0,1.0,0.0,0.0,3.0,0.0,3.0,8f2bbad9-6430-431a-a551-b4e85d2c0f01,42,107,down,rule_based
11.0,11.0,91.0,6.0,5.0,4.0,0.0,1.0,1.0,1.0,4.0,0.0,4.0,8f2bbad9-6430-431a-a551-b4e85d2c0f01,43,107,down,rule_based
11.0,11.0,90.0,6.0,5.0,3.0,0.0,1.0,1.0,1.0,3.0,-2.0,-1.0,8f2bbad9-6430-431a-a551-b4e85d2c0f01,44,107,left,rule_based
11.0,11.0,89.0,6.0,4.0,3.0,1.0,1.0,1.0,0.0,2.0,-1.0,-1.0,8f2bbad9-6430-431a-a551-b4e85d2c0f01,45,107,left,rule_based
11.0,11.0,88.0,6.0,3.0,3.0,1.0,1.0,1.0,0.0,1.0,0.0,-1.0,8f2bbad9-6430-431a-a551-b4e85d2c0f01,46,107,left,rule_based
11.0,11.0,87.0,6.0,2.0,3.0,1.0,1.0,1.0,0.0,1.0,-1.0,0.0,8f2bbad9-6430-431a-a551-b4e85d2c0f01,47,107,down,rule_based
11.0,11.0,86.0,6.0,2.0,2.0,0.0,1.0,1.0,1.0,1.0,-1.0,0.0,8f2bbad9-6430-431a-a551-b4e85d2c0f01,48,107,down,rule_based
11.0,11.0,85.0,6.0,2.0,1.0,0.0,1.0,1.0,1.0,2.0,-1.0,1.0,8f2bbad9-6430-431a-a551-b4e85d2c0f01,49,107,down,rule_based
11.0,11.0,84.0,6.0,2.0,0.0,0.0,0.0,1.0,1.0,3.0,-1.0,2.0,8f2bbad9-6430-431a-a551-b4e85d2c0f01,50,107,left,rule_based
11.0,11.0,83.0,6.0,1.0,0.0,1.0,0.0,1.0,0.0,2.0,0.0,2.0,8f2bbad9-6430-431a-a551-b4e85d2c0f01,51,107,up,rule_based
11.0,11.0,82.0,6.0,1.0,1.0,1.0,0.0,1.0,0.0,1.0,0.0,1.0,8f2bbad9-6430-431a-a551-b4e85d2c0f01,52,107,left,rule_based
11.0,11.0,81.0,6.0,0.0,1.0,1.0,1.0,0.0,0.0,2.0,1.0,1.0,8f2bbad9-6430-431a-a551-b4e85d2c0f01,53,107,up,rule_based
11.0,11.0,80.0,6.0,0.0,2.0,1.0,0.0,0.0,1.0,1.0,1.0,0.0,8f2bbad9-6430-431a-a551-b4e85d2c0f01,54,107,up,rule_based
11.0,11.0,79.0,6.0,0.0,3.0,1.0,0.0,0.0,1.0,1.0,1.0,0.0,8f2bbad9-6430-431a-a551-b4e85d2c0f01,55,107,right,rule_based
11.0,11.0,100.0,7.0,1.0,3.0,1.0,1.0,0.0,1.0,1.0,0.0,-1.0,8f2bbad9-6430-431a-a551-b4e85d2c0f01,56,107,down,rule_based
11.0,11.0,100.0,8.0,1.0,2.0,0.0,0.0,0.0,1.0,2.0,2.0,0.0,8f2bbad9-6430-431a-a551-b4e85d2c0f01,57,107,right,rule_based
11.0,11.0,99.0,8.0,2.0,2.0,1.0,1.0,0.0,1.0,1.0,1.0,0.0,8f2bbad9-6430-431a-a551-b4e85d2c0f01,58,107,right,rule_based
11.0,11.0,100.0,9.0,3.0,2.0,1.0,1.0,0.0,1.0,4.0,4.0,0.0,8f2bbad9-6430-431a-a551-b4e85d2c0f01,59,107,right,rule_based
11.0,11.0,99.0,9.0,4.0,2.0,1.0,1.0,0.0,1.0,3.0,3.0,0.0,8f2bbad9-6430-431a-a551-b4e85d2c0f01,60,107,down,rule_based
11.0,11.0,98.0,9.0,4.0,1.0,0.0,1.0,1.0,1.0,4.0,3.0,1.0,8f2bbad9-6430-431a-a551-b4e85d2c0f01,61,107,left,rule_based
11.0,11.0,97.0,9.0,3.0,1.0,0.0,1.0,1.0,0.0,5.0,4.0,1.0,8f2bbad9-6430-431a-a551-b4e85d2c0f01,62,107,down,rule_based
11.0,11.0,96.0,9.0,3.0,0.0,0.0,0.0,1.0,1.0,6.0,4.0,2.0,8f2bbad9-6430-431a-a551-b4e85d2c0f01,63,107,right,rule_based
11.0,11.0,95.0,9.0,4.0,0.0,0.0,0.0,0.0,1.0,5.0,3.0,2.0,8f2bbad9-6430-431a-a551-b4e85d2c0f01,64,107,right,rule_based
11.0,11.0,94.0,9.0,5.0,0.0,1.0,0.0,0.0,1.0,4.0,2.0,2.0,8f2bbad9-6430-431a-a551-b4e85d2c0f01,65,107,right,rule_based
11.0,11.0,93.0,9.0,6.0,0.0,1.0,0.0,0.0,1.0,3.0,1.0,2.0,8f2bbad9-6430-431a-a551-b4e85d2c0f01,66,107,right,rule_based
11.0,11.0,92.0,9.0,7.0,0.0,1.0,0.0,0.0,1.0,2.0,0.0,2.0,8f2bbad9-6430-431a-a551-b4e85d2c0f01,67,107,up,rule_based
11.0,11.0,91.0,9.0,7.0,1.0,1.0,0.0,1.0,1.0,1.0,0.0,1.0,8f2bbad9-6430-431a-a551-b4e85d2c0f01,68,107,right,rule_based
11.0,11.0,90.0,9.0,8.0,1.0,1.0,1.0,0.0,1.0,2.0,1.0,1.0,8f2bbad9-6430-431a-a551-b4e85d2c0f01,69,107,right,rule_based
11.0,11.0,89.0,9.0,9.0,1.0,1.0,1.0,0.0,1.0,1.0,0.0,1.0,8f2bbad9-6430-431a-a551-b4e85d2c0f01,70,107,down,rule_based
11.0,11.0,88.0,9.0,9.0,0.0,0.0,0.0,1.0,1.0,2.0,0.0,2.0,8f2bbad9-6430-431a-a551-b4e85d2c0f01,71,107,right,rule_based
11.0,11.0,87.0,9.0,10.0,0.0,1.0,0.0,0.0,0.0,3.0,0.0,3.0,8f2bbad9-6430-431a-a551-b4e85d2c0f01,72,107,up,rule_based
11.0,11.0,86.0,9.0,10.0,1.0,1.0,0.0,0.0,0.0,2.0,0.0,2.0,8f2bbad9-6430-431a-a551-b4e85d2c0f01,73,107,up,rule_based
11.0,11.0,85.0,9.0,10.0,2.0,1.0,0.0,1.0,0.0,1.0,0.0,1.0,8f2bbad9-6430-431a-a551-b4e85d2c0f01,74,107,left,rule_based
11.0,11.0,100.0,10.0,9.0,2.0,1.0,0.0,1.0,0.0,2.0,1.0,1.0,8f2bbad9-6430-431a-a551-b4e85d2c0f01,75,107,left,rule_based
11.0,11.0,99.0,10.0,8.0,2.0,1.0,0.0,1.0,0.0,1.0,-1.0,0.0,8f2bbad9-6430-431a-a551-b4e85d2c0f01,76,107,left,rule_based
11.0,11.0,100.0,11.0,7.0,2.0,1.0,0.0,1.0,0.0,2.0,-1.0,-1.0,8f2bbad9-6430-431a-a551-b4e85d2c0f01,77,107,left,rule_based
11.0,11.0,99.0,11.0,6.0,2.0,1.0,1.0,1.0,0.0,1.0,0.0,-1.0,8f2bbad9-6430-431a-a551-b4e85d2c0f01,78,107,down,rule_based
11.0,11.0,100.0,12.0,6.0,1.0,0.0,1.0,1.0,1.0,6.0,4.0,2.0,8f2bbad9-6430-431a-a551-b4e85d2c0f01,79,107,right,rule_based
11.0,11.0,99.0,12.0,7.0,1.0,0.0,1.0,0.0,0.0,5.0,3.0,2.0,8f2bbad9-6430-431a-a551-b4e85d2c0f01,80,107,down,rule_based
11.0,11.0,98.0,12.0,7.0,0.0,0.0,0.0,1.0,1.0,6.0,3.0,3.0,8f2bbad9-6430-431a-a551-b4e85d2c0f01,81,107,left,rule_based
11.0,11.0,97.0,12.0,6.0,0.0,0.0,0.0,1.0,0.0,7.0,4.0,3.0,8f2bbad9-6430-431a-a551-b4e85d2c0f01,82,107,left,rule_based
11.0,11.0,96.0,12.0,5.0,0.0,1.0,0.0,1.0,0.0,7.0,-1.0,6.0,8f2bbad9-6430-431a-a551-b4e85d2c0f01,83,107,left,rule_based
11.0,11.0,95.0,12.0,4.0,0.0,1.0,0.0,1.0,0.0,6.0,0.0,6.0,8f2bbad9-6430-431a-a551-b4e85d2c0f01,84,107,left,rule_based
11.0,11.0,94.0,12.0,3.0,0.0,1.0,0.0,1.0,0.0,6.0,0.0,6.0,8f2bbad9-6430-431a-a551-b4e85d2c0f01,85,107,up,rule_based
11.0,11.0,93.0,12.0,3.0,1.0,1.0,0.0,1.0,1.0,5.0,0.0,5.0,8f2bbad9-6430-431a-a551-b4e85d2c0f01,86,107,left,rule_based
11.0,11.0,92.0,12.0,2.0,1.0,1.0,1.0,1.0,0.0,6.0,0.0,6.0,8f2bbad9-6430-431a-a551-b4e85d2c0f01,87,107,left,rule_based
11.0,11.0,91.0,12.0,1.0,1.0,1.0,1.0,1.0,0.0,7.0,1.0,6.0,8f2bbad9-6430-431a-a551-b4e85d2c0f01,88,107,down,rule_based
11.0,11.0,90.0,12.0,1.0,0.0,0.0,0.0,1.0,1.0,8.0,1.0,7.0,8f2bbad9-6430-431a-a551-b4e85d2c0f01,89,107,right,rule_based
11.0,11.0,100.0,3.0,5.0,1.0,1.0,1.0,1.0,1.0,2.0,1.0,-1.0,eae57af7-1dae-4108-bda6-c436417664d9,0,108,down,rule_based
11.0,11.0,99.0,3.0,5.0,0.0,0.0,0.0,1.0,1.0,1.0,1.0,0.0,eae57af7-1dae-4108-bda6-c436417664d9,1,108,left,rule_based
11.0,11.0,98.0,3.0,4.0,0.0,1.0,0.0,1.0,0.0,2.0,2.0,0.0,eae57af7-1dae-4108-bda6-c436417664d9,2,108,left,rule_based
11.0,11.0,97.0,3.0,3.0,0.0,1.0,0.0,1.0,0.0,3.0,3.0,0.0,eae57af7-1dae-4108-bda6-c436417664d9,3,108,left,rule_based
11.0,11.0,96.0,3.0,2.0,0.0,1.0,0.0,1.0,0.0,4.0,4.0,0.0,eae57af7-1dae-4108-bda6-c436417664d9,4,108,left,rule_based
11.0,11.0,95.0,3.0,1.0,0.0,1.0,0.0,1.0,0.0,5.0,5.0,0.0,eae57af7-1dae-4108-bda6-c436417664d9,5,108,up,rule_based
11.0,11.0,94.0,3.0,1.0,1.0,1.0,0.0,1.0,1.0,4.0,1.0,3.0,eae57af7-1dae-4108-bda6-c436417664d9,6,108,up,rule_based
11.0,11.0,93.0,3.0,1.0,2.0,1.0,0.0,1.0,1.0,3.0,1.0,2.0,eae57af7-1dae-4108-bda6-c436417664d9,7,108,left,rule_based
11.0,11.0,92.0,3.0,0.0,2.0,1.0,1.0,0.0,0.0,4.0,2.0,2.0,eae57af7-1dae-4108-bda6-c436417664d9,8,108,up,rule_based
11.0,11.0,91.0,3.0,0.0,3.0,1.0,0.0,0.0,1.0,3.0,2.0,1.0,eae57af7-1dae-4108-bda6-c436417664d9,9,108,up,rule_based
11.0,11.0,90.0,3.0,0.0,4.0,1.0,0.0,0.0,1.0,2.0,2.0,0.0,eae57af7-1dae-4108-bda6-c436417664d9,10,108,up,rule_based
11.0,11.0,89.0,3.0,0.0,5.0,1.0,0.0,0.0,1.0,3.0,2.0,-1.0,eae57af7-1dae-4108-bda6-c436417664d9,11,108,right,rule_based
11.0,11.0,88.0,3.0,1.0,5.0,1.0,1.0,0.0,1.0,2.0,1.0,-1.0,eae57af7-1dae-4108-bda6-c436417664d9,12,108,up,rule_based
11.0,11.0,87.0,3.0,1.0,6.0,1.0,0.0,1.0,1.0,3.0,1.0,-2.0,eae57af7-1dae-4108-bda6-c436417664d9,13,108,up,rule_based
11.0,11.0,86.0,3.0,1.0,7.0,1.0,0.0,1.0,1.0,4.0,1.0,-3.0,eae57af7-1dae-4108-bda6-c436417664d9,14,108,up,rule_based
11.0,11.0,85.0,3.0,1.0,8.0,1.0,0.0,1.0,1.0,5.0,1.0,-4.0,eae57af7-1dae-4108-bda6-c436417664d9,15,108,up,rule_based
11.0,11.0,84.0,3.0,1.0,9.0,1.0,0.0,1.0,1.0,6.0,1.0,-5.0,eae57af7-1dae-4108-bda6-c436417664d9,16,108,right,rule_based
11.0,11.0,83.0,3.0,2.0,9.0,1.0,1.0,0.0,1.0,5.0,0.0,-5.0,eae57af7-1dae-4108-bda6-c436417664d9,17,108,down,rule_based
11.0,11.0,82.0,3.0,2.0,8.0,0.0,1.0,1.0,1.0,4.0,0.0,-4.0,eae57af7-1dae-4108-bda6-c436417664d9,18,108,down,rule_based
11.0,11.0,81.0,3.0,2.0,7.0,0.0,1.0,1.0,1.0,3.0,0.0,-3.0,eae57af7-1dae-4108-bda6-c436417664d9,19,108,right,rule_based
11.0,11.0,80.0,3.0,3.0,7.0,1.0,1.0,0.0,1.0,2.0,1.0,-1.0,eae57af7-1dae-4108-bda6-c436417664d9,20,108,down,rule_based
11.0,11.0,79.0,3.0,3.0,6.0,0.0,1.0,1.0,1.0,1.0,1.0,0.0,eae57af7-1dae-4108-bda6-c436417664d9,21,108,right,rule_based
11.0,11.0,100.0,4.0,4.0,6.0,1.0,1.0,0.0,1.0,2.0,1.0,-1.0,eae57af7-1dae-4108-bda6-c436417664d9,22,108,down,rule_based
11.0,11.0,99.0,4.0,4.0,5.0,0.0,1.0,1.0,1.0,1.0,1.0,0.0,eae57af7-1dae-4108-bda6-c436417664d9,23,108,down,rule_based
11.0,11.0,100.0,5.0,4.0,4.0,0.0,1.0,1.0,1.0,2.0,1.0,1.0,eae57af7-1dae-4108-bda6-c436417664d9,24,108,right,rule_based
11.0,11.0,99.0,5.0,5.0,4.0,1.0,1.0,0.0,1.0,1.0,0.0,1.0,eae57af7-1dae-4108-bda6-c436417664d9,25,108,right,rule_based
11.0,11.0,98.0,5.0,6.0,4.0,1.0,1.0,0.0,1.0,2.0,-1.0,1.0,eae57af7-1dae-4108-bda6-c436417664d9,26,108,right,rule_based
11.0,11.0,97.0,5.0,7.0,4.0,1.0,1.0,0.0,1.0,3.0,-2.0,1.0,eae57af7-1dae-4108-bda6-c436417664d9,27,108,right,rule_based
11.0,11.0,96.0,5.0,8.0,4.0,1.0,1.0,0.0,1.0,3.0,1.0,-2.0,eae57af7-1dae-4108-bda6-c436417664d9,28,108,up,rule_based
11.0,11.0,95.0,5.0,8.0,5.0,1.0,0.0,1.0,1.0,3.0,-3.0,0.0,eae57af7-1dae-4108-bda6-c436417664d9,29,108,right,rule_based
11.0,11.0,94.0,5.0,9.0,5.0,1.0,1.0,0.0,1.0,2.0,1.0,1.0,eae57af7-1dae-4108-bda6-c436417664d9,30,108,right,rule_based
11.0,11.0,93.0,5.0,10.0,5.0,1.0,1.0,0.0,0.0,1.0,0.0,1.0,eae57af7-1dae-4108-bda6-c436417664d9,31,108,down,rule_based
11.0,11.0,92.0,5.0,10.0,4.0,0.0,1.0,1.0,0.0,2.0,0.0,2.0,eae57af7-1dae-4108-bda6-c436417664d9,32,108,down,rule_based
11.0,11.0,91.0,5.0,10.0,3.0,0.0,1.0,1.0,0.0,2.0,-1.0,-1.0,eae57af7-1dae-4108-bda6-c436417664d9,33,108,left,rule_based
11.0,11.0,90.0,5.0,9.0,3.0,1.0,1.0,1.0,0.0,1.0,0.0,-1.0,eae57af7-1dae-4108-bda6-c436417664d9,34,108,left,rule_based
11.0,11.0,89.0,5.0,8.0,3.0,1.0,1.0,1.0,0.0,2.0,1.0,-1.0,eae57af7-1dae-4108-bda6-c436417664d9,35,108,down,rule_based
11.0,11.0,88.0,5.0,8.0,2.0,0.0,1.0,1.0,1.0,1.0,1.0,0.0,eae57af7-1dae-4108-bda6-c436417664d9,36,108,right,rule_based
11.0,11.0,100.0,6.0,9.0,2.0,0.0,1.0,0.0,1.0,3.0,-1.0,-2.0,eae57af7-1dae-4108-bda6-c436417664d9,37,108,down,rule_based
11.0,11.0,99.0,6.0,9.0,1.0,0.0,1.0,1.0,1.0,2.0,-1.0,-1.0,eae57af7-1dae-4108-bda6-c436417664d9,38,108,down,rule_based
11.0,11.0,98.0,6.0,9.0,0.0,0.0,0.0,1.0,1.0,1.0,-1.0,0.0,eae57af7-1dae-4108-bda6-c436417664d9,39,108,right,rule_based
11.0,11.0,97.0,6.0,10.0,0.0,1.0,0.0,0.0,0.0,2.0,-2.0,0.0,eae57af7-1dae-4108-bda6-c436417664d9,40,108,up,rule_based
11.0,11.0,96.0,6.0,10.0,1.0,1.0,0.0,0.0,0.0,3.0,-2.0,-1.0,eae57af7-1dae-4108-bda6-c436417664d9,41,108,up,rule_based
11.0,11.0,95.0,6.0,10.0,2.0,1.0,0.0,0.0,0.0,4.0,-2.0,-2.0,eae57af7-1dae-4108-bda6-c436417664d9,42,108,up,rule_based
11.0,11.0,94.0,6.0,10.0,3.0,1.0,0.0,1.0,0.0,3.0,0.0,3.0,eae57af7-1dae-4108-bda6-c436417664d9,43,108,left,rule_based
11.0,11.0,93.0,6.0,9.0,3.0,1.0,1.0,1.0,0.0,4.0,-1.0,-3.0,eae57af7-1dae-4108-bda6-c436417664d9,44,108,left,rule_based
11.0,11.0,92.0,6.0,8.0,3.0,1.0,1.0,1.0,0.0,3.0,0.0,-3.0,eae57af7-1dae-4108-bda6-c436417664d9,45,108,up,rule_based
11.0,11.0,91.0,6.0,8.0,4.0,1.0,0.0,1.0,1.0,4.0,-3.0,1.0,eae57af7-1dae-4108-bda6-c436417664d9,46,108,left,rule_based
11.0,11.0,90.0,6.0,7.0,4.0,1.0,1.0,1.0,0.0,3.0,-2.0,1.0,eae57af7-1dae-4108-bda6-c436417664d9,47,108,up,rule_based
11.0,11.0,89.0,6.0,7.0,5.0,1.0,0.0,1.0,1.0,2.0,-2.0,0.0,eae57af7-1dae-4108-bda6-c436417664d9,48,108,left,rule_based
11.0,11.0,88.0,6.0,6.0,5.0,1.0,1.0,1.0,0.0,1.0,-1.0,0.0,eae57af7-1dae-4108-bda6-c436417664d9,49,108,up,rule_based
11.0,11.0,87.0,6.0,6.0,6.0,1.0,0.0,1.0,1.0,2.0,-1.0,-1.0,eae57af7-1dae-4108-bda6-c436417664d9,50,108,right,rule_based
11.0,11.0,86.0,6.0,7.0,6.0,1.0,0.0,0.0,1.0,3.0,-2.0,-1.0,eae57af7-1dae-4108-bda6-c436417664d9,51,108,right,rule_based
11.0,11.0,85.0,6.0,8.0,6.0,1.0,1.0,0.0,1.0,2.0,2.0,0.0,eae57af7-1dae-4108-bda6-c436417664d9,52,108,right,rule_based
11.0,11.0,84.0,6.0,9.0,6.0,1.0,1.0,0.0,1.0,1.0,1.0,0.0,eae57af7-1dae-4108-bda6-c436417664d9,53,108,right,rule_based
11.0,11.0,100.0,7.0,10.0,6.0,1.0,1.0,0.0,0.0,3.0,-1.0,2.0,eae57af7-1dae-4108-bda6-c436417664d9,54,108,up,rule_based
11.0,11.0,99.0,7.0,10.0,7.0,1.0,0.0,1.0,0.0,2.0,-1.0,1.0,eae57af7-1dae-4108-bda6-c436417664d9,55,108,left,rule_based
11.0,11.0,98.0,7.0,9.0,7.0,1.0,0.0,1.0,0.0,1.0,0.0,1.0,eae57af7-1dae-4108-bda6-c436417664d9,56,108,up,rule_based
11.0,11.0,100.0,8.0,9.0,8.0,1.0,0.0,1.0,1.0,1.0,0.0,1.0,eae57af7-1dae-4108-bda6-c436417664d9,57,108,up,rule_based
11.0,11.0,100.0,9.0,9.0,9.0,1.0,0.0,1.0,1.0,6.0,-5.0,-1.0,eae57af7-1dae-4108-bda6-c436417664d9,58,108,right,rule_based
11.0,11.0,99.0,9.0,10.0,9.0,1.0,1.0,0.0,0.0,7.0,-6.0,-1.0,eae57af7-1dae-4108-bda6-c436417664d9,59,108,down,rule_based
11.0,11.0,100.0,3.0,5.0,9.0,1.0,1.0,1.0,1.0,2.0,-1.0,1.0,7449d300-ae95-49fa-9166-20935e1e2be9,0,109,left,rule_based
11.0,11.0,99.0,3.0,4.0,9.0,1.0,1.0,1.0,0.0,1.0,0.0,1.0,7449d300-ae95-49fa-9166-20935e1e2be9,1,109,up,rule_based
11.0,11.0,100.0,4.0,4.0,10.0,0.0,0.0,1.0,1.0,6.0,1.0,-5.0,7449d300-ae95-49fa-9166-20935e1e2be9,2,109,right,rule_based
11.0,11.0,99.0,4.0,5.0,10.0,0.0,0.0,0.0,1.0,5.0,0.0,-5.0,7449d300-ae95-49fa-9166-20935e1e2be9,3,109,right,rule_based
11.0,11.0,98.0,4.0,6.0,10.0,0.0,1.0,0.0,1.0,5.0,2.0,-3.0,7449d300-ae95-49fa-9166-20935e1e2be9,4,109,down,rule_based
11.0,11.0,97.0,4.0,6.0,9.0,0.0,1.0,1.0,1.0,4.0,2.0,-2.0,7449d300-ae95-49fa-9166-20935e1e2be9,5,109,down,rule_based
11.0,11.0,96.0,4.0,6.0,8.0,0.0,1.0,1.0,1.0,3.0,2.0,-1.0,7449d300-ae95-49fa-9166-20935e1e2be9,6,109,down,rule_based
11.0,11.0,95.0,4.0,6.0,7.0,0.0,1.0,1.0,1.0,2.0,2.0,0.0,7449d300-ae95-49fa-9166-20935e1e2be9,7,109,right,rule_based
11.0,11.0,94.0,4.0,7.0,7.0,1.0,1.0,0.0,1.0,1.0,1.0,0.0,7449d300-ae95-49fa-9166-20935e1e2be9,8,109,down,rule_based
11.0,11.0,93.0,4.0,7.0,6.0,0.0,1.0,1.0,1.0,2.0,1.0,1.0,7449d300-ae95-49fa-9166-20935e1e2be9,9,109,left,rule_based
11.0,11.0,92.0,4.0,6.0,6.0,0.0,1.0,1.0,0.0,2.0,-1.0,-1.0,7449d300-ae95-49fa-9166-20935e1e2be9,10,109,down,rule_based
11.0,11.0,91.0,4.0,6.0,5.0,0.0,1.0,1.0,1.0,1.0,-1.0,0.0,7449d300-ae95-49fa-9166-20935e1e2be9,11,109,down,rule_based
11.0,11.0,90.0,4.0,6.0,4.0,0.0,1.0,1.0,1.0,2.0,-1.0,1.0,7449d300-ae95-49fa-9166-20935e1e2be9,12,109,left,rule_based
11.0,11.0,89.0,4.0,5.0,4.0,1.0,1.0,1.0,0.0,1.0,0.0,1.0,7449d300-ae95-49fa-9166-20935e1e2be9,13,109,left,rule_based
11.0,11.0,88.0,4.0,4.0,4.0,1.0,1.0,1.0,0.0,2.0,1.0,1.0,7449d300-ae95-49fa-9166-20935e1e2be9,14,109,down,rule_based
11.0,11.0,87.0,4.0,4.0,3.0,0.0,1.0,1.0,1.0,3.0,1.0,2.0,7449d300-ae95-49fa-9166-20935e1e2be9,15,109,left,rule_based
11.0,11.0,86.0,4.0,3.0,3.0,1.0,1.0,1.0,0.0,2.0,-1.0,-1.0,7449d300-ae95-49fa-9166-20935e1e2be9,16,109,left,rule_based
11.0,11.0,85.0,4.0,2.0,3.0,1.0,1.0,1.0,0.0,1.0,0.0,-1.0,7449d300-ae95-49fa-9166-20935e1e2be9,17,109,up,rule_based
11.0,11.0,84.0,4.0,2.0,4.0,1.0,0.0,1.0,1.0,2.0,0.0,-2.0,7449d300-ae95-49fa-9166-20935e1e2be9,18,109,left,rule_based
11.0,11.0,83.0,4.0,1.0,4.0,1.0,1.0,1.0,0.0,3.0,0.0,-3.0,7449d300-ae95-49fa-9166-20935e1e2be9,19,109,left,rule_based
11.0,11.0,82.0,4.0,0.0,4.0,1.0,1.0,0.0,0.0,4.0,1.0,-3.0,7449d300-ae95-49fa-9166-20935e1e2be9,20,109,down,rule_based
11.0,11.0,81.0,4.0,0.0,3.0,0.0,1.0,0.0,1.0,3.0,1.0,-2.0,7449d300-ae95-49fa-9166-20935e1e2be9,21,109,down,rule_based
11.0,11.0,80.0,4.0,0.0,2.0,0.0,1.0,0.0,1.0,2.0,1.0,-1.0,7449d300-ae95-49fa-9166-20935e1e2be9,22,109,down,rule_based
11.0,11.0,79.0,4.0,0.0,1.0,0.0,1.0,0.0,1.0,1.0,1.0,0.0,7449d300-ae95-49fa-9166-20935e1e2be9,23,109,down,rule_based
11.0,11.0,78.0,4.0,0.0,0.0,0.0,0.0,0.0,1.0,2.0,1.0,1.0,7449d300-ae95-49fa-9166-20935e1e2be9,24,109,right,rule_based
11.0,11.0,77.0,4.0,1.0,0.0,1.0,0.0,0.0,1.0,1.0,0.0,1.0,7449d300-ae95-49fa-9166-20935e1e2be9,25,109,up,rule_based
11.0,11.0,100.0,5.0,1.0,1.0,1.0,0.0,0.0,1.0,1.0,1.0,0.0,7449d300-ae95-49fa-9166-20935e1e2be9,26,109,up,rule_based
11.0,11.0,99.0,5.0,1.0,2.0,1.0,0.0,1.0,1.0,1.0,1.0,0.0,7449d300-ae95-49fa-9166-20935e1e2be9,27,109,right,rule_based
11.0,11.0,100.0,6.0,2.0,2.0,1.0,1.0,0.0,1.0,1.0,0.0,-1.0,7449d300-ae95-49fa-9166-20935e1e2be9,28,109,right,rule_based
11.0,11.0,99.0,6.0,3.0,2.0,1.0,1.0,0.0,1.0,2.0,-1.0,-1.0,7449d300-ae95-49fa-9166-20935e1e2be9,29,109,up,rule_based
11.0,11.0,98.0,6.0,3.0,3.0,1.0,0.0,1.0,1.0,3.0,-1.0,-2.0,7449d300-ae95-49fa-9166-20935e1e2be9,30,109,left,rule_based
11.0,11.0,97.0,6.0,2.0,3.0,1.0,0.0,1.0,0.0,2.0,0.0,-2.0,7449d300-ae95-49fa-9166-20935e1e2be9,31,109,left,rule_based
11.0,11.0,96.0,6.0,1.0,3.0,1.0,0.0,1.0,0.0,3.0,1.0,-2.0,7449d300-ae95-49fa-9166-20935e1e2be9,32,109,up,rule_based
11.0,11.0,95.0,6.0,1.0,4.0,1.0,0.0,1.0,1.0,4.0,1.0,-3.0,7449d300-ae95-49fa-9166-20935e1e2be9,33,109,left,rule_based
11.0,11.0,94.0,6.0,0.0,4.0,1.0,1.0,0.0,0.0,5.0,2.0,-3.0,7449d300-ae95-49fa-9166-20935e1e2be9,34,109,down,rule_based
11.0,11.0,93.0,6.0,0.0,3.0,0.0,1.0,0.0,0.0,4.0,2.0,-2.0,7449d300-ae95-49fa-9166-20935e1e2be9,35,109,down,rule_based
11.0,11.0,92.0,6.0,0.0,2.0,0.0,1.0,0.0,1.0,3.0,2.0,-1.0,7449d300-ae95-49fa-9166-20935e1e2be9,36,109,down,rule_based
11.0,11.0,91.0,6.0,0.0,1.0,0.0,1.0,0.0,1.0,2.0,2.0,0.0,7449d300-ae95-49fa-9166-20935e1e2be9,37,109,down,rule_based
11.0,11.0,90.0,6.0,0.0,0.0,0.0,0.0,0.0,1.0,3.0,2.0,1.0,7449d300-ae95-49fa-9166-20935e1e2be9,38,109,right,rule_based
11.0,11.0,89.0,6.0,1.0,0.0,1.0,0.0,0.0,1.0,2.0,1.0,1.0,7449d300-ae95-49fa-9166-20935e1e2be9,39,109,right,rule_based
11.0,11.0,88.0,6.0,2.0,0.0,1.0,0.0,0.0,1.0,1.0,0.0,1.0,7449d300-ae95-49fa-9166-20935e1e2be9,40,109,right,rule_based
11.0,11.0,87.0,6.0,3.0,0.0,1.0,0.0,0.0,1.0,2.0,-1.0,1.0,7449d300-ae95-49fa-9166-20935e1e2be9,41,109,right,rule_based
11.0,11.0,86.0,6.0,4.0,0.0,1.0,0.0,0.0,1.0,3.0,-2.0,1.0,7449d300-ae95-49fa-9166-20935e1e2be9,42,109,up,rule_based
11.0,11.0,85.0,6.0,4.0,1.0,1.0,0.0,1.0,1.0,2.0,-2.0,0.0,7449d300-ae95-49fa-9166-20935e1e2be9,43,109,left,rule_based
11.0,11.0,84.0,6.0,3.0,1.0,1.0,0.0,1.0,0.0,1.0,-1.0,0.0,7449d300-ae95-49fa-9166-20935e1e2be9,44,109,up,rule_based
11.0,11.0,83.0,6.0,3.0,2.0,1.0,0.0,1.0,1.0,2.0,-1.0,-1.0,7449d300-ae95-49fa-9166-20935e1e2be9,45,109,left,rule_based
11.0,11.0,82.0,6.0,2.0,2.0,1.0,1.0,1.0,0.0,1.0,0.0,-1.0,7449d300-ae95-49fa-9166-20935e1e2be9,46,109,left,rule_based
11.0,11.0,81.0,6.0,1.0,2.0,1.0,1.0,1.0,0.0,2.0,1.0,-1.0,7449d300-ae95-49fa-9166-20935e1e2be9,47,109,left,rule_based
11.0,11.0,80.0,6.0,0.0,2.0,1.0,1.0,0.0,0.0,3.0,2.0,-1.0,7449d300-ae95-49fa-9166-20935e1e2be9,48,109,up,rule_based
11.0,11.0,79.0,6.0,0.0,3.0,1.0,0.0,0.0,1.0,3.0,2.0,1.0,7449d300-ae95-49fa-9166-20935e1e2be9,49,109,up,rule_based
11.0,11.0,78.0,6.0,0.0,4.0,1.0,0.0,0.0,1.0,2.0,2.0,0.0,7449d300-ae95-49fa-9166-20935e1e2be9,50,109,right,rule_based
11.0,11.0,77.0,6.0,1.0,4.0,1.0,1.0,0.0,1.0,1.0,1.0,0.0,7449d300-ae95-49fa-9166-20935e1e2be9,51,109,down,rule_based
11.0,11.0,76.0,6.0,1.0,3.0,0.0,0.0,0.0,1.0,2.0,1.0,1.0,7449d300-ae95-49fa-9166-20935e1e2be9,52,109,right,rule_based
11.0,11.0,75.0,6.0,2.0,3.0,1.0,1.0,0.0,1.0,1.0,0.0,1.0,7449d300-ae95-49fa-9166-20935e1e2be9,53,109,right,rule_based
11.0,11.0,74.0,6.0,3.0,3.0,1.0,1.0,0.0,1.0,2.0,-1.0,1.0,7449d300-ae95-49fa-9166-20935e1e2be9,54,109,right,rule_based
11.0,11.0,73.0,6.0,4.0,3.0,1.0,1.0,0.0,1.0,2.0,1.0,1.0,7449d300-ae95-49fa-9166-20935e1e2be9,55,109,down,rule_based
11.0,11.0,72.0,6.0,4.0,2.0,0.0,1.0,1.0,1.0,3.0,-2.0,-1.0,7449d300-ae95-49fa-9166-20935e1e2be9,56,109,down,rule_based
11.0,11.0,71.0,6.0,4.0,1.0,0.0,1.0,1.0,1.0,2.0,-2.0,0.0,7449d300-ae95-49fa-9166-20935e1e2be9,57,109,down,rule_based
11.0,11.0,70.0,6.0,4.0,0.0,0.0,0.0,1.0,1.0,3.0,-2.0,1.0,7449d300-ae95-49fa-9166-20935e1e2be9,58,109,right,rule_based
11.0,11.0,69.0,6.0,5.0,0.0,1.0,0.0,0.0,1.0,4.0,-3.0,1.0,7449d300-ae95-49fa-9166-20935e1e2be9,59,109,up,rule_based
11.0,11.0,68.0,6.0,5.0,1.0,1.0,0.0,0.0,1.0,3.0,-3.0,0.0,7449d300-ae95-49fa-9166-20935e1e2be9,60,109,right,rule_based
11.0,11.0,67.0,6.0,6.0,1.0,1.0,1.0,0.0,1.0,4.0,-4.0,0.0,7449d300-ae95-49fa-9166-20935e1e2be9,61,109,down,rule_based
11.0,11.0,66.0,6.0,6.0,0.0,0.0,0.0,0.0,1.0,4.0,4.0,0.0,7449d300-ae95-49fa-9166-20935e1e2be9,62,109,right,rule_based
11.0,11.0,65.0,6.0,7.0,0.0,1.0,0.0,0.0,1.0,3.0,3.0,0.0,7449d300-ae95-49fa-9166-20935e1e2be9,63,109,right,rule_based
11.0,11.0,64.0,6.0,8.0,0.0,1.0,0.0,0.0,1.0,2.0,2.0,0.0,7449d300-ae95-49fa-9166-20935e1e2be9,64,109,right,rule_based
11.0,11.0,63.0,6.0,9.0,0.0,1.0,0.0,0.0,1.0,1.0,1.0,0.0,7449d300-ae95-49fa-9166-20935e1e2be9,65,109,up,rule_based
11.0,11.0,62.0,6.0,9.0,1.0,1.0,0.0,1.0,1.0,2.0,0.0,2.0,7449d300-ae95-49fa-9166-20935e1e2be9,66,109,right,rule_based
11.0,11.0,61.0,6.0,10.0,1.0,1.0,1.0,0.0,0.0,1.0,0.0,-1.0,7449d300-ae95-49fa-9166-20935e1e2be9,67,109,down,rule_based
11.0,11.0,100.0,3.0,9.0,5.0,1.0,1.0,1.0,1.0,2.0,1.0,-1.0,ef779923-bd27-4c1b-b5d5-d6e392225c3b,0,110,right,rule_based
11.0,11.0,99.0,3.0,10.0,5.0,1.0,1.0,0.0,0.0,1.0,0.0,-1.0,ef779923-bd27-4c1b-b5d5-d6e392225c3b,1,110,up,rule_based
11.0,11.0,98.0,3.0,10.0,6.0,1.0,0.0,1.0,0.0,2.0,0.0,-2.0,ef779923-bd27-4c1b-b5d5-d6e392225c3b,2,110,left,rule_based
11.0,11.0,97.0,3.0,9.0,6.0,1.0,1.0,1.0,0.0,3.0,1.0,-2.0,ef779923-bd27-4c1b-b5d5-d6e392225c3b,3,110,down,rule_based
11.0,11.0,96.0,3.0,9.0,5.0,0.0,1.0,1.0,1.0,2.0,1.0,-1.0,ef779923-bd27-4c1b-b5d5-d6e392225c3b,4,110,right,rule_based
11.0,11.0,95.0,3.0,10.0,5.0,1.0,1.0,0.0,0.0,1.0,0.0,-1.0,ef779923-bd27-4c1b-b5d5-d6e392225c3b,5,110,down,rule_based
11.0,11.0,100.0,4.0,10.0,4.0,0.0,1.0,1.0,0.0,6.0,-5.0,1.0,ef779923-bd27-4c1b-b5d5-d6e392225c3b,6,110,down,rule_based
11.0,11.0,99.0,4.0,10.0,3.0,0.0,1.0,1.0,0.0,7.0,-5.0,2.0,ef779923-bd27-4c1b-b5d5-d6e392225c3b,7,110,left,rule_based
11.0,11.0,98.0,4.0,9.0,3.0,1.0,1.0,1.0,0.0,6.0,-4.0,2.0,ef779923-bd27-4c1b-b5d5-d6e392225c3b,8,110,left,rule_based
11.0,11.0,97.0,4.0,8.0,3.0,1.0,1.0,1.0,0.0,5.0,-3.0,2.0,ef779923-bd27-4c1b-b5d5-d6e392225c3b,9,110,down,rule_based
11.0,11.0,96.0,4.0,8.0,2.0,0.0,1.0,1.0,1.0,6.0,-3.0,3.0,ef779923-bd27-4c1b-b5d5-d6e392225c3b,10,110,right,rule_based
11.0,11.0,95.0,4.0,9.0,2.0,0.0,1.0,0.0,1.0,7.0,-4.0,3.0,ef779923-bd27-4c1b-b5d5-d6e392225c3b,11,110,down,rule_based
11.0,11.0,94.0,4.0,9.0,1.0,0.0,1.0,1.0,1.0,8.0,-4.0,4.0,ef779923-bd27-4c1b-b5d5-d6e392225c3b,12,110,down,rule_based
11.0,11.0,93.0,4.0,9.0,0.0,0.0,0.0,1.0,1.0,4.0,-4.0,0.0,ef779923-bd27-4c1b-b5d5-d6e392225c3b,13,110,left,rule_based
11.0,11.0,92.0,4.0,8.0,0.0,1.0,0.0,1.0,0.0,3.0,-3.0,0.0,ef779923-bd27-4c1b-b5d5-d6e392225c3b,14,110,up,rule_based
11.0,11.0,91.0,4.0,8.0,1.0,1.0,0.0,1.0,0.0,4.0,-3.0,-1.0,ef779923-bd27-4c1b-b5d5-d6e392225c3b,15,110,left,rule_based
11.0,11.0,90.0,4.0,7.0,1.0,1.0,1.0,1.0,0.0,3.0,-2.0,-1.0,ef779923-bd27-4c1b-b5d5-d6e392225c3b,16,110,left,rule_based
11.0,11.0,89.0,4.0,6.0,1.0,1.0,1.0,1.0,0.0,2.0,-1.0,-1.0,ef779923-bd27-4c1b-b5d5-d6e392225c3b,17,110,up,rule_based
11.0,11.0,88.0,4.0,6.0,2.0,1.0,0.0,1.0,1.0,2.0,-1.0,1.0,ef779923-bd27-4c1b-b5d5-d6e392225c3b,18,110,right,rule_based
11.0,11.0,87.0,4.0,7.0,2.0,1.0,0.0,0.0,1.0,3.0,-2.0,1.0,ef779923-bd27-4c1b-b5d5-d6e392225c3b,19,110,right,rule_based
11.0,11.0,86.0,4.0,8.0,2.0,1.0,1.0,0.0,1.0,4.0,-3.0,1.0,ef779923-bd27-4c1b-b5d5-d6e392225c3b,20,110,right,rule_based
11.0,11.0,85.0,4.0,9.0,2.0,1.0,1.0,0.0,1.0,4.0,1.0,3.0,ef779923-bd27-4c1b-b5d5-d6e392225c3b,21,110,right,rule_based
11.0,11.0,84.0,4.0,10.0,2.0,1.0,1.0,0.0,0.0,3.0,0.0,3.0,ef779923-bd27-4c1b-b5d5-d6e392225c3b,22,110,up,rule_based
11.0,11.0,83.0,4.0,10.0,3.0,1.0,0.0,1.0,0.0,2.0,0.0,2.0,ef779923-bd27-4c1b-b5d5-d6e392225c3b,23,110,left,rule_based
11.0,11.0,82.0,4.0,9.0,3.0,1.0,0.0,1.0,0.0,3.0,1.0,2.0,ef779923-bd27-4c1b-b5d5-d6e392225c3b,24,110,left,rule_based
11.0,11.0,81.0,4.0,8.0,3.0,1.0,1.0,1.0,0.0,3.0,-3.0,0.0,ef779923-bd27-4c1b-b5d5-d6e392225c3b,25,110,down,rule_based
11.0,11.0,80.0,4.0,8.0,2.0,0.0,1.0,1.0,1.0,4.0,-3.0,1.0,ef779923-bd27-4c1b-b5d5-d6e392225c3b,26,110,left,rule_based
11.0,11.0,79.0,4.0,7.0,2.0,1.0,1.0,1.0,0.0,3.0,-2.0,1.0,ef779923-bd27-4c1b-b5d5-d6e392225c3b,27,110,left,rule_based
11.0,11.0,78.0,4.0,6.0,2.0,1.0,1.0,1.0,0.0,2.0,-1.0,1.0,ef779923-bd27-4c1b-b5d5-d6e392225c3b,28,110,up,rule_based
11.0,11.0,77.0,4.0,6.0,3.0,1.0,0.0,1.0,1.0,1.0,-1.0,0.0,ef779923-bd27-4c1b-b5d5-d6e392225c3b,29,110,left,rule_based
11.0,11.0,100.0,5.0,5.0,3.0,1.0,1.0,1.0,0.0,2.0,0.0,2.0,ef779923-bd27-4c1b-b5d5-d6e392225c3b,30,110,left,rule_based
11.0,11.0,99.0,5.0,4.0,3.0,1.0,1.0,1.0,0.0,2.0,-1.0,-1.0,ef779923-bd27-4c1b-b5d5-d6e392225c3b,31,110,down,rule_based
11.0,11.0,98.0,5.0,4.0,2.0,0.0,1.0,1.0,1.0,1.0,-1.0,0.0,ef779923-bd27-4c1b-b5d5-d6e392225c3b,32,110,left,rule_based
11.0,11.0,100.0,6.0,3.0,2.0,1.0,1.0,1.0,0.0,3.0,-1.0,-2.0,ef779923-bd27-4c1b-b5d5-d6e392225c3b,33,110,left,rule_based
11.0,11.0,99.0,6.0,2.0,2.0,1.0,1.0,1.0,0.0,2.0,0.0,-2.0,ef779923-bd27-4c1b-b5d5-d6e392225c3b,34,110,up,rule_based
11.0,11.0,98.0,6.0,2.0,3.0,1.0,0.0,1.0,1.0,3.0,0.0,-3.0,ef779923-bd27-4c1b-b5d5-d6e392225c3b,35,110,up,rule_based
11.0,11.0,97.0,6.0,2.0,4.0,1.0,0.0,1.0,1.0,4.0,3.0,1.0,ef779923-bd27-4c1b-b5d5-d6e392225c3b,36,110,left,rule_based
11.0,11.0,96.0,6.0,1.0,4.0,1.0,1.0,1.0,0.0,3.0,0.0,-3.0,ef779923-bd27-4c1b-b5d5-d6e392225c3b,37,110,down,rule_based
11.0,11.0,95.0,6.0,1.0,3.0,0.0,1.0,1.0,0.0,2.0,0.0,-2.0,ef779923-bd27-4c1b-b5d5-d6e392225c3b,38,110,left,rule_based
11.0,11.0,94.0,6.0,0.0,3.0,1.0,1.0,0.0,0.0,3.0,1.0,-2.0,ef779923-bd27-4c1b-b5d5-d6e392225c3b,39,110,up,rule_based
11.0,11.0,93.0,6.0,0.0,4.0,1.0,0.0,0.0,0.0,4.0,1.0,-3.0,ef779923-bd27-4c1b-b5d5-d6e392225c3b,40,110,up,rule_based
11.0,11.0,92.0,6.0,0.0,5.0,1.0,0.0,0.0,1.0,5.0,5.0,0.0,ef779923-bd27-4c1b-b5d5-d6e392225c3b,41,110,right,rule_based
11.0,11.0,91.0,6.0,1.0,5.0,1.0,0.0,0.0,1.0,4.0,4.0,0.0,ef779923-bd27-4c1b-b5d5-d6e392225c3b,42,110,up,rule_based
11.0,11.0,90.0,6.0,1.0,6.0,1.0,0.0,1.0,1.0,5.0,4.0,-1.0,ef779923-bd27-4c1b-b5d5-d6e392225c3b,43,110,up,rule_based
11.0,11.0,89.0,6.0,1.0,7.0,1.0,0.0,1.0,1.0,4.0,0.0,-4.0,ef779923-bd27-4c1b-b5d5-d6e392225c3b,44,110,left,rule_based
11.0,11.0,88.0,6.0,0.0,7.0,1.0,1.0,0.0,0.0,5.0,1.0,-4.0,ef779923-bd27-4c1b-b5d5-d6e392225c3b,45,110,down,rule_based
11.0,11.0,86.0,6.0,0.0,5.0,0.0,1.0,0.0,0.0,3.0,1.0,-2.0,ef779923-bd27-4c1b-b5d5-d6e392225c3b,47,110,down,rule_based
11.0,11.0,85.0,6.0,0.0,4.0,0.0,1.0,0.0,1.0,2.0,1.0,-1.0,ef779923-bd27-4c1b-b5d5-d6e392225c3b,48,110,down,rule_based
11.0,11.0,84.0,6.0,0.0,3.0,0.0,1.0,0.0,1.0,1.0,1.0,0.0,ef779923-bd27-4c1b-b5d5-d6e392225c3b,49,110,down,rule_based
11.0,11.0,83.0,6.0,0.0,2.0,0.0,1.0,0.0,1.0,2.0,1.0,-1.0,ef779923-bd27-4c1b-b5d5-d6e392225c3b,50,110,right,rule_based
11.0,11.0,82.0,6.0,1.0,2.0,1.0,1.0,0.0,1.0,1.0,0.0,-1.0,ef779923-bd27-4c1b-b5d5-d6e392225c3b,51,110,up,rule_based
11.0,11.0,100.0,7.0,1.0,3.0,1.0,0.0,0.0,1.0,2.0,0.0,-2.0,ef779923-bd27-4c1b-b5d5-d6e392225c3b,52,110,up,rule_based
11.0,11.0,99.0,7.0,1.0,4.0,1.0,0.0,0.0,1.0,3.0,0.0,-3.0,ef779923-bd27-4c1b-b5d5-d6e392225c3b,53,110,right,rule_based
11.0,11.0,98.0,7.0,2.0,4.0,1.0,1.0,0.0,1.0,4.0,3.0,1.0,ef779923-bd27-4c1b-b5d5-d6e392225c3b,54,110,up,rule_based
11.0,11.0,97.0,7.0,2.0,5.0,1.0,0.0,1.0,1.0,3.0,3.0,0.0,ef779923-bd27-4c1b-b5d5-d6e392225c3b,55,110,up,rule_based
11.0,11.0,96.0,7.0,2.0,6.0,1.0,0.0,1.0,1.0,2.0,0.0,2.0,ef779923-bd27-4c1b-b5d5-d6e392225c3b,56,110,right,rule_based
11.0,11.0,95.0,7.0,3.0,6.0,1.0,1.0,0.0,1.0,3.0,2.0,-1.0,ef779923-bd27-4c1b-b5d5-d6e392225c3b,57,110,down,rule_based
11.0,11.0,94.0,7.0,3.0,5.0,0.0,1.0,0.0,1.0,2.0,2.0,0.0,ef779923-bd27-4c1b-b5d5-d6e392225c3b,58,110,down,rule_based
11.0,11.0,93.0,7.0,3.0,4.0,0.0,1.0,0.0,1.0,3.0,2.0,1.0,ef779923-bd27-4c1b-b5d5-d6e392225c3b,59,110,down,rule_based
11.0,11.0,92.0,7.0,3.0,3.0,0.0,1.0,1.0,1.0,4.0,2.0,2.0,ef779923-bd27-4c1b-b5d5-d6e392225c3b,60,110,left,rule_based
11.0,11.0,91.0,7.0,2.0,3.0,1.0,1.0,1.0,0.0,3.0,0.0,-3.0,ef779923-bd27-4c1b-b5d5-d6e392225c3b,61,110,down,rule_based
11.0,11.0,90.0,7.0,2.0,2.0,0.0,1.0,1.0,1.0,2.0,0.0,-2.0,ef779923-bd27-4c1b-b5d5-d6e392225c3b,62,110,down,rule_based
11.0,11.0,89.0,7.0,2.0,1.0,0.0,1.0,1.0,1.0,1.0,0.0,-1.0,ef779923-bd27-4c1b-b5d5-d6e392225c3b,63,110,down,rule_based
11.0,11.0,100.0,8.0,2.0,0.0,0.0,0.0,1.0,1.0,2.0,-1.0,1.0,ef779923-bd27-4c1b-b5d5-d6e392225c3b,64,110,right,rule_based
11.0,11.0,99.0,8.0,3.0,0.0,1.0,0.0,0.0,1.0,1.0,1.0,0.0,ef779923-bd27-4c1b-b5d5-d6e392225c3b,65,110,right,rule_based
11.0,11.0,100.0,9.0,4.0,0.0,1.0,0.0,0.0,1.0,1.0,1.0,0.0,ef779923-bd27-4c1b-b5d5-d6e392225c3b,66,110,right,rule_based
11.0,11.0,100.0,10.0,5.0,0.0,1.0,0.0,0.0,1.0,2.0,2.0,0.0,ef779923-bd27-4c1b-b5d5-d6e392225c3b,67,110,right,rule_based
11.0,11.0,99.0,10.0,6.0,0.0,1.0,0.0,0.0,1.0,1.0,1.0,0.0,ef779923-bd27-4c1b-b5d5-d6e392225c3b,68,110,up,rule_based
11.0,11.0,98.0,10.0,6.0,1.0,1.0,0.0,1.0,1.0,2.0,1.0,-1.0,ef779923-bd27-4c1b-b5d5-d6e392225c3b,69,110,left,rule_based
11.0,11.0,97.0,10.0,5.0,1.0,1.0,0.0,1.0,0.0,3.0,2.0,-1.0,ef779923-bd27-4c1b-b5d5-d6e392225c3b,70,110,left,rule_based
11.0,11.0,96.0,10.0,4.0,1.0,1.0,0.0,1.0,0.0,3.0,-3.0,0.0,ef779923-bd27-4c1b-b5d5-d6e392225c3b,71,110,left,rule_based
11.0,11.0,95.0,10.0,3.0,1.0,1.0,0.0,0.0,0.0,2.0,-2.0,0.0,ef779923-bd27-4c1b-b5d5-d6e392225c3b,72,110,up,rule_based
11.0,11.0,94.0,10.0,3.0,2.0,1.0,0.0,1.0,1.0,3.0,-2.0,-1.0,ef779923-bd27-4c1b-b5d5-d6e392225c3b,73,110,left,rule_based
11.0,11.0,93.0,10.0,2.0,2.0,1.0,1.0,1.0,0.0,2.0,-1.0,-1.0,ef779923-bd27-4c1b-b5d5-d6e392225c3b,74,110,down,rule_based
11.0,11.0,92.0,10.0,2.0,1.0,0.0,1.0,1.0,0.0,1.0,-1.0,0.0,ef779923-bd27-4c1b-b5d5-d6e392225c3b,75,110,down,rule_based
11.0,11.0,91.0,10.0,2.0,0.0,0.0,0.0,1.0,1.0,2.0,-1.0,1.0,ef779923-bd27-4c1b-b5d5-d6e392225c3b,76,110,left,rule_based
11.0,11.0,90.0,10.0,1.0,0.0,1.0,0.0,1.0,0.0,1.0,0.0,1.0,ef779923-bd27-4c1b-b5d5-d6e392225c3b,77,110,up,rule_based
11.0,11.0,100.0,11.0,1.0,1.0,1.0,0.0,1.0,0.0,6.0,5.0,1.0,ef779923-bd27-4c1b-b5d5-d6e392225c3b,78,110,left,rule_based
11.0,11.0,99.0,11.0,0.0,1.0,1.0,1.0,0.0,0.0,7.0,6.0,1.0,ef779923-bd27-4c1b-b5d5-d6e392225c3b,79,110,up,rule_based
11.0,11.0,98.0,11.0,0.0,2.0,1.0,0.0,0.0,1.0,6.0,6.0,0.0,ef779923-bd27-4c1b-b5d5-d6e392225c3b,80,110,up,rule_based
11.0,11.0,97.0,11.0,0.0,3.0,1.0,0.0,0.0,1.0,6.0,3.0,3.0,ef779923-bd27-4c1b-b5d5-d6e392225c3b,81,110,up,rule_based
11.0,11.0,96.0,11.0,0.0,4.0,1.0,0.0,0.0,1.0,5.0,3.0,2.0,ef779923-bd27-4c1b-b5d5-d6e392225c3b,82,110,up,rule_based
11.0,11.0,95.0,11.0,0.0,5.0,1.0,0.0,0.0,1.0,4.0,3.0,1.0,ef779923-bd27-4c1b-b5d5-d6e392225c3b,83,110,up,rule_based
11.0,11.0,94.0,11.0,0.0,6.0,1.0,0.0,0.0,1.0,3.0,3.0,0.0,ef779923-bd27-4c1b-b5d5-d6e392225c3b,84,110,up,rule_based
11.0,11.0,93.0,11.0,0.0,7.0,1.0,0.0,0.0,1.0,3.0,2.0,1.0,ef779923-bd27-4c1b-b5d5-d6e392225c3b,85,110,up,rule_based
11.0,11.0,92.0,11.0,0.0,8.0,1.0,0.0,0.0,1.0,2.0,2.0,0.0,ef779923-bd27-4c1b-b5d5-d6e392225c3b,86,110,up,rule_based
11.0,11.0,91.0,11.0,0.0,9.0,1.0,0.0,0.0,1.0,2.0,2.0,0.0,ef779923-bd27-4c1b-b5d5-d6e392225c3b,87,110,up,rule_based
11.0,11.0,90.0,11.0,0.0,10.0,0.0,0.0,0.0,1.0,3.0,2.0,-1.0,ef779923-bd27-4c1b-b5d5-d6e392225c3b,88,110,right,rule_based
11.0,11.0,89.0,11.0,1.0,10.0,0.0,1.0,0.0,1.0,2.0,1.0,-1.0,ef779923-bd27-4c1b-b5d5-d6e392225c3b,89,110,down,rule_based
11.0,11.0,88.0,11.0,1.0,9.0,0.0,1.0,0.0,1.0,1.0,1.0,0.0,ef779923-bd27-4c1b-b5d5-d6e392225c3b,90,110,down,rule_based
11.0,11.0,87.0,11.0,1.0,8.0,0.0,1.0,0.0,1.0,1.0,1.0,0.0,ef779923-bd27-4c1b-b5d5-d6e392225c3b,91,110,down,rule_based
11.0,11.0,86.0,11.0,1.0,7.0,0.0,1.0,0.0,1.0,2.0,1.0,1.0,ef779923-bd27-4c1b-b5d5-d6e392225c3b,92,110,down,rule_based
11.0,11.0,85.0,11.0,1.0,6.0,0.0,1.0,0.0,1.0,2.0,2.0,0.0,ef779923-bd27-4c1b-b5d5-d6e392225c3b,93,110,down,rule_based
11.0,11.0,84.0,11.0,1.0,5.0,0.0,1.0,1.0,1.0,3.0,2.0,1.0,ef779923-bd27-4c1b-b5d5-d6e392225c3b,94,110,down,rule_based
11.0,11.0,83.0,11.0,1.0,4.0,0.0,1.0,1.0,1.0,4.0,2.0,2.0,ef779923-bd27-4c1b-b5d5-d6e392225c3b,95,110,right,rule_based
11.0,11.0,82.0,11.0,2.0,4.0,1.0,1.0,0.0,1.0,3.0,1.0,2.0,ef779923-bd27-4c1b-b5d5-d6e392225c3b,96,110,up,rule_based
11.0,11.0,81.0,11.0,2.0,5.0,1.0,0.0,0.0,1.0,2.0,1.0,1.0,ef779923-bd27-4c1b-b5d5-d6e392225c3b,97,110,up,rule_based
11.0,11.0,80.0,11.0,2.0,6.0,1.0,0.0,0.0,1.0,1.0,1.0,0.0,ef779923-bd27-4c1b-b5d5-d6e392225c3b,98,110,up,rule_based
11.0,11.0,79.0,11.0,2.0,7.0,1.0,0.0,0.0,1.0,1.0,0.0,1.0,ef779923-bd27-4c1b-b5d5-d6e392225c3b,99,110,right,rule_based
11.0,11.0,78.0,11.0,3.0,7.0,1.0,1.0,0.0,1.0,1.0,0.0,-1.0,ef779923-bd27-4c1b-b5d5-d6e392225c3b,100,110,up,rule_based
11.0,11.0,77.0,11.0,3.0,8.0,1.0,0.0,1.0,1.0,1.0,-1.0,0.0,ef779923-bd27-4c1b-b5d5-d6e392225c3b,101,110,right,rule_based
11.0,11.0,76.0,11.0,4.0,8.0,1.0,1.0,0.0,1.0,2.0,-2.0,0.0,ef779923-bd27-4c1b-b5d5-d6e392225c3b,102,110,up,rule_based
11.0,11.0,75.0,11.0,4.0,9.0,1.0,0.0,1.0,1.0,2.0,-2.0,0.0,ef779923-bd27-4c1b-b5d5-d6e392225c3b,103,110,up,rule_based
11.0,11.0,74.0,11.0,4.0,10.0,0.0,0.0,1.0,1.0,3.0,-2.0,-1.0,ef779923-bd27-4c1b-b5d5-d6e392225c3b,104,110,right,rule_based
11.0,11.0,73.0,11.0,5.0,10.0,0.0,1.0,0.0,1.0,4.0,4.0,0.0,ef779923-bd27-4c1b-b5d5-d6e392225c3b,105,110,down,rule_based
11.0,11.0,72.0,11.0,5.0,9.0,0.0,1.0,0.0,1.0,3.0,-3.0,0.0,ef779923-bd27-4c1b-b5d5-d6e392225c3b,106,110,down,rule_based
11.0,11.0,71.0,11.0,5.0,8.0,0.0,1.0,0.0,1.0,3.0,0.0,-3.0,ef779923-bd27-4c1b-b5d5-d6e392225c3b,107,110,down,rule_based
11.0,11.0,70.0,11.0,5.0,7.0,0.0,1.0,1.0,1.0,2.0,0.0,-2.0,ef779923-bd27-4c1b-b5d5-d6e392225c3b,108,110,left,rule_based
11.0,11.0,69.0,11.0,4.0,7.0,0.0,1.0,0.0,0.0,2.0,-1.0,-1.0,ef779923-bd27-4c1b-b5d5-d6e392225c3b,109,110,down,rule_based
11.0,11.0,68.0,11.0,4.0,6.0,0.0,1.0,1.0,1.0,1.0,-1.0,0.0,ef779923-bd27-4c1b-b5d5-d6e392225c3b,110,110,left,rule_based
11.0,11.0,100.0,12.0,3.0,6.0,1.0,1.0,1.0,0.0,3.0,2.0,-1.0,ef779923-bd27-4c1b-b5d5-d6e392225c3b,111,110,up,rule_based
11.0,11.0,99.0,12.0,3.0,7.0,0.0,0.0,1.0,0.0,2.0,-1.0,1.0,ef779923-bd27-4c1b-b5d5-d6e392225c3b,112,110,left,rule_based
11.0,11.0,98.0,12.0,2.0,7.0,1.0,1.0,1.0,0.0,1.0,0.0,1.0,ef779923-bd27-4c1b-b5d5-d6e392225c3b,113,110,down,rule_based
11.0,11.0,97.0,12.0,2.0,6.0,0.0,1.0,1.0,0.0,2.0,0.0,2.0,ef779923-bd27-4c1b-b5d5-d6e392225c3b,114,110,left,rule_based
11.0,11.0,96.0,12.0,1.0,6.0,1.0,1.0,1.0,0.0,3.0,1.0,2.0,ef779923-bd27-4c1b-b5d5-d6e392225c3b,115,110,left,rule_based
11.0,11.0,95.0,12.0,0.0,6.0,1.0,1.0,0.0,0.0,4.0,2.0,2.0,ef779923-bd27-4c1b-b5d5-d6e392225c3b,116,110,down,rule_based
11.0,11.0,94.0,12.0,0.0,5.0,0.0,1.0,0.0,1.0,5.0,5.0,0.0,ef779923-bd27-4c1b-b5d5-d6e392225c3b,117,110,right,rule_based
11.0,11.0,93.0,12.0,1.0,5.0,0.0,1.0,0.0,1.0,4.0,4.0,0.0,ef779923-bd27-4c1b-b5d5-d6e392225c3b,118,110,down,rule_based
11.0,11.0,92.0,12.0,1.0,4.0,0.0,1.0,1.0,1.0,4.0,1.0,-3.0,ef779923-bd27-4c1b-b5d5-d6e392225c3b,119,110,left,rule_based
11.0,11.0,91.0,12.0,0.0,4.0,0.0,1.0,0.0,0.0,4.0,4.0,0.0,ef779923-bd27-4c1b-b5d5-d6e392225c3b,120,110,down,rule_based
11.0,11.0,90.0,12.0,0.0,3.0,0.0,1.0,0.0,1.0,4.0,2.0,-2.0,ef779923-bd27-4c1b-b5d5-d6e392225c3b,121,110,down,rule_based
11.0,11.0,89.0,12.0,0.0,2.0,0.0,1.0,0.0,1.0,3.0,2.0,-1.0,ef779923-bd27-4c1b-b5d5-d6e392225c3b,122,110,right,rule_based
11.0,11.0,88.0,12.0,1.0,2.0,1.0,1.0,0.0,1.0,2.0,1.0,-1.0,ef779923-bd27-4c1b-b5d5-d6e392225c3b,123,110,right,rule_based
11.0,11.0,87.0,12.0,2.0,2.0,1.0,1.0,0.0,1.0,1.0,0.0,-1.0,ef779923-bd27-4c1b-b5d5-d6e392225c3b,124,110,right,rule_based
11.0,11.0,86.0,12.0,3.0,2.0,1.0,1.0,0.0,1.0,2.0,-1.0,-1.0,ef779923-bd27-4c1b-b5d5-d6e392225c3b,125,110,right,rule_based
11.0,11.0,85.0,12.0,4.0,2.0,1.0,1.0,0.0,1.0,2.0,2.0,0.0,ef779923-bd27-4c1b-b5d5-d6e392225c3b,126,110,down,rule_based
11.0,11.0,84.0,12.0,4.0,1.0,0.0,1.0,1.0,1.0,2.0,-2.0,0.0,ef779923-bd27-4c1b-b5d5-d6e392225c3b,127,110,left,rule_based
11.0,11.0,83.0,12.0,3.0,1.0,0.0,1.0,1.0,0.0,1.0,-1.0,0.0,ef779923-bd27-4c1b-b5d5-d6e392225c3b,128,110,down,rule_based
11.0,11.0,82.0,12.0,3.0,0.0,0.0,0.0,1.0,1.0,2.0,-1.0,1.0,ef779923-bd27-4c1b-b5d5-d6e392225c3b,129,110,left,rule_based
11.0,11.0,81.0,12.0,2.0,0.0,1.0,0.0,1.0,0.0,1.0,0.0,1.0,ef779923-bd27-4c1b-b5d5-d6e392225c3b,130,110,left,rule_based
11.0,11.0,80.0,12.0,1.0,0.0,1.0,0.0,1.0,0.0,2.0,1.0,1.0,ef779923-bd27-4c1b-b5d5-d6e392225c3b,131,110,up,rule_based
11.0,11.0,79.0,12.0,1.0,1.0,0.0,0.0,1.0,1.0,1.0,1.0,0.0,ef779923-bd27-4c1b-b5d5-d6e392225c3b,132,110,right,rule_based
11.0,11.0,100.0,3.0,5.0,9.0,1.0,1.0,1.0,1.0,2.0,-1.0,1.0,11891320-c55c-4f73-980d-bfc94510edb3,0,111,down,rule_based
11.0,11.0,99.0,3.0,5.0,8.0,0.0,1.0,1.0,1.0,3.0,-1.0,2.0,11891320-c55c-4f73-980d-bfc94510edb3,1,111,left,rule_based
11.0,11.0,98.0,3.0,4.0,8.0,1.0,1.0,1.0,0.0,2.0,0.0,2.0,11891320-c55c-4f73-980d-bfc94510edb3,2,111,down,rule_based
11.0,11.0,97.0,3.0,4.0,7.0,0.0,1.0,1.0,1.0,3.0,0.0,3.0,11891320-c55c-4f73-980d-bfc94510edb3,3,111,down,rule_based
11.0,11.0,96.0,3.0,4.0,6.0,0.0,1.0,1.0,1.0,2.0,1.0,-1.0,11891320-c55c-4f73-980d-bfc94510edb3,4,111,left,rule_based
11.0,11.0,95.0,3.0,3.0,6.0,1.0,1.0,1.0,0.0,3.0,2.0,-1.0,11891320-c55c-4f73-980d-bfc94510edb3,5,111,down,rule_based
11.0,11.0,94.0,3.0,3.0,5.0,0.0,1.0,1.0,1.0,2.0,2.0,0.0,11891320-c55c-4f73-980d-bfc94510edb3,6,111,right,rule_based
11.0,11.0,93.0,3.0,4.0,5.0,1.0,1.0,0.0,1.0,1.0,1.0,0.0,11891320-c55c-4f73-980d-bfc94510edb3,7,111,up,rule_based
11.0,11.0,92.0,3.0,4.0,6.0,1.0,0.0,1.0,1.0,2.0,1.0,-1.0,11891320-c55c-4f73-980d-bfc94510edb3,8,111,right,rule_based
11.0,11.0,91.0,3.0,5.0,6.0,1.0,1.0,0.0,1.0,1.0,0.0,-1.0,11891320-c55c-4f73-980d-bfc94510edb3,9,111,up,rule_based
11.0,11.0,90.0,3.0,5.0,7.0,1.0,0.0,1.0,1.0,2.0,0.0,-2.0,11891320-c55c-4f73-980d-bfc94510edb3,10,111,right,rule_based
11.0,11.0,89.0,3.0,6.0,7.0,1.0,1.0,0.0,1.0,3.0,-1.0,-2.0,11891320-c55c-4f73-980d-bfc94510edb3,11,111,down,rule_based
11.0,11.0,88.0,3.0,6.0,6.0,0.0,1.0,1.0,1.0,2.0,-1.0,-1.0,11891320-c55c-4f73-980d-bfc94510edb3,12,111,right,rule_based
11.0,11.0,87.0,3.0,7.0,6.0,1.0,1.0,0.0,1.0,3.0,-2.0,-1.0,11891320-c55c-4f73-980d-bfc94510edb3,13,111,up,rule_based
11.0,11.0,86.0,3.0,7.0,7.0,1.0,0.0,1.0,1.0,4.0,-2.0,-2.0,11891320-c55c-4f73-980d-bfc94510edb3,14,111,up,rule_based
11.0,11.0,85.0,3.0,7.0,8.0,1.0,0.0,1.0,1.0,5.0,-3.0,2.0,11891320-c55c-4f73-980d-bfc94510edb3,15,111,right,rule_based
11.0,11.0,84.0,3.0,8.0,8.0,1.0,1.0,0.0,1.0,3.0,2.0,-1.0,11891320-c55c-4f73-980d-bfc94510edb3,16,111,down,rule_based
11.0,11.0,83.0,3.0,8.0,7.0,0.0,1.0,1.0,1.0,2.0,2.0,0.0,11891320-c55c-4f73-980d-bfc94510edb3,17,111,left,rule_based
11.0,11.0,82.0,3.0,7.0,7.0,1.0,1.0,1.0,0.0,3.0,3.0,0.0,11891320-c55c-4f73-980d-bfc94510edb3,18,111,down,rule_based
11.0,11.0,81.0,3.0,7.0,6.0,0.0,1.0,1.0,1.0,3.0,-2.0,-1.0,11891320-c55c-4f73-980d-bfc94510edb3,19,111,right,rule_based
11.0,11.0,80.0,3.0,8.0,6.0,1.0,1.0,0.0,1.0,3.0,2.0,1.0,11891320-c55c-4f73-980d-bfc94510edb3,20,111,down,rule_based
11.0,11.0,79.0,3.0,8.0,5.0,0.0,1.0,1.0,1.0,2.0,2.0,0.0,11891320-c55c-4f73-980d-bfc94510edb3,21,111,left,rule_based
11.0,11.0,78.0,3.0,7.0,5.0,1.0,1.0,1.0,0.0,2.0,-2.0,0.0,11891320-c55c-4f73-980d-bfc94510edb3,22,111,up,rule_based
11.0,11.0,77.0,3.0,7.0,6.0,1.0,0.0,1.0,1.0,3.0,-2.0,-1.0,11891320-c55c-4f73-980d-bfc94510edb3,23,111,right,rule_based
11.0,11.0,76.0,3.0,8.0,6.0,1.0,1.0,0.0,1.0,3.0,2.0,1.0,11891320-c55c-4f73-980d-bfc94510edb3,24,111,right,rule_based
11.0,11.0,75.0,3.0,9.0,6.0,1.0,1.0,0.0,1.0,2.0,1.0,1.0,11891320-c55c-4f73-980d-bfc94510edb3,25,111,down,rule_based
11.0,11.0,74.0,3.0,9.0,5.0,0.0,1.0,1.0,1.0,1.0,1.0,0.0,11891320-c55c-4f73-980d-bfc94510edb3,26,111,left,rule_based
11.0,11.0,73.0,3.0,8.0,5.0,1.0,1.0,1.0,0.0,2.0,2.0,0.0,11891320-c55c-4f73-980d-bfc94510edb3,27,111,up,rule_based
11.0,11.0,72.0,3.0,8.0,6.0,1.0,0.0,1.0,1.0,3.0,2.0,1.0,11891320-c55c-4f73-980d-bfc94510edb3,28,111,left,rule_based
11.0,11.0,71.0,3.0,7.0,6.0,1.0,1.0,1.0,0.0,3.0,-2.0,-1.0,11891320-c55c-4f73-980d-bfc94510edb3,29,111,left,rule_based
11.0,11.0,70.0,3.0,6.0,6.0,1.0,1.0,1.0,0.0,2.0,-1.0,-1.0,11891320-c55c-4f73-980d-bfc94510edb3,30,111,left,rule_based
11.0,11.0,69.0,3.0,5.0,6.0,1.0,1.0,1.0,0.0,1.0,0.0,-1.0,11891320-c55c-4f73-980d-bfc94510edb3,31,111,up,rule_based
11.0,11.0,68.0,3.0,5.0,7.0,1.0,0.0,1.0,1.0,2.0,0.0,-2.0,11891320-c55c-4f73-980d-bfc94510edb3,32,111,right,rule_based
11.0,11.0,67.0,3.0,6.0,7.0,1.0,1.0,0.0,1.0,3.0,-1.0,-2.0,11891320-c55c-4f73-980d-bfc94510edb3,33,111,down,rule_based
11.0,11.0,66.0,3.0,6.0,6.0,0.0,1.0,1.0,1.0,2.0,-1.0,-1.0,11891320-c55c-4f73-980d-bfc94510edb3,34,111,left,rule_based
11.0,11.0,65.0,3.0,5.0,6.0,1.0,1.0,1.0,0.0,1.0,0.0,-1.0,11891320-c55c-4f73-980d-bfc94510edb3,35,111,up,rule_based
11.0,11.0,64.0,3.0,5.0,7.0,1.0,0.0,1.0,1.0,2.0,0.0,-2.0,11891320-c55c-4f73-980d-bfc94510edb3,36,111,left,rule_based
11.0,11.0,63.0,3.0,4.0,7.0,1.0,1.0,1.0,0.0,3.0,0.0,3.0,11891320-c55c-4f73-980d-bfc94510edb3,37,111,left,rule_based
11.0,11.0,62.0,3.0,3.0,7.0,1.0,1.0,1.0,0.0,3.0,0.0,-3.0,11891320-c55c-4f73-980d-bfc94510edb3,38,111,up,rule_based
11.0,11.0,61.0,3.0,3.0,8.0,1.0,0.0,1.0,1.0,3.0,1.0,2.0,11891320-c55c-4f73-980d-bfc94510edb3,39,111,left,rule_based
11.0,11.0,60.0,3.0,2.0,8.0,1.0,1.0,1.0,0.0,4.0,2.0,2.0,11891320-c55c-4f73-980d-bfc94510edb3,40,111,up,rule_based
11.0,11.0,59.0,3.0,2.0,9.0,1.0,0.0,1.0,1.0,3.0,2.0,1.0,11891320-c55c-4f73-980d-bfc94510edb3,41,111,left,rule_based
11.0,11.0,58.0,3.0,1.0,9.0,1.0,1.0,1.0,0.0,4.0,3.0,1.0,11891320-c55c-4f73-980d-bfc94510edb3,42,111,down,rule_based
11.0,11.0,57.0,3.0,1.0,8.0,0.0,1.0,1.0,1.0,5.0,3.0,2.0,11891320-c55c-4f73-980d-bfc94510edb3,43,111,down,rule_based
11.0,11.0,56.0,3.0,1.0,7.0,0.0,1.0,1.0,1.0,5.0,1.0,-4.0,11891320-c55c-4f73-980d-bfc94510edb3,44,111,left,rule_based
11.0,11.0,55.0,3.0,0.0,7.0,1.0,1.0,0.0,0.0,2.0,2.0,0.0,11891320-c55c-4f73-980d-bfc94510edb3,45,111,up,rule_based
11.0,11.0,54.0,3.0,0.0,8.0,1.0,0.0,0.0,1.0,3.0,2.0,-1.0,11891320-c55c-4f73-980d-bfc94510edb3,46,111,up,rule_based
11.0,11.0,53.0,3.0,0.0,9.0,1.0,0.0,0.0,1.0,3.0,2.0,-1.0,11891320-c55c-4f73-980d-bfc94510edb3,47,111,up,rule_based
11.0,11.0,52.0,3.0,0.0,10.0,0.0,0.0,0.0,1.0,4.0,4.0,0.0,11891320-c55c-4f73-980d-bfc94510edb3,48,111,right,rule_based
11.0,11.0,51.0,3.0,1.0,10.0,0.0,1.0,0.0,1.0,3.0,3.0,0.0,11891320-c55c-4f73-980d-bfc94510edb3,49,111,right,rule_based
11.0,11.0,50.0,3.0,2.0,10.0,0.0,1.0,0.0,1.0,2.0,2.0,0.0,11891320-c55c-4f73-980d-bfc94510edb3,50,111,right,rule_based
11.0,11.0,49.0,3.0,3.0,10.0,0.0,1.0,0.0,1.0,1.0,1.0,0.0,11891320-c55c-4f73-980d-bfc94510edb3,51,111,right,rule_based
11.0,11.0,100.0,4.0,4.0,10.0,0.0,1.0,0.0,1.0,4.0,-2.0,-2.0,11891320-c55c-4f73-980d-bfc94510edb3,52,111,right,rule_based
11.0,11.0,99.0,4.0,5.0,10.0,0.0,1.0,0.0,1.0,4.0,0.0,-4.0,11891320-c55c-4f73-980d-bfc94510edb3,53,111,down,rule_based
11.0,11.0,98.0,4.0,5.0,9.0,0.0,1.0,1.0,1.0,3.0,0.0,-3.0,11891320-c55c-4f73-980d-bfc94510edb3,54,111,right,rule_based
11.0,11.0,97.0,4.0,6.0,9.0,1.0,1.0,0.0,1.0,4.0,-1.0,-3.0,11891320-c55c-4f73-980d-bfc94510edb3,55,111,right,rule_based
11.0,11.0,96.0,4.0,7.0,9.0,1.0,1.0,0.0,1.0,5.0,3.0,-2.0,11891320-c55c-4f73-980d-bfc94510edb3,56,111,right,rule_based
11.0,11.0,95.0,4.0,8.0,9.0,1.0,1.0,0.0,1.0,4.0,2.0,-2.0,11891320-c55c-4f73-980d-bfc94510edb3,57,111,right,rule_based
11.0,11.0,94.0,4.0,9.0,9.0,1.0,1.0,0.0,1.0,3.0,1.0,-2.0,11891320-c55c-4f73-980d-bfc94510edb3,58,111,up,rule_based
11.0,11.0,93.0,4.0,9.0,10.0,0.0,0.0,1.0,1.0,4.0,1.0,-3.0,11891320-c55c-4f73-980d-bfc94510edb3,59,111,left,rule_based
11.0,11.0,92.0,4.0,8.0,10.0,0.0,0.0,1.0,0.0,5.0,2.0,-3.0,11891320-c55c-4f73-980d-bfc94510edb3,60,111,left,rule_based
11.0,11.0,91.0,4.0,7.0,10.0,0.0,1.0,1.0,0.0,6.0,3.0,-3.0,11891320-c55c-4f73-980d-bfc94510edb3,61,111,left,rule_based
11.0,11.0,90.0,4.0,6.0,10.0,0.0,1.0,1.0,0.0,3.0,0.0,-3.0,11891320-c55c-4f73-980d-bfc94510edb3,62,111,left,rule_based
11.0,11.0,89.0,4.0,5.0,10.0,0.0,1.0,1.0,0.0,4.0,0.0,-4.0,11891320-c55c-4f73-980d-bfc94510edb3,63,111,down,rule_based
11.0,11.0,88.0,4.0,5.0,9.0,0.0,1.0,1.0,1.0,3.0,0.0,-3.0,11891320-c55c-4f73-980d-bfc94510edb3,64,111,left,rule_based
11.0,11.0,87.0,4.0,4.0,9.0,1.0,1.0,1.0,0.0,3.0,-2.0,-1.0,11891320-c55c-4f73-980d-bfc94510edb3,65,111,left,rule_based
11.0,11.0,86.0,4.0,3.0,9.0,1.0,1.0,1.0,0.0,2.0,-1.0,-1.0,11891320-c55c-4f73-980d-bfc94510edb3,66,111,up,rule_based
11.0,11.0,85.0,4.0,3.0,10.0,0.0,0.0,1.0,1.0,3.0,-1.0,-2.0,11891320-c55c-4f73-980d-bfc94510edb3,67,111,right,rule_based
11.0,11.0,84.0,4.0,4.0,10.0,0.0,0.0,0.0,1.0,4.0,-2.0,-2.0,11891320-c55c-4f73-980d-bfc94510edb3,68,111,right,rule_based
11.0,11.0,83.0,4.0,5.0,10.0,0.0,1.0,0.0,1.0,4.0,0.0,-4.0,11891320-c55c-4f73-980d-bfc94510edb3,69,111,down,rule_based
11.0,11.0,82.0,4.0,5.0,9.0,0.0,1.0,1.0,1.0,2.0,-2.0,0.0,11891320-c55c-4f73-980d-bfc94510edb3,70,111,right,rule_based
11.0,11.0,81.0,4.0,6.0,9.0,1.0,1.0,0.0,1.0,2.0,0.0,-2.0,11891320-c55c-4f73-980d-bfc94510edb3,71,111,right,rule_based
11.0,11.0,80.0,4.0,7.0,9.0,1.0,1.0,0.0,1.0,3.0,-1.0,-2.0,11891320-c55c-4f73-980d-bfc94510edb3,72,111,down,rule_based
11.0,11.0,79.0,4.0,7.0,8.0,0.0,1.0,1.0,1.0,2.0,-1.0,-1.0,11891320-c55c-4f73-980d-bfc94510edb3,73,111,right,rule_based
11.0,11.0,78.0,4.0,8.0,8.0,1.0,1.0,0.0,1.0,3.0,2.0,-1.0,11891320-c55c-4f73-980d-bfc94510edb3,74,111,right,rule_based
11.0,11.0,77.0,4.0,9.0,8.0,1.0,1.0,0.0,1.0,2.0,1.0,-1.0,11891320-c55c-4f73-980d-bfc94510edb3,75,111,right,rule_based
11.0,11.0,76.0,4.0,10.0,8.0,1.0,1.0,0.0,0.0,1.0,0.0,-1.0,11891320-c55c-4f73-980d-bfc94510edb3,76,111,down,rule_based
11.0,11.0,100.0,5.0,10.0,7.0,0.0,1.0,1.0,0.0,2.0,0.0,-2.0,11891320-c55c-4f73-980d-bfc94510edb3,77,111,down,rule_based
11.0,11.0,99.0,5.0,10.0,6.0,0.0,1.0,1.0,0.0,1.0,0.0,-1.0,11891320-c55c-4f73-980d-bfc94510edb3,78,111,down,rule_based
11.0,11.0,100.0,6.0,10.0,5.0,0.0,1.0,1.0,0.0,3.0,-1.0,-2.0,11891320-c55c-4f73-980d-bfc94510edb3,79,111,down,rule_based
11.0,11.0,99.0,6.0,10.0,4.0,0.0,1.0,1.0,0.0,2.0,-1.0,-1.0,11891320-c55c-4f73-980d-bfc94510edb3,80,111,down,rule_based
11.0,11.0,98.0,6.0,10.0,3.0,0.0,1.0,1.0,0.0,1.0,-1.0,0.0,11891320-c55c-4f73-980d-bfc94510edb3,81,111,left,rule_based
11.0,11.0,100.0,7.0,9.0,3.0,1.0,1.0,1.0,0.0,1.0,0.0,-1.0,11891320-c55c-4f73-980d-bfc94510edb3,82,111,down,rule_based
11.0,11.0,100.0,8.0,9.0,2.0,0.0,1.0,1.0,1.0,2.0,-1.0,-1.0,11891320-c55c-4f73-980d-bfc94510edb3,83,111,down,rule_based
11.0,11.0,99.0,8.0,9.0,1.0,0.0,1.0,1.0,1.0,1.0,-1.0,0.0,11891320-c55c-4f73-980d-bfc94510edb3,84,111,left,rule_based
11.0,11.0,100.0,9.0,8.0,1.0,1.0,1.0,1.0,0.0,5.0,-4.0,1.0,11891320-c55c-4f73-980d-bfc94510edb3,85,111,up,rule_based
11.0,11.0,99.0,9.0,8.0,2.0,1.0,0.0,1.0,0.0,4.0,-4.0,0.0,11891320-c55c-4f73-980d-bfc94510edb3,86,111,left,rule_based
11.0,11.0,98.0,9.0,7.0,2.0,1.0,1.0,1.0,0.0,3.0,-3.0,0.0,11891320-c55c-4f73-980d-bfc94510edb3,87,111,left,rule_based
11.0,11.0,97.0,9.0,6.0,2.0,1.0,1.0,1.0,0.0,2.0,-2.0,0.0,11891320-c55c-4f73-980d-bfc94510edb3,88,111,up,rule_based
11.0,11.0,96.0,9.0,6.0,3.0,1.0,0.0,1.0,1.0,3.0,-1.0,2.0,11891320-c55c-4f73-980d-bfc94510edb3,89,111,right,rule_based
11.0,11.0,95.0,9.0,7.0,3.0,1.0,0.0,0.0,1.0,3.0,0.0,3.0,11891320-c55c-4f73-980d-bfc94510edb3,90,111,up,rule_based
11.0,11.0,94.0,9.0,7.0,4.0,1.0,0.0,1.0,1.0,2.0,0.0,2.0,11891320-c55c-4f73-980d-bfc94510edb3,91,111,left,rule_based
11.0,11.0,93.0,9.0,6.0,4.0,1.0,0.0,1.0,0.0,2.0,-1.0,1.0,11891320-c55c-4f73-980d-bfc94510edb3,92,111,left,rule_based
11.0,11.0,92.0,9.0,5.0,4.0,1.0,1.0,1.0,0.0,1.0,0.0,1.0,11891320-c55c-4f73-980d-bfc94510edb3,93,111,up,rule_based
11.0,11.0,100.0,10.0,5.0,5.0,1.0,0.0,1.0,1.0,1.0,0.0,1.0,11891320-c55c-4f73-980d-bfc94510edb3,94,111,right,rule_based
11.0,11.0,99.0,10.0,6.0,5.0,1.0,0.0,0.0,1.0,2.0,-1.0,1.0,11891320-c55c-4f73-980d-bfc94510edb3,95,111,up,rule_based
11.0,11.0,98.0,10.0,6.0,6.0,1.0,0.0,1.0,1.0,1.0,-1.0,0.0,11891320-c55c-4f73-980d-bfc94510edb3,96,111,right,rule_based
11.0,11.0,100.0,11.0,7.0,6.0,1.0,1.0,0.0,1.0,2.0,-2.0,0.0,11891320-c55c-4f73-980d-bfc94510edb3,97,111,right,rule_based
11.0,11.0,99.0,11.0,8.0,6.0,1.0,1.0,0.0,1.0,3.0,-3.0,0.0,11891320-c55c-4f73-980d-bfc94510edb3,98,111,down,rule_based
11.0,11.0,98.0,11.0,8.0,5.0,0.0,1.0,1.0,1.0,4.0,-3.0,1.0,11891320-c55c-4f73-980d-bfc94510edb3,99,111,down,rule_based
11.0,11.0,97.0,11.0,8.0,4.0,0.0,1.0,0.0,1.0,5.0,-5.0,0.0,11891320-c55c-4f73-980d-bfc94510edb3,100,111,right,rule_based
11.0,11.0,96.0,11.0,9.0,4.0,1.0,1.0,0.0,1.0,4.0,1.0,3.0,11891320-c55c-4f73-980d-bfc94510edb3,101,111,down,rule_based
11.0,11.0,95.0,11.0,9.0,3.0,0.0,1.0,1.0,1.0,5.0,1.0,4.0,11891320-c55c-4f73-980d-bfc94510edb3,102,111,down,rule_based
11.0,11.0,94.0,11.0,9.0,2.0,0.0,1.0,1.0,1.0,5.0,-5.0,0.0,11891320-c55c-4f73-980d-bfc94510edb3,103,111,right,rule_based
11.0,11.0,93.0,11.0,10.0,2.0,1.0,1.0,0.0,0.0,5.0,0.0,5.0,11891320-c55c-4f73-980d-bfc94510edb3,104,111,up,rule_based
11.0,11.0,92.0,11.0,10.0,3.0,1.0,0.0,0.0,0.0,4.0,0.0,4.0,11891320-c55c-4f73-980d-bfc94510edb3,105,111,up,rule_based
11.0,11.0,91.0,11.0,10.0,4.0,1.0,0.0,0.0,0.0,3.0,0.0,3.0,11891320-c55c-4f73-980d-bfc94510edb3,106,111,up,rule_based
11.0,11.0,90.0,11.0,10.0,5.0,1.0,0.0,1.0,0.0,2.0,0.0,2.0,11891320-c55c-4f73-980d-bfc94510edb3,107,111,up,rule_based
11.0,11.0,89.0,11.0,10.0,6.0,1.0,0.0,1.0,0.0,1.0,0.0,1.0,11891320-c55c-4f73-980d-bfc94510edb3,108,111,left,rule_based
11.0,11.0,88.0,11.0,9.0,6.0,1.0,1.0,1.0,0.0,2.0,1.0,1.0,11891320-c55c-4f73-980d-bfc94510edb3,109,111,up,rule_based
11.0,11.0,87.0,11.0,9.0,7.0,1.0,0.0,1.0,1.0,1.0,1.0,0.0,11891320-c55c-4f73-980d-bfc94510edb3,110,111,up,rule_based
11.0,11.0,86.0,11.0,9.0,8.0,1.0,0.0,1.0,1.0,2.0,1.0,-1.0,11891320-c55c-4f73-980d-bfc94510edb3,111,111,up,rule_based
11.0,11.0,85.0,11.0,9.0,9.0,1.0,0.0,1.0,1.0,3.0,1.0,-2.0,11891320-c55c-4f73-980d-bfc94510edb3,112,111,left,rule_based
11.0,11.0,84.0,11.0,8.0,9.0,1.0,1.0,1.0,0.0,4.0,-2.0,-2.0,11891320-c55c-4f73-980d-bfc94510edb3,113,111,down,rule_based
11.0,11.0,83.0,11.0,8.0,8.0,0.0,1.0,1.0,0.0,3.0,-2.0,-1.0,11891320-c55c-4f73-980d-bfc94510edb3,114,111,left,rule_based
11.0,11.0,82.0,11.0,7.0,8.0,1.0,1.0,1.0,0.0,2.0,-1.0,-1.0,11891320-c55c-4f73-980d-bfc94510edb3,115,111,up,rule_based
11.0,11.0,81.0,11.0,7.0,9.0,1.0,0.0,1.0,0.0,3.0,-1.0,-2.0,11891320-c55c-4f73-980d-bfc94510edb3,116,111,up,rule_based
11.0,11.0,80.0,11.0,7.0,10.0,0.0,0.0,1.0,1.0,4.0,-1.0,-3.0,11891320-c55c-4f73-980d-bfc94510edb3,117,111,left,rule_based
11.0,11.0,79.0,11.0,6.0,10.0,0.0,1.0,1.0,0.0,3.0,0.0,-3.0,11891320-c55c-4f73-980d-bfc94510edb3,118,111,down,rule_based
11.0,11.0,78.0,11.0,6.0,9.0,0.0,1.0,1.0,0.0,2.0,0.0,-2.0,11891320-c55c-4f73-980d-bfc94510edb3,119,111,left,rule_based
11.0,11.0,77.0,11.0,5.0,9.0,1.0,1.0,1.0,0.0,2.0,-2.0,0.0,11891320-c55c-4f73-980d-bfc94510edb3,120,111,left,rule_based
11.0,11.0,76.0,11.0,4.0,9.0,1.0,1.0,1.0,0.0,1.0,-1.0,0.0,11891320-c55c-4f73-980d-bfc94510edb3,121,111,left,rule_based
11.0,11.0,100.0,12.0,3.0,9.0,1.0,1.0,1.0,0.0,2.0,-1.0,-1.0,11891320-c55c-4f73-980d-bfc94510edb3,122,111,up,rule_based
11.0,11.0,99.0,12.0,3.0,10.0,0.0,0.0,1.0,1.0,3.0,-1.0,-2.0,11891320-c55c-4f73-980d-bfc94510edb3,123,111,left,rule_based
11.0,11.0,98.0,12.0,2.0,10.0,0.0,1.0,1.0,0.0,2.0,0.0,-2.0,11891320-c55c-4f73-980d-bfc94510edb3,124,111,down,rule_based
11.0,11.0,97.0,12.0,2.0,9.0,0.0,1.0,1.0,0.0,1.0,0.0,-1.0,11891320-c55c-4f73-980d-bfc94510edb3,125,111,left,rule_based
11.0,11.0,96.0,12.0,1.0,9.0,1.0,1.0,1.0,0.0,2.0,1.0,-1.0,11891320-c55c-4f73-980d-bfc94510edb3,126,111,down,rule_based
11.0,11.0,95.0,12.0,1.0,8.0,0.0,1.0,1.0,1.0,1.0,1.0,0.0,11891320-c55c-4f73-980d-bfc94510edb3,127,111,left,rule_based
11.0,11.0,94.0,12.0,0.0,8.0,1.0,1.0,0.0,0.0,2.0,2.0,0.0,11891320-c55c-4f73-980d-bfc94510edb3,128,111,up,rule_based
11.0,11.0,93.0,12.0,0.0,9.0,1.0,0.0,0.0,0.0,3.0,2.0,-1.0,11891320-c55c-4f73-980d-bfc94510edb3,129,111,up,rule_based
11.0,11.0,92.0,12.0,0.0,10.0,0.0,0.0,0.0,1.0,4.0,2.0,-2.0,11891320-c55c-4f73-980d-bfc94510edb3,130,111,right,rule_based
11.0,11.0,100.0,3.0,5.0,1.0,1.0,1.0,1.0,1.0,2.0,-1.0,-1.0,e10a9cbf-4fc5-4e51-a6cf-5b054e87ddb9,0,112,right,rule_based
11.0,11.0,99.0,3.0,6.0,1.0,1.0,1.0,0.0,1.0,3.0,-2.0,-1.0,e10a9cbf-4fc5-4e51-a6cf-5b054e87ddb9,1,112,right,rule_based
11.0,11.0,98.0,3.0,7.0,1.0,1.0,1.0,0.0,1.0,4.0,-3.0,-1.0,e10a9cbf-4fc5-4e51-a6cf-5b054e87ddb9,2,112,right,rule_based
11.0,11.0,97.0,3.0,8.0,1.0,1.0,1.0,0.0,1.0,3.0,1.0,2.0,e10a9cbf-4fc5-4e51-a6cf-5b054e87ddb9,3,112,right,rule_based
11.0,11.0,96.0,3.0,9.0,1.0,1.0,1.0,0.0,1.0,2.0,0.0,2.0,e10a9cbf-4fc5-4e51-a6cf-5b054e87ddb9,4,112,down,rule_based
11.0,11.0,95.0,3.0,9.0,0.0,0.0,0.0,1.0,1.0,3.0,0.0,3.0,e10a9cbf-4fc5-4e51-a6cf-5b054e87ddb9,5,112,right,rule_based
11.0,11.0,94.0,3.0,10.0,0.0,1.0,0.0,0.0,0.0,4.0,-1.0,3.0,e10a9cbf-4fc5-4e51-a6cf-5b054e87ddb9,6,112,up,rule_based
11.0,11.0,93.0,3.0,10.0,1.0,1.0,0.0,1.0,0.0,3.0,-1.0,2.0,e10a9cbf-4fc5-4e51-a6cf-5b054e87ddb9,7,112,up,rule_based
11.0,11.0,92.0,3.0,10.0,2.0,1.0,0.0,1.0,0.0,2.0,-1.0,1.0,e10a9cbf-4fc5-4e51-a6cf-5b054e87ddb9,8,112,left,rule_based
11.0,11.0,91.0,3.0,9.0,2.0,1.0,1.0,1.0,0.0,1.0,0.0,1.0,e10a9cbf-4fc5-4e51-a6cf-5b054e87ddb9,9,112,up,rule_based
11.0,11.0,100.0,4.0,9.0,3.0,1.0,0.0,1.0,1.0,5.0,-1.0,4.0,e10a9cbf-4fc5-4e51-a6cf-5b054e87ddb9,10,112,right,rule_based
11.0,11.0,99.0,4.0,10.0,3.0,1.0,0.0,0.0,0.0,6.0,-2.0,4.0,e10a9cbf-4fc5-4e51-a6cf-5b054e87ddb9,11,112,up,rule_based
11.0,11.0,98.0,4.0,10.0,4.0,1.0,0.0,1.0,0.0,5.0,-2.0,3.0,e10a9cbf-4fc5-4e51-a6cf-5b054e87ddb9,12,112,up,rule_based
11.0,11.0,97.0,4.0,10.0,5.0,1.0,0.0,1.0,0.0,4.0,-2.0,2.0,e10a9cbf-4fc5-4e51-a6cf-5b054e87ddb9,13,112,left,rule_based
11.0,11.0,96.0,4.0,9.0,5.0,1.0,1.0,1.0,0.0,3.0,-1.0,2.0,e10a9cbf-4fc5-4e51-a6cf-5b054e87ddb9,14,112,left,rule_based
11.0,11.0,95.0,4.0,8.0,5.0,1.0,1.0,1.0,0.0,2.0,0.0,2.0,e10a9cbf-4fc5-4e51-a6cf-5b054e87ddb9,15,112,up,rule_based
11.0,11.0,94.0,4.0,8.0,6.0,1.0,0.0,1.0,1.0,1.0,0.0,1.0,e10a9cbf-4fc5-4e51-a6cf-5b054e87ddb9,16,112,right,rule_based
11.0,11.0,93.0,4.0,9.0,6.0,1.0,0.0,0.0,1.0,2.0,-1.0,1.0,e10a9cbf-4fc5-4e51-a6cf-5b054e87ddb9,17,112,right,rule_based
11.0,11.0,92.0,4.0,10.0,6.0,1.0,1.0,0.0,0.0,1.0,0.0,1.0,e10a9cbf-4fc5-4e51-a6cf-5b054e87ddb9,18,112,down,rule_based
11.0,11.0,91.0,4.0,10.0,5.0,0.0,1.0,1.0,0.0,2.0,0.0,2.0,e10a9cbf-4fc5-4e51-a6cf-5b054e87ddb9,19,112,left,rule_based
11.0,11.0,90.0,4.0,9.0,5.0,0.0,1.0,1.0,0.0,3.0,-1.0,2.0,e10a9cbf-4fc5-4e51-a6cf-5b054e87ddb9,20,112,left,rule_based
11.0,11.0,89.0,4.0,8.0,5.0,1.0,1.0,1.0,0.0,2.0,0.0,2.0,e10a9cbf-4fc5-4e51-a6cf-5b054e87ddb9,21,112,up,rule_based
11.0,11.0,88.0,4.0,8.0,6.0,1.0,0.0,1.0,1.0,1.0,0.0,1.0,e10a9cbf-4fc5-4e51-a6cf-5b054e87ddb9,22,112,up,rule_based
11.0,11.0,100.0,5.0,8.0,7.0,1.0,0.0,1.0,1.0,1.0,0.0,1.0,e10a9cbf-4fc5-4e51-a6cf-5b054e87ddb9,23,112,right,rule_based
11.0,11.0,99.0,5.0,9.0,7.0,1.0,1.0,0.0,1.0,1.0,1.0,0.0,e10a9cbf-4fc5-4e51-a6cf-5b054e87ddb9,24,112,right,rule_based
11.0,11.0,100.0,6.0,10.0,7.0,1.0,1.0,0.0,0.0,3.0,-2.0,1.0,e10a9cbf-4fc5-4e51-a6cf-5b054e87ddb9,25,112,up,rule_based
11.0,11.0,99.0,6.0,10.0,8.0,1.0,0.0,1.0,0.0,2.0,-2.0,0.0,e10a9cbf-4fc5-4e51-a6cf-5b054e87ddb9,26,112,left,rule_based
11.0,11.0,98.0,6.0,9.0,8.0,1.0,0.0,1.0,0.0,1.0,-1.0,0.0,e10a9cbf-4fc5-4e51-a6cf-5b054e87ddb9,27,112,left,rule_based
11.0,11.0,100.0,7.0,8.0,8.0,1.0,0.0,1.0,0.0,6.0,-3.0,-3.0,e10a9cbf-4fc5-4e51-a6cf-5b054e87ddb9,28,112,left,rule_based
11.0,11.0,99.0,7.0,7.0,8.0,1.0,1.0,1.0,0.0,5.0,-2.0,-3.0,e10a9cbf-4fc5-4e51-a6cf-5b054e87ddb9,29,112,left,rule_based
11.0,11.0,98.0,7.0,6.0,8.0,1.0,1.0,1.0,0.0,4.0,-1.0,-3.0,e10a9cbf-4fc5-4e51-a6cf-5b054e87ddb9,30,112,down,rule_based
11.0,11.0,97.0,7.0,6.0,7.0,0.0,1.0,1.0,1.0,3.0,-1.0,-2.0,e10a9cbf-4fc5-4e51-a6cf-5b054e87ddb9,31,112,left,rule_based
11.0,11.0,96.0,7.0,5.0,7.0,1.0,1.0,1.0,0.0,2.0,0.0,-2.0,e10a9cbf-4fc5-4e51-a6cf-5b054e87ddb9,32,112,up,rule_based
11.0,11.0,95.0,7.0,5.0,8.0,1.0,0.0,1.0,0.0,3.0,0.0,-3.0,e10a9cbf-4fc5-4e51-a6cf-5b054e87ddb9,33,112,up,rule_based
11.0,11.0,94.0,7.0,5.0,9.0,1.0,0.0,1.0,1.0,3.0,-2.0,1.0,e10a9cbf-4fc5-4e51-a6cf-5b054e87ddb9,34,112,up,rule_based
11.0,11.0,93.0,7.0,5.0,10.0,0.0,0.0,1.0,1.0,2.0,-2.0,0.0,e10a9cbf-4fc5-4e51-a6cf-5b054e87ddb9,35,112,left,rule_based
11.0,11.0,92.0,7.0,4.0,10.0,0.0,1.0,1.0,0.0,1.0,-1.0,0.0,e10a9cbf-4fc5-4e51-a6cf-5b054e87ddb9,36,112,left,rule_based
11.0,11.0,100.0,8.0,3.0,10.0,0.0,1.0,1.0,0.0,7.0,2.0,-5.0,e10a9cbf-4fc5-4e51-a6cf-5b054e87ddb9,37,112,left,rule_based
11.0,11.0,99.0,8.0,2.0,10.0,0.0,1.0,1.0,0.0,7.0,-1.0,-6.0,e10a9cbf-4fc5-4e51-a6cf-5b054e87ddb9,38,112,down,rule_based
11.0,11.0,98.0,8.0,2.0,9.0,0.0,1.0,1.0,1.0,6.0,-1.0,-5.0,e10a9cbf-4fc5-4e51-a6cf-5b054e87ddb9,39,112,right,rule_based
11.0,11.0,97.0,8.0,3.0,9.0,0.0,1.0,0.0,1.0,6.0,2.0,-4.0,e10a9cbf-4fc5-4e51-a6cf-5b054e87ddb9,40,112,down,rule_based
11.0,11.0,96.0,8.0,3.0,8.0,0.0,1.0,1.0,1.0,5.0,2.0,-3.0,e10a9cbf-4fc5-4e51-a6cf-5b054e87ddb9,41,112,down,rule_based
11.0,11.0,95.0,8.0,3.0,7.0,0.0,1.0,1.0,1.0,4.0,2.0,-2.0,e10a9cbf-4fc5-4e51-a6cf-5b054e87ddb9,42,112,down,rule_based
11.0,11.0,94.0,8.0,3.0,6.0,0.0,1.0,1.0,1.0,3.0,2.0,-1.0,e10a9cbf-4fc5-4e51-a6cf-5b054e87ddb9,43,112,left,rule_based
11.0,11.0,93.0,8.0,2.0,6.0,1.0,1.0,1.0,0.0,3.0,-1.0,-2.0,e10a9cbf-4fc5-4e51-a6cf-5b054e87ddb9,44,112,left,rule_based
11.0,11.0,92.0,8.0,1.0,6.0,1.0,1.0,1.0,0.0,2.0,0.0,-2.0,e10a9cbf-4fc5-4e51-a6cf-5b054e87ddb9,45,112,left,rule_based
11.0,11.0,91.0,8.0,0.0,6.0,1.0,1.0,0.0,0.0,3.0,1.0,-2.0,e10a9cbf-4fc5-4e51-a6cf-5b054e87ddb9,46,112,down,rule_based
11.0,11.0,90.0,8.0,0.0,5.0,0.0,1.0,0.0,1.0,2.0,1.0,-1.0,e10a9cbf-4fc5-4e51-a6cf-5b054e87ddb9,47,112,down,rule_based
11.0,11.0,89.0,8.0,0.0,4.0,0.0,1.0,0.0,1.0,1.0,1.0,0.0,e10a9cbf-4fc5-4e51-a6cf-5b054e87ddb9,48,112,right,rule_based
11.0,11.0,100.0,9.0,1.0,4.0,1.0,1.0,0.0,1.0,2.0,1.0,1.0,e10a9cbf-4fc5-4e51-a6cf-5b054e87ddb9,49,112,right,rule_based
11.0,11.0,99.0,9.0,2.0,4.0,1.0,1.0,0.0,1.0,1.0,0.0,1.0,e10a9cbf-4fc5-4e51-a6cf-5b054e87ddb9,50,112,down,rule_based
11.0,11.0,98.0,9.0,2.0,3.0,0.0,1.0,1.0,1.0,2.0,0.0,2.0,e10a9cbf-4fc5-4e51-a6cf-5b054e87ddb9,51,112,right,rule_based
11.0,11.0,97.0,9.0,3.0,3.0,1.0,1.0,0.0,1.0,2.0,2.0,0.0,e10a9cbf-4fc5-4e51-a6cf-5b054e87ddb9,52,112,up,rule_based
11.0,11.0,96.0,9.0,3.0,4.0,1.0,0.0,0.0,1.0,2.0,-1.0,1.0,e10a9cbf-4fc5-4e51-a6cf-5b054e87ddb9,53,112,right,rule_based
11.0,11.0,95.0,9.0,4.0,4.0,1.0,1.0,0.0,1.0,2.0,1.0,1.0,e10a9cbf-4fc5-4e51-a6cf-5b054e87ddb9,54,112,right,rule_based
11.0,11.0,94.0,9.0,5.0,4.0,1.0,1.0,0.0,1.0,1.0,0.0,1.0,e10a9cbf-4fc5-4e51-a6cf-5b054e87ddb9,55,112,down,rule_based
11.0,11.0,100.0,10.0,5.0,3.0,0.0,1.0,1.0,1.0,1.0,0.0,-1.0,e10a9cbf-4fc5-4e51-a6cf-5b054e87ddb9,56,112,down,rule_based
11.0,11.0,100.0,11.0,5.0,2.0,0.0,1.0,1.0,1.0,1.0,0.0,-1.0,e10a9cbf-4fc5-4e51-a6cf-5b054e87ddb9,57,112,right,rule_based
11.0,11.0,99.0,11.0,6.0,2.0,1.0,1.0,0.0,1.0,2.0,-1.0,-1.0,e10a9cbf-4fc5-4e51-a6cf-5b054e87ddb9,58,112,right,rule_based
11.0,11.0,98.0,11.0,7.0,2.0,1.0,1.0,0.0,1.0,3.0,-2.0,-1.0,e10a9cbf-4fc5-4e51-a6cf-5b054e87ddb9,59,112,right,rule_based
11.0,11.0,97.0,11.0,8.0,2.0,1.0,1.0,0.0,1.0,2.0,1.0,-1.0,e10a9cbf-4fc5-4e51-a6cf-5b054e87ddb9,60,112,up,rule_based
11.0,11.0,96.0,11.0,8.0,3.0,1.0,0.0,1.0,1.0,3.0,1.0,-2.0,e10a9cbf-4fc5-4e51-a6cf-5b054e87ddb9,61,112,up,rule_based
11.0,11.0,95.0,11.0,8.0,4.0,1.0,0.0,1.0,1.0,4.0,-3.0,1.0,e10a9cbf-4fc5-4e51-a6cf-5b054e87ddb9,62,112,right,rule_based
11.0,11.0,94.0,11.0,9.0,4.0,1.0,1.0,0.0,1.0,3.0,0.0,-3.0,e10a9cbf-4fc5-4e51-a6cf-5b054e87ddb9,63,112,down,rule_based
11.0,11.0,93.0,11.0,9.0,3.0,0.0,1.0,0.0,1.0,2.0,0.0,-2.0,e10a9cbf-4fc5-4e51-a6cf-5b054e87ddb9,64,112,down,rule_based
11.0,11.0,92.0,11.0,9.0,2.0,0.0,1.0,0.0,1.0,1.0,0.0,-1.0,e10a9cbf-4fc5-4e51-a6cf-5b054e87ddb9,65,112,down,rule_based
11.0,11.0,100.0,12.0,9.0,1.0,0.0,1.0,1.0,1.0,4.0,-4.0,0.0,e10a9cbf-4fc5-4e51-a6cf-5b054e87ddb9,66,112,left,rule_based
11.0,11.0,99.0,12.0,8.0,1.0,0.0,1.0,1.0,0.0,3.0,-3.0,0.0,e10a9cbf-4fc5-4e51-a6cf-5b054e87ddb9,67,112,left,rule_based
11.0,11.0,98.0,12.0,7.0,1.0,0.0,1.0,1.0,0.0,2.0,-2.0,0.0,e10a9cbf-4fc5-4e51-a6cf-5b054e87ddb9,68,112,down,rule_based
11.0,11.0,97.0,12.0,7.0,0.0,0.0,0.0,1.0,1.0,3.0,-3.0,0.0,e10a9cbf-4fc5-4e51-a6cf-5b054e87ddb9,69,112,left,rule_based
11.0,11.0,96.0,12.0,6.0,0.0,1.0,0.0,1.0,0.0,2.0,-2.0,0.0,e10a9cbf-4fc5-4e51-a6cf-5b054e87ddb9,70,112,up,rule_based
11.0,11.0,95.0,12.0,6.0,1.0,1.0,0.0,1.0,0.0,1.0,-1.0,0.0,e10a9cbf-4fc5-4e51-a6cf-5b054e87ddb9,71,112,left,rule_based
11.0,11.0,100.0,13.0,5.0,1.0,1.0,1.0,1.0,0.0,2.0,-1.0,-1.0,e10a9cbf-4fc5-4e51-a6cf-5b054e87ddb9,72,112,left,rule_based
11.0,11.0,99.0,13.0,4.0,1.0,1.0,1.0,1.0,0.0,1.0,0.0,-1.0,e10a9cbf-4fc5-4e51-a6cf-5b054e87ddb9,73,112,left,rule_based
11.0,11.0,98.0,13.0,3.0,1.0,1.0,1.0,1.0,0.0,2.0,1.0,-1.0,e10a9cbf-4fc5-4e51-a6cf-5b054e87ddb9,74,112,left,rule_based
11.0,11.0,97.0,13.0,2.0,1.0,1.0,1.0,1.0,0.0,1.0,-1.0,0.0,e10a9cbf-4fc5-4e51-a6cf-5b054e87ddb9,75,112,up,rule_based
11.0,11.0,96.0,13.0,2.0,2.0,1.0,0.0,1.0,1.0,2.0,-1.0,-1.0,e10a9cbf-4fc5-4e51-a6cf-5b054e87ddb9,76,112,right,rule_based
11.0,11.0,95.0,13.0,3.0,2.0,1.0,0.0,0.0,1.0,3.0,1.0,-2.0,e10a9cbf-4fc5-4e51-a6cf-5b054e87ddb9,77,112,up,rule_based
11.0,11.0,94.0,13.0,3.0,3.0,1.0,0.0,1.0,1.0,2.0,2.0,0.0,e10a9cbf-4fc5-4e51-a6cf-5b054e87ddb9,78,112,right,rule_based
11.0,11.0,93.0,13.0,4.0,3.0,1.0,1.0,0.0,1.0,1.0,1.0,0.0,e10a9cbf-4fc5-4e51-a6cf-5b054e87ddb9,79,112,down,rule_based
11.0,11.0,92.0,13.0,4.0,2.0,0.0,0.0,0.0,1.0,2.0,0.0,-2.0,e10a9cbf-4fc5-4e51-a6cf-5b054e87ddb9,80,112,right,rule_based
11.0,11.0,91.0,13.0,5.0,2.0,1.0,0.0,0.0,1.0,1.0,0.0,1.0,e10a9cbf-4fc5-4e51-a6cf-5b054e87ddb9,81,112,right,rule_based
11.0,11.0,90.0,13.0,6.0,2.0,1.0,0.0,0.0,1.0,2.0,-1.0,1.0,e10a9cbf-4fc5-4e51-a6cf-5b054e87ddb9,82,112,up,rule_based
11.0,11.0,89.0,13.0,6.0,3.0,1.0,0.0,1.0,1.0,1.0,-1.0,0.0,e10a9cbf-4fc5-4e51-a6cf-5b054e87ddb9,83,112,left,rule_based
11.0,11.0,100.0,14.0,5.0,3.0,1.0,0.0,0.0,0.0,2.0,0.0,2.0,e10a9cbf-4fc5-4e51-a6cf-5b054e87ddb9,84,112,up,rule_based
11.0,11.0,99.0,14.0,5.0,4.0,1.0,0.0,1.0,1.0,1.0,0.0,1.0,e10a9cbf-4fc5-4e51-a6cf-5b054e87ddb9,85,112,left,rule_based
11.0,11.0,98.0,14.0,4.0,4.0,1.0,0.0,1.0,0.0,2.0,1.0,1.0,e10a9cbf-4fc5-4e51-a6cf-5b054e87ddb9,86,112,up,rule_based
11.0,11.0,97.0,14.0,4.0,5.0,1.0,0.0,1.0,1.0,1.0,1.0,0.0,e10a9cbf-4fc5-4e51-a6cf-5b054e87ddb9,87,112,up,rule_based
11.0,11.0,96.0,14.0,4.0,6.0,1.0,0.0,1.0,1.0,2.0,1.0,-1.0,e10a9cbf-4fc5-4e51-a6cf-5b054e87ddb9,88,112,right,rule_based
11.0,11.0,95.0,14.0,5.0,6.0,1.0,1.0,0.0,1.0,1.0,0.0,-1.0,e10a9cbf-4fc5-4e51-a6cf-5b054e87ddb9,89,112,right,rule_based
11.0,11.0,94.0,14.0,6.0,6.0,1.0,1.0,0.0,1.0,2.0,-1.0,-1.0,e10a9cbf-4fc5-4e51-a6cf-5b054e87ddb9,90,112,right,rule_based
11.0,11.0,93.0,14.0,7.0,6.0,1.0,1.0,0.0,1.0,3.0,-2.0,-1.0,e10a9cbf-4fc5-4e51-a6cf-5b054e87ddb9,91,112,up,rule_based
11.0,11.0,92.0,14.0,7.0,7.0,1.0,0.0,1.0,1.0,4.0,-2.0,-2.0,e10a9cbf-4fc5-4e51-a6cf-5b054e87ddb9,92,112,right,rule_based
11.0,11.0,91.0,14.0,8.0,7.0,1.0,1.0,0.0,1.0,5.0,-3.0,-2.0,e10a9cbf-4fc5-4e51-a6cf-5b054e87ddb9,93,112,down,rule_based
11.0,11.0,90.0,14.0,8.0,6.0,0.0,1.0,0.0,1.0,2.0,2.0,0.0,e10a9cbf-4fc5-4e51-a6cf-5b054e87ddb9,94,112,right,rule_based
11.0,11.0,89.0,14.0,9.0,6.0,1.0,1.0,0.0,1.0,1.0,1.0,0.0,e10a9cbf-4fc5-4e51-a6cf-5b054e87ddb9,95,112,down,rule_based
11.0,11.0,88.0,14.0,9.0,5.0,0.0,1.0,1.0,1.0,2.0,1.0,1.0,e10a9cbf-4fc5-4e51-a6cf-5b054e87ddb9,96,112,left,rule_based
11.0,11.0,87.0,14.0,8.0,5.0,0.0,1.0,1.0,0.0,3.0,-3.0,0.0,e10a9cbf-4fc5-4e51-a6cf-5b054e87ddb9,97,112,left,rule_based
11.0,11.0,86.0,14.0,7.0,5.0,0.0,1.0,1.0,0.0,2.0,-2.0,0.0,e10a9cbf-4fc5-4e51-a6cf-5b054e87ddb9,98,112,left,rule_based
11.0,11.0,85.0,14.0,6.0,5.0,0.0,1.0,1.0,0.0,1.0,-1.0,0.0,e10a9cbf-4fc5-4e51-a6cf-5b054e87ddb9,99,112,down,rule_based
11.0,11.0,84.0,14.0,6.0,4.0,0.0,1.0,1.0,1.0,2.0,-1.0,1.0,e10a9cbf-4fc5-4e51-a6cf-5b054e87ddb9,100,112,right,rule_based
11.0,11.0,83.0,14.0,7.0,4.0,0.0,1.0,0.0,1.0,3.0,-2.0,1.0,e10a9cbf-4fc5-4e51-a6cf-5b054e87ddb9,101,112,right,rule_based
11.0,11.0,82.0,14.0,8.0,4.0,0.0,1.0,0.0,1.0,4.0,-3.0,1.0,e10a9cbf-4fc5-4e51-a6cf-5b054e87ddb9,102,112,down,rule_based
11.0,11.0,81.0,14.0,8.0,3.0,0.0,1.0,1.0,1.0,5.0,-3.0,2.0,e10a9cbf-4fc5-4e51-a6cf-5b054e87ddb9,103,112,down,rule_based
11.0,11.0,80.0,14.0,8.0,2.0,0.0,1.0,1.0,1.0,6.0,-4.0,-2.0,e10a9cbf-4fc5-4e51-a6cf-5b054e87ddb9,104,112,right,rule_based
11.0,11.0,79.0,14.0,9.0,2.0,1.0,1.0,0.0,1.0,5.0,1.0,4.0,e10a9cbf-4fc5-4e51-a6cf-5b054e87ddb9,105,112,up,rule_based
11.0,11.0,78.0,14.0,9.0,3.0,1.0,0.0,0.0,1.0,4.0,1.0,3.0,e10a9cbf-4fc5-4e51-a6cf-5b054e87ddb9,106,112,right,rule_based
11.0,11.0,77.0,14.0,10.0,3.0,1.0,1.0,0.0,0.0,3.0,0.0,3.0,e10a9cbf-4fc5-4e51-a6cf-5b054e87ddb9,107,112,down,rule_based
11.0,11.0,76.0,14.0,10.0,2.0,0.0,1.0,0.0,0.0,4.0,0.0,4.0,e10a9cbf-4fc5-4e51-a6cf-5b054e87ddb9,108,112,down,rule_based
11.0,11.0,75.0,14.0,10.0,1.0,0.0,1.0,1.0,0.0,5.0,0.0,5.0,e10a9cbf-4fc5-4e51-a6cf-5b054e87ddb9,109,112,down,rule_based
11.0,11.0,74.0,14.0,10.0,0.0,0.0,0.0,1.0,0.0,6.0,-6.0,0.0,e10a9cbf-4fc5-4e51-a6cf-5b054e87ddb9,110,112,left,rule_based
11.0,11.0,73.0,14.0,9.0,0.0,1.0,0.0,1.0,0.0,5.0,-5.0,0.0,e10a9cbf-4fc5-4e51-a6cf-5b054e87ddb9,111,112,left,rule_based
11.0,11.0,72.0,14.0,8.0,0.0,1.0,0.0,1.0,0.0,4.0,-4.0,0.0,e10a9cbf-4fc5-4e51-a6cf-5b054e87ddb9,112,112,up,rule_based
11.0,11.0,71.0,14.0,8.0,1.0,0.0,0.0,1.0,1.0,5.0,-4.0,-1.0,e10a9cbf-4fc5-4e51-a6cf-5b054e87ddb9,113,112,right,rule_based
11.0,11.0,100.0,3.0,1.0,9.0,1.0,1.0,1.0,1.0,2.0,1.0,1.0,da7128b8-3286-45c2-8af5-990e05d5ce54,0,113,up,rule_based
11.0,11.0,99.0,3.0,1.0,10.0,0.0,0.0,1.0,1.0,1.0,1.0,0.0,da7128b8-3286-45c2-8af5-990e05d5ce54,1,113,right,rule_based
11.0,11.0,100.0,4.0,2.0,10.0,0.0,1.0,0.0,1.0,4.0,1.0,-3.0,da7128b8-3286-45c2-8af5-990e05d5ce54,2,113,down,rule_based
11.0,11.0,99.0,4.0,2.0,9.0,0.0,1.0,0.0,1.0,3.0,1.0,-2.0,da7128b8-3286-45c2-8af5-990e05d5ce54,3,113,right,rule_based
11.0,11.0,98.0,4.0,3.0,9.0,1.0,1.0,0.0,1.0,2.0,0.0,-2.0,da7128b8-3286-45c2-8af5-990e05d5ce54,4,113,right,rule_based
11.0,11.0,97.0,4.0,4.0,9.0,1.0,1.0,0.0,1.0,3.0,-1.0,-2.0,da7128b8-3286-45c2-8af5-990e05d5ce54,5,113,down,rule_based
11.0,11.0,96.0,4.0,4.0,8.0,0.0,1.0,1.0,1.0,2.0,-1.0,-1.0,da7128b8-3286-45c2-8af5-990e05d5ce54,6,113,down,rule_based
11.0,11.0,95.0,4.0,4.0,7.0,0.0,1.0,1.0,1.0,1.0,-1.0,0.0,da7128b8-3286-45c2-8af5-990e05d5ce54,7,113,left,rule_based
11.0,11.0,100.0,5.0,3.0,7.0,1.0,1.0,1.0,0.0,4.0,2.0,-2.0,da7128b8-3286-45c2-8af5-990e05d5ce54,8,113,up,rule_based
11.0,11.0,99.0,5.0,3.0,8.0,1.0,0.0,1.0,0.0,5.0,2.0,-3.0,da7128b8-3286-45c2-8af5-990e05d5ce54,9,113,up,rule_based
11.0,11.0,98.0,5.0,3.0,9.0,1.0,0.0,1.0,1.0,3.0,2.0,-1.0,da7128b8-3286-45c2-8af5-990e05d5ce54,10,113,left,rule_based
11.0,11.0,97.0,5.0,2.0,9.0,1.0,1.0,1.0,0.0,4.0,3.0,-1.0,da7128b8-3286-45c2-8af5-990e05d5ce54,11,113,up,rule_based
11.0,11.0,96.0,5.0,2.0,10.0,0.0,0.0,1.0,1.0,5.0,3.0,-2.0,da7128b8-3286-45c2-8af5-990e05d5ce54,12,113,right,rule_based
11.0,11.0,95.0,5.0,3.0,10.0,0.0,0.0,0.0,1.0,4.0,2.0,-2.0,da7128b8-3286-45c2-8af5-990e05d5ce54,13,113,right,rule_based
11.0,11.0,94.0,5.0,4.0,10.0,0.0,1.0,0.0,1.0,3.0,1.0,-2.0,da7128b8-3286-45c2-8af5-990e05d5ce54,14,113,right,rule_based
11.0,11.0,93.0,5.0,5.0,10.0,0.0,1.0,0.0,1.0,2.0,0.0,-2.0,da7128b8-3286-45c2-8af5-990e05d5ce54,15,113,right,rule_based
11.0,11.0,92.0,5.0,6.0,10.0,0.0,1.0,0.0,1.0,3.0,-1.0,-2.0,da7128b8-3286-45c2-8af5-990e05d5ce54,16,113,right,rule_based
11.0,11.0,91.0,5.0,7.0,10.0,0.0,1.0,0.0,1.0,4.0,-2.0,-2.0,da7128b8-3286-45c2-8af5-990e05d5ce54,17,113,right,rule_based
11.0,11.0,90.0,5.0,8.0,10.0,0.0,1.0,0.0,1.0,5.0,-3.0,-2.0,da7128b8-3286-45c2-8af5-990e05d5ce54,18,113,right,rule_based
11.0,11.0,89.0,5.0,9.0,10.0,0.0,1.0,0.0,1.0,6.0,-4.0,-2.0,da7128b8-3286-45c2-8af5-990e05d5ce54,19,113,down,rule_based
11.0,11.0,88.0,5.0,9.0,9.0,0.0,1.0,1.0,1.0,5.0,-4.0,-1.0,da7128b8-3286-45c2-8af5-990e05d5ce54,20,113,left,rule_based
11.0,11.0,87.0,5.0,8.0,9.0,0.0,1.0,1.0,0.0,4.0,-3.0,-1.0,da7128b8-3286-45c2-8af5-990e05d5ce54,21,113,left,rule_based
11.0,11.0,86.0,5.0,7.0,9.0,1.0,1.0,1.0,0.0,3.0,-2.0,-1.0,da7128b8-3286-45c2-8af5-990e05d5ce54,22,113,down,rule_based
11.0,11.0,85.0,5.0,7.0,8.0,0.0,1.0,1.0,1.0,2.0,-2.0,0.0,da7128b8-3286-45c2-8af5-990e05d5ce54,23,113,right,rule_based
11.0,11.0,84.0,5.0,8.0,8.0,0.0,1.0,0.0,1.0,3.0,-3.0,0.0,da7128b8-3286-45c2-8af5-990e05d5ce54,24,113,down,rule_based
11.0,11.0,83.0,5.0,8.0,7.0,0.0,1.0,1.0,1.0,4.0,-3.0,1.0,da7128b8-3286-45c2-8af5-990e05d5ce54,25,113,right,rule_based
11.0,11.0,82.0,5.0,9.0,7.0,1.0,1.0,0.0,1.0,5.0,-4.0,1.0,da7128b8-3286-45c2-8af5-990e05d5ce54,26,113,down,rule_based
11.0,11.0,81.0,5.0,9.0,6.0,0.0,1.0,1.0,1.0,4.0,1.0,-3.0,da7128b8-3286-45c2-8af5-990e05d5ce54,27,113,down,rule_based
11.0,11.0,80.0,5.0,9.0,5.0,0.0,1.0,1.0,1.0,3.0,1.0,-2.0,da7128b8-3286-45c2-8af5-990e05d5ce54,28,113,right,rule_based
11.0,11.0,79.0,5.0,10.0,5.0,1.0,1.0,0.0,0.0,2.0,0.0,-2.0,da7128b8-3286-45c2-8af5-990e05d5ce54,29,113,up,rule_based
11.0,11.0,78.0,5.0,10.0,6.0,1.0,0.0,0.0,0.0,3.0,0.0,-3.0,da7128b8-3286-45c2-8af5-990e05d5ce54,30,113,up,rule_based
11.0,11.0,77.0,5.0,10.0,7.0,1.0,0.0,1.0,0.0,4.0,0.0,-4.0,da7128b8-3286-45c2-8af5-990e05d5ce54,31,113,left,rule_based
11.0,11.0,76.0,5.0,9.0,7.0,1.0,1.0,1.0,0.0,5.0,-4.0,1.0,da7128b8-3286-45c2-8af5-990e05d5ce54,32,113,left,rule_based
11.0,11.0,75.0,5.0,8.0,7.0,1.0,1.0,1.0,0.0,4.0,-3.0,1.0,da7128b8-3286-45c2-8af5-990e05d5ce54,33,113,down,rule_based
11.0,11.0,74.0,5.0,8.0,6.0,0.0,1.0,1.0,1.0,4.0,-3.0,-1.0,da7128b8-3286-45c2-8af5-990e05d5ce54,34,113,down,rule_based
11.0,11.0,73.0,5.0,8.0,5.0,0.0,1.0,1.0,1.0,3.0,-3.0,0.0,da7128b8-3286-45c2-8af5-990e05d5ce54,35,113,left,rule_based
11.0,11.0,72.0,5.0,7.0,5.0,1.0,1.0,1.0,0.0,2.0,-2.0,0.0,da7128b8-3286-45c2-8af5-990e05d5ce54,36,113,down,rule_based
11.0,11.0,71.0,5.0,7.0,4.0,0.0,1.0,1.0,1.0,3.0,-2.0,1.0,da7128b8-3286-45c2-8af5-990e05d5ce54,37,113,right,rule_based
11.0,11.0,70.0,5.0,8.0,4.0,0.0,1.0,0.0,1.0,3.0,2.0,-1.0,da7128b8-3286-45c2-8af5-990e05d5ce54,38,113,right,rule_based
11.0,11.0,69.0,5.0,9.0,4.0,1.0,1.0,0.0,1.0,2.0,1.0,-1.0,da7128b8-3286-45c2-8af5-990e05d5ce54,39,113,right,rule_based
11.0,11.0,68.0,5.0,10.0,4.0,1.0,1.0,0.0,0.0,1.0,0.0,-1.0,da7128b8-3286-45c2-8af5-990e05d5ce54,40,113,up,rule_based
11.0,11.0,67.0,5.0,10.0,5.0,1.0,0.0,1.0,0.0,2.0,0.0,-2.0,da7128b8-3286-45c2-8af5-990e05d5ce54,41,113,up,rule_based
11.0,11.0,66.0,5.0,10.0,6.0,1.0,0.0,1.0,0.0,3.0,0.0,-3.0,da7128b8-3286-45c2-8af5-990e05d5ce54,42,113,up,rule_based
11.0,11.0,65.0,5.0,10.0,7.0,1.0,0.0,1.0,0.0,4.0,0.0,-4.0,da7128b8-3286-45c2-8af5-990e05d5ce54,43,113,up,rule_based
11.0,11.0,64.0,5.0,10.0,8.0,1.0,0.0,1.0,0.0,4.0,-3.0,1.0,da7128b8-3286-45c2-8af5-990e05d5ce54,44,113,left,rule_based
11.0,11.0,63.0,5.0,9.0,8.0,1.0,1.0,1.0,0.0,3.0,-2.0,1.0,da7128b8-3286-45c2-8af5-990e05d5ce54,45,113,up,rule_based
11.0,11.0,62.0,5.0,9.0,9.0,1.0,0.0,1.0,1.0,2.0,-2.0,0.0,da7128b8-3286-45c2-8af5-990e05d5ce54,46,113,up,rule_based
11.0,11.0,61.0,5.0,9.0,10.0,0.0,0.0,1.0,1.0,3.0,-2.0,-1.0,da7128b8-3286-45c2-8af5-990e05d5ce54,47,113,right,rule_based
11.0,11.0,60.0,5.0,10.0,10.0,0.0,1.0,0.0,0.0,4.0,-3.0,-1.0,da7128b8-3286-45c2-8af5-990e05d5ce54,48,113,down,rule_based
11.0,11.0,59.0,5.0,10.0,9.0,0.0,1.0,0.0,0.0,3.0,-3.0,0.0,da7128b8-3286-45c2-8af5-990e05d5ce54,49,113,down,rule_based
11.0,11.0,58.0,5.0,10.0,8.0,0.0,1.0,1.0,0.0,4.0,-3.0,1.0,da7128b8-3286-45c2-8af5-990e05d5ce54,50,113,down,rule_based
11.0,11.0,57.0,5.0,10.0,7.0,0.0,1.0,1.0,0.0,4.0,0.0,-4.0,da7128b8-3286-45c2-8af5-990e05d5ce54,51,113,down,rule_based
11.0,11.0,56.0,5.0,10.0,6.0,0.0,1.0,1.0,0.0,3.0,0.0,-3.0,da7128b8-3286-45c2-8af5-990e05d5ce54,52,113,left,rule_based
11.0,11.0,55.0,5.0,9.0,6.0,1.0,1.0,1.0,0.0,4.0,1.0,-3.0,da7128b8-3286-45c2-8af5-990e05d5ce54,53,113,up,rule_based
11.0,11.0,54.0,5.0,9.0,7.0,1.0,0.0,1.0,0.0,4.0,-2.0,2.0,da7128b8-3286-45c2-8af5-990e05d5ce54,54,113,up,rule_based
11.0,11.0,53.0,5.0,9.0,8.0,1.0,0.0,1.0,1.0,3.0,-2.0,1.0,da7128b8-3286-45c2-8af5-990e05d5ce54,55,113,right,rule_based
11.0,11.0,52.0,5.0,10.0,8.0,1.0,1.0,0.0,0.0,4.0,-3.0,1.0,da7128b8-3286-45c2-8af5-990e05d5ce54,56,113,up,rule_based
11.0,11.0,51.0,5.0,10.0,9.0,1.0,0.0,1.0,0.0,3.0,-3.0,0.0,da7128b8-3286-45c2-8af5-990e05d5ce54,57,113,up,rule_based
11.0,11.0,50.0,5.0,10.0,10.0,0.0,0.0,1.0,0.0,4.0,-3.0,-1.0,da7128b8-3286-45c2-8af5-990e05d5ce54,58,113,left,rule_based
11.0,11.0,49.0,5.0,9.0,10.0,0.0,1.0,1.0,0.0,3.0,-2.0,-1.0,da7128b8-3286-45c2-8af5-990e05d5ce54,59,113,left,rule_based
11.0,11.0,48.0,5.0,8.0,10.0,0.0,1.0,1.0,0.0,2.0,-1.0,-1.0,da7128b8-3286-45c2-8af5-990e05d5ce54,60,113,down,rule_based
11.0,11.0,47.0,5.0,8.0,9.0,0.0,1.0,1.0,1.0,1.0,-1.0,0.0,da7128b8-3286-45c2-8af5-990e05d5ce54,61,113,down,rule_based
11.0,11.0,46.0,5.0,8.0,8.0,0.0,1.0,1.0,1.0,2.0,-1.0,1.0,da7128b8-3286-45c2-8af5-990e05d5ce54,62,113,right,rule_based
11.0,11.0,45.0,5.0,9.0,8.0,1.0,1.0,0.0,1.0,3.0,-2.0,1.0,da7128b8-3286-45c2-8af5-990e05d5ce54,63,113,down,rule_based
11.0,11.0,44.0,5.0,9.0,7.0,0.0,1.0,1.0,1.0,4.0,-2.0,2.0,da7128b8-3286-45c2-8af5-990e05d5ce54,64,113,down,rule_based
11.0,11.0,43.0,5.0,9.0,6.0,0.0,1.0,1.0,1.0,3.0,-3.0,0.0,da7128b8-3286-45c2-8af5-990e05d5ce54,65,113,right,rule_based
11.0,11.0,42.0,5.0,10.0,6.0,1.0,1.0,0.0,0.0,3.0,0.0,-3.0,da7128b8-3286-45c2-8af5-990e05d5ce54,66,113,up,rule_based
11.0,11.0,41.0,5.0,10.0,7.0,1.0,0.0,0.0,0.0,4.0,0.0,-4.0,da7128b8-3286-45c2-8af5-990e05d5ce54,67,113,up,rule_based
11.0,11.0,40.0,5.0,10.0,8.0,1.0,0.0,1.0,0.0,4.0,-3.0,1.0,da7128b8-3286-45c2-8af5-990e05d5ce54,68,113,left,rule_based
11.0,11.0,39.0,5.0,9.0,8.0,1.0,1.0,1.0,0.0,3.0,-2.0,1.0,da7128b8-3286-45c2-8af5-990e05d5ce54,69,113,up,rule_based
11.0,11.0,38.0,5.0,9.0,9.0,1.0,0.0,1.0,1.0,2.0,-2.0,0.0,da7128b8-3286-45c2-8af5-990e05d5ce54,70,113,up,rule_based
11.0,11.0,37.0,5.0,9.0,10.0,0.0,0.0,1.0,1.0,3.0,-2.0,-1.0,da7128b8-3286-45c2-8af5-990e05d5ce54,71,113,left,rule_based
11.0,11.0,36.0,5.0,8.0,10.0,0.0,1.0,1.0,0.0,2.0,-1.0,-1.0,da7128b8-3286-45c2-8af5-990e05d5ce54,72,113,left,rule_based
11.0,11.0,35.0,5.0,7.0,10.0,0.0,1.0,1.0,0.0,1.0,0.0,-1.0,da7128b8-3286-45c2-8af5-990e05d5ce54,73,113,left,rule_based
11.0,11.0,34.0,5.0,6.0,10.0,0.0,1.0,1.0,0.0,2.0,1.0,-1.0,da7128b8-3286-45c2-8af5-990e05d5ce54,74,113,left,rule_based
11.0,11.0,33.0,5.0,5.0,10.0,0.0,1.0,1.0,0.0,2.0,0.0,-2.0,da7128b8-3286-45c2-8af5-990e05d5ce54,75,113,down,rule_based
11.0,11.0,32.0,5.0,5.0,9.0,0.0,1.0,1.0,1.0,1.0,0.0,-1.0,da7128b8-3286-45c2-8af5-990e05d5ce54,76,113,down,rule_based
11.0,11.0,100.0,6.0,5.0,8.0,0.0,1.0,1.0,1.0,1.0,-1.0,0.0,da7128b8-3286-45c2-8af5-990e05d5ce54,77,113,right,rule_based
11.0,11.0,99.0,6.0,6.0,8.0,1.0,1.0,0.0,1.0,2.0,1.0,1.0,da7128b8-3286-45c2-8af5-990e05d5ce54,78,113,up,rule_based
11.0,11.0,98.0,6.0,6.0,9.0,0.0,0.0,0.0,1.0,1.0,1.0,0.0,da7128b8-3286-45c2-8af5-990e05d5ce54,79,113,right,rule_based
11.0,11.0,100.0,7.0,7.0,9.0,1.0,1.0,0.0,1.0,3.0,-3.0,0.0,da7128b8-3286-45c2-8af5-990e05d5ce54,80,113,up,rule_based
11.0,11.0,99.0,7.0,7.0,10.0,0.0,0.0,1.0,1.0,4.0,-3.0,-1.0,da7128b8-3286-45c2-8af5-990e05d5ce54,81,113,right,rule_based
11.0,11.0,98.0,7.0,8.0,10.0,0.0,1.0,0.0,1.0,5.0,-4.0,-1.0,da7128b8-3286-45c2-8af5-990e05d5ce54,82,113,down,rule_based
11.0,11.0,97.0,7.0,8.0,9.0,0.0,1.0,0.0,1.0,4.0,-4.0,0.0,da7128b8-3286-45c2-8af5-990e05d5ce54,83,113,down,rule_based
11.0,11.0,96.0,7.0,8.0,8.0,0.0,1.0,1.0,1.0,4.0,-2.0,-2.0,da7128b8-3286-45c2-8af5-990e05d5ce54,84,113,left,rule_based
11.0,11.0,95.0,7.0,7.0,8.0,0.0,1.0,1.0,0.0,3.0,-1.0,-2.0,da7128b8-3286-45c2-8af5-990e05d5ce54,85,113,left,rule_based
11.0,11.0,94.0,7.0,6.0,8.0,1.0,1.0,1.0,0.0,2.0,0.0,-2.0,da7128b8-3286-45c2-8af5-990e05d5ce54,86,113,down,rule_based
11.0,11.0,93.0,7.0,6.0,7.0,0.0,1.0,1.0,1.0,1.0,0.0,-1.0,da7128b8-3286-45c2-8af5-990e05d5ce54,87,113,down,rule_based
11.0,11.0,100.0,8.0,6.0,6.0,0.0,1.0,1.0,1.0,2.0,-1.0,-1.0,da7128b8-3286-45c2-8af5-990e05d5ce54,88,113,right,rule_based
11.0,11.0,99.0,8.0,7.0,6.0,1.0,1.0,0.0,1.0,3.0,-2.0,-1.0,da7128b8-3286-45c2-8af5-990e05d5ce54,89,113,up,rule_based
11.0,11.0,98.0,8.0,7.0,7.0,0.0,0.0,0.0,1.0,4.0,-2.0,-2.0,da7128b8-3286-45c2-8af5-990e05d5ce54,90,113,right,rule_based
11.0,11.0,97.0,8.0,8.0,7.0,0.0,1.0,0.0,1.0,5.0,-3.0,-2.0,da7128b8-3286-45c2-8af5-990e05d5ce54,91,113,right,rule_based
11.0,11.0,96.0,8.0,9.0,7.0,1.0,1.0,0.0,1.0,5.0,1.0,-4.0,da7128b8-3286-45c2-8af5-990e05d5ce54,92,113,up,rule_based
11.0,11.0,95.0,8.0,9.0,8.0,1.0,0.0,1.0,1.0,3.0,1.0,-2.0,da7128b8-3286-45c2-8af5-990e05d5ce54,93,113,right,rule_based
11.0,11.0,94.0,8.0,10.0,8.0,1.0,1.0,0.0,0.0,2.0,0.0,-2.0,da7128b8-3286-45c2-8af5-990e05d5ce54,94,113,down,rule_based
11.0,11.0,93.0,8.0,10.0,7.0,0.0,1.0,0.0,0.0,1.0,0.0,-1.0,da7128b8-3286-45c2-8af5-990e05d5ce54,95,113,down,rule_based
11.0,11.0,100.0,9.0,10.0,6.0,0.0,1.0,1.0,0.0,3.0,0.0,-3.0,da7128b8-3286-45c2-8af5-990e05d5ce54,96,113,down,rule_based
11.0,11.0,99.0,9.0,10.0,5.0,0.0,1.0,1.0,0.0,2.0,0.0,-2.0,da7128b8-3286-45c2-8af5-990e05d5ce54,97,113,left,rule_based
11.0,11.0,98.0,9.0,9.0,5.0,1.0,1.0,1.0,0.0,3.0,1.0,-2.0,da7128b8-3286-45c2-8af5-990e05d5ce54,98,113,up,rule_based
11.0,11.0,97.0,9.0,9.0,6.0,0.0,0.0,1.0,0.0,4.0,1.0,-3.0,da7128b8-3286-45c2-8af5-990e05d5ce54,99,113,left,rule_based
11.0,11.0,96.0,9.0,8.0,6.0,1.0,1.0,1.0,0.0,4.0,-3.0,-1.0,da7128b8-3286-45c2-8af5-990e05d5ce54,100,113,up,rule_based
11.0,11.0,95.0,9.0,8.0,7.0,1.0,0.0,1.0,1.0,5.0,-3.0,-2.0,da7128b8-3286-45c2-8af5-990e05d5ce54,101,113,left,rule_based
11.0,11.0,94.0,9.0,7.0,7.0,1.0,1.0,1.0,0.0,4.0,-2.0,-2.0,da7128b8-3286-45c2-8af5-990e05d5ce54,102,113,down,rule_based
11.0,11.0,93.0,9.0,7.0,6.0,0.0,1.0,1.0,0.0,3.0,-2.0,-1.0,da7128b8-3286-45c2-8af5-990e05d5ce54,103,113,left,rule_based
11.0,11.0,92.0,9.0,6.0,6.0,1.0,1.0,1.0,0.0,2.0,-1.0,-1.0,da7128b8-3286-45c2-8af5-990e05d5ce54,104,113,left,rule_based
11.0,11.0,91.0,9.0,5.0,6.0,1.0,1.0,1.0,0.0,1.0,0.0,-1.0,da7128b8-3286-45c2-8af5-990e05d5ce54,105,113,down,rule_based
11.0,11.0,100.0,10.0,5.0,5.0,0.0,1.0,1.0,1.0,3.0,0.0,-3.0,da7128b8-3286-45c2-8af5-990e05d5ce54,106,113,right,rule_based
11.0,11.0,99.0,10.0,6.0,5.0,0.0,1.0,0.0,1.0,4.0,-1.0,-3.0,da7128b8-3286-45c2-8af5-990e05d5ce54,107,113,right,rule_based
11.0,11.0,98.0,10.0,7.0,5.0,0.0,1.0,0.0,1.0,5.0,3.0,-2.0,da7128b8-3286-45c2-8af5-990e05d5ce54,108,113,down,rule_based
11.0,11.0,97.0,10.0,7.0,4.0,0.0,1.0,1.0,1.0,4.0,3.0,-1.0,da7128b8-3286-45c2-8af5-990e05d5ce54,109,113,left,rule_based
11.0,11.0,96.0,10.0,6.0,4.0,0.0,1.0,1.0,0.0,3.0,-1.0,-2.0,da7128b8-3286-45c2-8af5-990e05d5ce54,110,113,left,rule_based
11.0,11.0,95.0,10.0,5.0,4.0,0.0,1.0,1.0,0.0,2.0,0.0,-2.0,da7128b8-3286-45c2-8af5-990e05d5ce54,111,113,down,rule_based
11.0,11.0,94.0,10.0,5.0,3.0,0.0,1.0,1.0,1.0,1.0,0.0,-1.0,da7128b8-3286-45c2-8af5-990e05d5ce54,112,113,down,rule_based
11.0,11.0,100.0,11.0,5.0,2.0,0.0,1.0,1.0,1.0,3.0,-3.0,0.0,da7128b8-3286-45c2-8af5-990e05d5ce54,113,113,right,rule_based
11.0,11.0,99.0,11.0,6.0,2.0,1.0,1.0,0.0,1.0,3.0,1.0,-2.0,da7128b8-3286-45c2-8af5-990e05d5ce54,114,113,up,rule_based
11.0,11.0,98.0,11.0,6.0,3.0,0.0,0.0,0.0,1.0,4.0,4.0,0.0,da7128b8-3286-45c2-8af5-990e05d5ce54,115,113,right,rule_based
11.0,11.0,97.0,11.0,7.0,3.0,0.0,1.0,0.0,1.0,3.0,3.0,0.0,da7128b8-3286-45c2-8af5-990e05d5ce54,116,113,right,rule_based
11.0,11.0,96.0,11.0,8.0,3.0,1.0,1.0,0.0,1.0,2.0,2.0,0.0,da7128b8-3286-45c2-8af5-990e05d5ce54,117,113,up,rule_based
11.0,11.0,95.0,11.0,8.0,4.0,1.0,0.0,0.0,1.0,3.0,2.0,-1.0,da7128b8-3286-45c2-8af5-990e05d5ce54,118,113,right,rule_based
11.0,11.0,94.0,11.0,9.0,4.0,1.0,1.0,0.0,1.0,2.0,1.0,-1.0,da7128b8-3286-45c2-8af5-990e05d5ce54,119,113,up,rule_based
11.0,11.0,93.0,11.0,9.0,5.0,1.0,0.0,1.0,1.0,3.0,1.0,-2.0,da7128b8-3286-45c2-8af5-990e05d5ce54,120,113,left,rule_based
11.0,11.0,92.0,11.0,8.0,5.0,1.0,0.0,1.0,0.0,4.0,2.0,-2.0,da7128b8-3286-45c2-8af5-990e05d5ce54,121,113,left,rule_based
11.0,11.0,91.0,11.0,7.0,5.0,1.0,1.0,1.0,0.0,5.0,3.0,-2.0,da7128b8-3286-45c2-8af5-990e05d5ce54,122,113,left,rule_based
11.0,11.0,90.0,11.0,6.0,5.0,1.0,1.0,1.0,0.0,5.0,-2.0,3.0,da7128b8-3286-45c2-8af5-990e05d5ce54,123,113,down,rule_based
11.0,11.0,89.0,11.0,6.0,4.0,0.0,0.0,1.0,1.0,5.0,4.0,-1.0,da7128b8-3286-45c2-8af5-990e05d5ce54,124,113,right,rule_based
11.0,11.0,100.0,3.0,9.0,5.0,1.0,1.0,1.0,1.0,2.0,1.0,1.0,c2124a32-b688-48da-b4fe-208f89e4681f,0,114,down,rule_based
11.0,11.0,99.0,3.0,9.0,4.0,0.0,1.0,1.0,1.0,3.0,1.0,2.0,c2124a32-b688-48da-b4fe-208f89e4681f,1,114,right,rule_based
11.0,11.0,98.0,3.0,10.0,4.0,1.0,1.0,0.0,0.0,2.0,0.0,2.0,c2124a32-b688-48da-b4fe-208f89e4681f,2,114,up,rule_based
11.0,11.0,97.0,3.0,10.0,5.0,1.0,0.0,1.0,0.0,1.0,0.0,1.0,c2124a32-b688-48da-b4fe-208f89e4681f,3,114,left,rule_based
11.0,11.0,96.0,3.0,9.0,5.0,1.0,1.0,1.0,0.0,2.0,1.0,1.0,c2124a32-b688-48da-b4fe-208f89e4681f,4,114,left,rule_based
11.0,11.0,95.0,3.0,8.0,5.0,1.0,1.0,1.0,0.0,3.0,2.0,1.0,c2124a32-b688-48da-b4fe-208f89e4681f,5,114,up,rule_based
11.0,11.0,94.0,3.0,8.0,6.0,1.0,0.0,1.0,1.0,2.0,2.0,0.0,c2124a32-b688-48da-b4fe-208f89e4681f,6,114,right,rule_based
11.0,11.0,93.0,3.0,9.0,6.0,1.0,1.0,0.0,1.0,1.0,1.0,0.0,c2124a32-b688-48da-b4fe-208f89e4681f,7,114,right,rule_based
11.0,11.0,100.0,4.0,10.0,6.0,1.0,1.0,0.0,0.0,5.0,-1.0,4.0,c2124a32-b688-48da-b4fe-208f89e4681f,8,114,up,rule_based
11.0,11.0,99.0,4.0,10.0,7.0,1.0,0.0,1.0,0.0,4.0,-1.0,3.0,c2124a32-b688-48da-b4fe-208f89e4681f,9,114,up,rule_based
11.0,11.0,98.0,4.0,10.0,8.0,1.0,0.0,1.0,0.0,3.0,-1.0,2.0,c2124a32-b688-48da-b4fe-208f89e4681f,10,114,left,rule_based
11.0,11.0,97.0,4.0,9.0,8.0,1.0,1.0,1.0,0.0,2.0,0.0,2.0,c2124a32-b688-48da-b4fe-208f89e4681f,11,114,left,rule_based
11.0,11.0,96.0,4.0,8.0,8.0,1.0,1.0,1.0,0.0,2.0,-2.0,0.0,c2124a32-b688-48da-b4fe-208f89e4681f,12,114,up,rule_based
11.0,11.0,95.0,4.0,8.0,9.0,1.0,0.0,1.0,1.0,2.0,1.0,1.0,c2124a32-b688-48da-b4fe-208f89e4681f,13,114,right,rule_based
11.0,11.0,94.0,4.0,9.0,9.0,1.0,0.0,0.0,1.0,1.0,0.0,1.0,c2124a32-b688-48da-b4fe-208f89e4681f,14,114,right,rule_based
11.0,11.0,93.0,4.0,10.0,9.0,1.0,1.0,0.0,0.0,2.0,-1.0,1.0,c2124a32-b688-48da-b4fe-208f89e4681f,15,114,down,rule_based
11.0,11.0,92.0,4.0,10.0,8.0,0.0,1.0,1.0,0.0,3.0,-1.0,2.0,c2124a32-b688-48da-b4fe-208f89e4681f,16,114,down,rule_based
11.0,11.0,91.0,4.0,10.0,7.0,0.0,1.0,1.0,0.0,4.0,-1.0,3.0,c2124a32-b688-48da-b4fe-208f89e4681f,17,114,down,rule_based
11.0,11.0,90.0,4.0,10.0,6.0,0.0,1.0,1.0,0.0,5.0,-1.0,4.0,c2124a32-b688-48da-b4fe-208f89e4681f,18,114,left,rule_based
11.0,11.0,89.0,4.0,9.0,6.0,1.0,1.0,1.0,0.0,4.0,0.0,4.0,c2124a32-b688-48da-b4fe-208f89e4681f,19,114,down,rule_based
11.0,11.0,88.0,4.0,9.0,5.0,0.0,1.0,1.0,1.0,4.0,-4.0,0.0,c2124a32-b688-48da-b4fe-208f89e4681f,20,114,down,rule_based
11.0,11.0,87.0,4.0,9.0,4.0,0.0,1.0,1.0,1.0,4.0,-2.0,-2.0,c2124a32-b688-48da-b4fe-208f89e4681f,21,114,right,rule_based
11.0,11.0,86.0,4.0,10.0,4.0,1.0,1.0,0.0,0.0,3.0,0.0,-3.0,c2124a32-b688-48da-b4fe-208f89e4681f,22,114,down,rule_based
11.0,11.0,85.0,4.0,10.0,3.0,0.0,1.0,1.0,0.0,2.0,0.0,-2.0,c2124a32-b688-48da-b4fe-208f89e4681f,23,114,left,rule_based
11.0,11.0,84.0,4.0,9.0,3.0,0.0,1.0,1.0,0.0,3.0,-2.0,-1.0,c2124a32-b688-48da-b4fe-208f89e4681f,24,114,left,rule_based
11.0,11.0,83.0,4.0,8.0,3.0,1.0,1.0,1.0,0.0,2.0,-1.0,-1.0,c2124a32-b688-48da-b4fe-208f89e4681f,25,114,left,rule_based
11.0,11.0,82.0,4.0,7.0,3.0,1.0,1.0,1.0,0.0,1.0,0.0,-1.0,c2124a32-b688-48da-b4fe-208f89e4681f,26,114,down,rule_based
11.0,11.0,100.0,5.0,7.0,2.0,0.0,1.0,1.0,1.0,4.0,3.0,-1.0,c2124a32-b688-48da-b4fe-208f89e4681f,27,114,down,rule_based
11.0,11.0,99.0,5.0,7.0,1.0,0.0,1.0,1.0,1.0,3.0,3.0,0.0,c2124a32-b688-48da-b4fe-208f89e4681f,28,114,left,rule_based
11.0,11.0,98.0,5.0,6.0,1.0,1.0,1.0,1.0,0.0,4.0,4.0,0.0,c2124a32-b688-48da-b4fe-208f89e4681f,29,114,left,rule_based
11.0,11.0,97.0,5.0,5.0,1.0,1.0,1.0,1.0,0.0,4.0,0.0,4.0,c2124a32-b688-48da-b4fe-208f89e4681f,30,114,up,rule_based
11.0,11.0,96.0,5.0,5.0,2.0,1.0,0.0,1.0,1.0,3.0,0.0,3.0,c2124a32-b688-48da-b4fe-208f89e4681f,31,114,left,rule_based
11.0,11.0,95.0,5.0,4.0,2.0,1.0,1.0,1.0,0.0,4.0,1.0,3.0,c2124a32-b688-48da-b4fe-208f89e4681f,32,114,left,rule_based
11.0,11.0,94.0,5.0,3.0,2.0,1.0,1.0,1.0,0.0,3.0,-1.0,-2.0,c2124a32-b688-48da-b4fe-208f89e4681f,33,114,down,rule_based
11.0,11.0,93.0,5.0,3.0,1.0,0.0,1.0,1.0,1.0,2.0,-1.0,-1.0,c2124a32-b688-48da-b4fe-208f89e4681f,34,114,right,rule_based
11.0,11.0,92.0,5.0,4.0,1.0,0.0,1.0,0.0,1.0,3.0,-2.0,-1.0,c2124a32-b688-48da-b4fe-208f89e4681f,35,114,down,rule_based
11.0,11.0,91.0,5.0,4.0,0.0,0.0,0.0,1.0,1.0,2.0,-2.0,0.0,c2124a32-b688-48da-b4fe-208f89e4681f,36,114,left,rule_based
11.0,11.0,90.0,5.0,3.0,0.0,0.0,0.0,1.0,0.0,1.0,-1.0,0.0,c2124a32-b688-48da-b4fe-208f89e4681f,37,114,left,rule_based
11.0,11.0,100.0,6.0,2.0,0.0,1.0,0.0,1.0,0.0,7.0,-2.0,5.0,c2124a32-b688-48da-b4fe-208f89e4681f,38,114,left,rule_based
11.0,11.0,99.0,6.0,1.0,0.0,1.0,0.0,1.0,0.0,6.0,-1.0,5.0,c2124a32-b688-48da-b4fe-208f89e4681f,39,114,left,rule_based
11.0,11.0,98.0,6.0,0.0,0.0,1.0,0.0,0.0,0.0,5.0,0.0,5.0,c2124a32-b688-48da-b4fe-208f89e4681f,40,114,up,rule_based
11.0,11.0,97.0,6.0,0.0,1.0,1.0,0.0,0.0,1.0,4.0,0.0,4.0,c2124a32-b688-48da-b4fe-208f89e4681f,41,114,up,rule_based
11.0,11.0,96.0,6.0,0.0,2.0,1.0,0.0,0.0,1.0,3.0,0.0,3.0,c2124a32-b688-48da-b4fe-208f89e4681f,42,114,right,rule_based
11.0,11.0,95.0,6.0,1.0,2.0,1.0,1.0,0.0,1.0,4.0,-1.0,3.0,c2124a32-b688-48da-b4fe-208f89e4681f,43,114,down,rule_based
11.0,11.0,94.0,6.0,1.0,1.0,0.0,0.0,0.0,1.0,5.0,-1.0,4.0,c2124a32-b688-48da-b4fe-208f89e4681f,44,114,right,rule_based
11.0,11.0,93.0,6.0,2.0,1.0,1.0,1.0,0.0,1.0,4.0,0.0,4.0,c2124a32-b688-48da-b4fe-208f89e4681f,45,114,right,rule_based
11.0,11.0,92.0,6.0,3.0,1.0,1.0,1.0,0.0,1.0,5.0,-1.0,4.0,c2124a32-b688-48da-b4fe-208f89e4681f,46,114,up,rule_based
11.0,11.0,91.0,6.0,3.0,2.0,1.0,0.0,1.0,1.0,4.0,-1.0,3.0,c2124a32-b688-48da-b4fe-208f89e4681f,47,114,up,rule_based
11.0,11.0,90.0,6.0,3.0,3.0,1.0,0.0,1.0,1.0,3.0,-1.0,2.0,c2124a32-b688-48da-b4fe-208f89e4681f,48,114,left,rule_based
11.0,11.0,89.0,6.0,2.0,3.0,1.0,1.0,1.0,0.0,2.0,0.0,2.0,c2124a32-b688-48da-b4fe-208f89e4681f,49,114,down,rule_based
11.0,11.0,88.0,6.0,2.0,2.0,0.0,0.0,1.0,0.0,3.0,0.0,3.0,c2124a32-b688-48da-b4fe-208f89e4681f,50,114,left,rule_based
11.0,11.0,87.0,6.0,1.0,2.0,1.0,1.0,1.0,0.0,4.0,-1.0,3.0,c2124a32-b688-48da-b4fe-208f89e4681f,51,114,up,rule_based
11.0,11.0,86.0,6.0,1.0,3.0,1.0,0.0,1.0,0.0,3.0,-1.0,2.0,c2124a32-b688-48da-b4fe-208f89e4681f,52,114,left,rule_based
11.0,11.0,85.0,6.0,0.0,3.0,1.0,1.0,0.0,0.0,2.0,0.0,2.0,c2124a32-b688-48da-b4fe-208f89e4681f,53,114,up,rule_based
11.0,11.0,84.0,6.0,0.0,4.0,1.0,0.0,0.0,1.0,1.0,0.0,1.0,c2124a32-b688-48da-b4fe-208f89e4681f,54,114,right,rule_based
11.0,11.0,83.0,6.0,1.0,4.0,1.0,0.0,0.0,1.0,2.0,-1.0,1.0,c2124a32-b688-48da-b4fe-208f89e4681f,55,114,right,rule_based
11.0,11.0,82.0,6.0,2.0,4.0,1.0,1.0,0.0,1.0,1.0,0.0,1.0,c2124a32-b688-48da-b4fe-208f89e4681f,56,114,up,rule_based
11.0,11.0,100.0,7.0,2.0,5.0,1.0,0.0,1.0,1.0,2.0,-2.0,0.0,c2124a32-b688-48da-b4fe-208f89e4681f,57,114,up,rule_based
11.0,11.0,99.0,7.0,2.0,6.0,1.0,0.0,1.0,1.0,2.0,0.0,2.0,c2124a32-b688-48da-b4fe-208f89e4681f,58,114,up,rule_based
11.0,11.0,98.0,7.0,2.0,7.0,1.0,0.0,1.0,1.0,1.0,0.0,1.0,c2124a32-b688-48da-b4fe-208f89e4681f,59,114,up,rule_based
11.0,11.0,100.0,8.0,2.0,8.0,1.0,0.0,1.0,1.0,3.0,1.0,2.0,c2124a32-b688-48da-b4fe-208f89e4681f,60,114,left,rule_based
11.0,11.0,99.0,8.0,1.0,8.0,1.0,1.0,1.0,0.0,4.0,-1.0,-3.0,c2124a32-b688-48da-b4fe-208f89e4681f,61,114,up,rule_based
11.0,11.0,98.0,8.0,1.0,9.0,1.0,0.0,1.0,1.0,3.0,2.0,1.0,c2124a32-b688-48da-b4fe-208f89e4681f,62,114,up,rule_based
11.0,11.0,97.0,8.0,1.0,10.0,0.0,0.0,1.0,1.0,2.0,2.0,0.0,c2124a32-b688-48da-b4fe-208f89e4681f,63,114,right,rule_based
11.0,11.0,96.0,8.0,2.0,10.0,0.0,1.0,0.0,1.0,1.0,1.0,0.0,c2124a32-b688-48da-b4fe-208f89e4681f,64,114,right,rule_based
11.0,11.0,100.0,9.0,3.0,10.0,0.0,1.0,0.0,1.0,5.0,3.0,-2.0,c2124a32-b688-48da-b4fe-208f89e4681f,65,114,right,rule_based
11.0,11.0,99.0,9.0,4.0,10.0,0.0,1.0,0.0,1.0,4.0,2.0,-2.0,c2124a32-b688-48da-b4fe-208f89e4681f,66,114,right,rule_based
11.0,11.0,98.0,9.0,5.0,10.0,0.0,1.0,0.0,1.0,3.0,1.0,-2.0,c2124a32-b688-48da-b4fe-208f89e4681f,67,114,down,rule_based
11.0,11.0,97.0,9.0,5.0,9.0,0.0,1.0,1.0,1.0,2.0,1.0,-1.0,c2124a32-b688-48da-b4fe-208f89e4681f,68,114,left,rule_based
11.0,11.0,96.0,9.0,4.0,9.0,0.0,1.0,1.0,0.0,3.0,2.0,-1.0,c2124a32-b688-48da-b4fe-208f89e4681f,69,114,left,rule_based
11.0,11.0,95.0,9.0,3.0,9.0,0.0,1.0,1.0,0.0,4.0,3.0,-1.0,c2124a32-b688-48da-b4fe-208f89e4681f,70,114,down,rule_based
11.0,11.0,94.0,9.0,3.0,8.0,0.0,1.0,1.0,1.0,3.0,3.0,0.0,c2124a32-b688-48da-b4fe-208f89e4681f,71,114,down,rule_based
11.0,11.0,93.0,9.0,3.0,7.0,0.0,1.0,1.0,1.0,2.0,0.0,-2.0,c2124a32-b688-48da-b4fe-208f89e4681f,72,114,down,rule_based
11.0,11.0,92.0,9.0,3.0,6.0,0.0,1.0,1.0,1.0,1.0,0.0,-1.0,c2124a32-b688-48da-b4fe-208f89e4681f,73,114,left,rule_based
11.0,11.0,91.0,9.0,2.0,6.0,1.0,1.0,1.0,0.0,2.0,1.0,-1.0,c2124a32-b688-48da-b4fe-208f89e4681f,74,114,left,rule_based
11.0,11.0,90.0,9.0,1.0,6.0,1.0,1.0,1.0,0.0,2.0,-1.0,-1.0,c2124a32-b688-48da-b4fe-208f89e4681f,75,114,left,rule_based
11.0,11.0,89.0,9.0,0.0,6.0,1.0,1.0,0.0,0.0,1.0,0.0,-1.0,c2124a32-b688-48da-b4fe-208f89e4681f,76,114,up,rule_based
11.0,11.0,88.0,9.0,0.0,7.0,1.0,0.0,0.0,1.0,2.0,0.0,-2.0,c2124a32-b688-48da-b4fe-208f89e4681f,77,114,right,rule_based
11.0,11.0,87.0,9.0,1.0,7.0,1.0,0.0,0.0,1.0,3.0,-1.0,-2.0,c2124a32-b688-48da-b4fe-208f89e4681f,78,114,up,rule_based
11.0,11.0,86.0,9.0,1.0,8.0,1.0,0.0,1.0,1.0,4.0,-1.0,-3.0,c2124a32-b688-48da-b4fe-208f89e4681f,79,114,up,rule_based
11.0,11.0,85.0,9.0,1.0,9.0,1.0,0.0,1.0,1.0,5.0,-1.0,-4.0,c2124a32-b688-48da-b4fe-208f89e4681f,80,114,left,rule_based
11.0,11.0,84.0,9.0,0.0,9.0,1.0,1.0,0.0,0.0,4.0,0.0,-4.0,c2124a32-b688-48da-b4fe-208f89e4681f,81,114,down,rule_based
11.0,11.0,100.0,3.0,1.0,5.0,1.0,1.0,1.0,1.0,2.0,-1.0,1.0,b1516f6c-f4f1-4ac6-a4cc-e38c37131d79,0,115,left,rule_based
11.0,11.0,99.0,3.0,0.0,5.0,1.0,1.0,0.0,0.0,1.0,0.0,1.0,b1516f6c-f4f1-4ac6-a4cc-e38c37131d79,1,115,up,rule_based
11.0,11.0,100.0,4.0,0.0,6.0,1.0,0.0,0.0,1.0,6.0,5.0,-1.0,b1516f6c-f4f1-4ac6-a4cc-e38c37131d79,2,115,up,rule_based
11.0,11.0,99.0,4.0,0.0,7.0,1.0,0.0,0.0,1.0,7.0,5.0,-2.0,b1516f6c-f4f1-4ac6-a4cc-e38c37131d79,3,115,up,rule_based
11.0,11.0,98.0,4.0,0.0,8.0,1.0,0.0,0.0,1.0,8.0,5.0,-3.0,b1516f6c-f4f1-4ac6-a4cc-e38c37131d79,4,115,right,rule_based
11.0,11.0,97.0,4.0,1.0,8.0,1.0,1.0,0.0,1.0,7.0,4.0,-3.0,b1516f6c-f4f1-4ac6-a4cc-e38c37131d79,5,115,right,rule_based
11.0,11.0,96.0,4.0,2.0,8.0,1.0,1.0,0.0,1.0,6.0,3.0,-3.0,b1516f6c-f4f1-4ac6-a4cc-e38c37131d79,6,115,down,rule_based
11.0,11.0,95.0,4.0,2.0,7.0,0.0,1.0,1.0,1.0,5.0,3.0,-2.0,b1516f6c-f4f1-4ac6-a4cc-e38c37131d79,7,115,right,rule_based
11.0,11.0,94.0,4.0,3.0,7.0,1.0,1.0,0.0,1.0,2.0,2.0,0.0,b1516f6c-f4f1-4ac6-a4cc-e38c37131d79,8,115,right,rule_based
11.0,11.0,93.0,4.0,4.0,7.0,1.0,1.0,0.0,1.0,1.0,1.0,0.0,b1516f6c-f4f1-4ac6-a4cc-e38c37131d79,9,115,down,rule_based
11.0,11.0,92.0,4.0,4.0,6.0,0.0,1.0,1.0,1.0,2.0,1.0,-1.0,b1516f6c-f4f1-4ac6-a4cc-e38c37131d79,10,115,right,rule_based
11.0,11.0,91.0,4.0,5.0,6.0,1.0,1.0,0.0,1.0,1.0,0.0,-1.0,b1516f6c-f4f1-4ac6-a4cc-e38c37131d79,11,115,down,rule_based
11.0,11.0,100.0,5.0,5.0,5.0,0.0,1.0,1.0,1.0,2.0,0.0,2.0,b1516f6c-f4f1-4ac6-a4cc-e38c37131d79,12,115,left,rule_based
11.0,11.0,99.0,5.0,4.0,5.0,0.0,1.0,1.0,0.0,1.0,0.0,-1.0,b1516f6c-f4f1-4ac6-a4cc-e38c37131d79,13,115,down,rule_based
11.0,11.0,100.0,6.0,4.0,4.0,0.0,1.0,1.0,1.0,4.0,1.0,3.0,b1516f6c-f4f1-4ac6-a4cc-e38c37131d79,14,115,right,rule_based
11.0,11.0,99.0,6.0,5.0,4.0,0.0,1.0,0.0,1.0,3.0,0.0,3.0,b1516f6c-f4f1-4ac6-a4cc-e38c37131d79,15,115,down,rule_based
11.0,11.0,98.0,6.0,5.0,3.0,0.0,1.0,1.0,1.0,4.0,0.0,4.0,b1516f6c-f4f1-4ac6-a4cc-e38c37131d79,16,115,down,rule_based
11.0,11.0,97.0,6.0,5.0,2.0,0.0,1.0,1.0,1.0,5.0,5.0,0.0,b1516f6c-f4f1-4ac6-a4cc-e38c37131d79,17,115,down,rule_based
11.0,11.0,96.0,6.0,5.0,1.0,0.0,1.0,1.0,1.0,4.0,-3.0,-1.0,b1516f6c-f4f1-4ac6-a4cc-e38c37131d79,18,115,left,rule_based
11.0,11.0,95.0,6.0,4.0,1.0,1.0,1.0,1.0,0.0,3.0,-2.0,-1.0,b1516f6c-f4f1-4ac6-a4cc-e38c37131d79,19,115,up,rule_based
11.0,11.0,94.0,6.0,4.0,2.0,1.0,0.0,1.0,0.0,4.0,-2.0,-2.0,b1516f6c-f4f1-4ac6-a4cc-e38c37131d79,20,115,left,rule_based
11.0,11.0,93.0,6.0,3.0,2.0,1.0,1.0,1.0,0.0,3.0,-1.0,-2.0,b1516f6c-f4f1-4ac6-a4cc-e38c37131d79,21,115,left,rule_based
11.0,11.0,92.0,6.0,2.0,2.0,1.0,1.0,1.0,0.0,2.0,0.0,-2.0,b1516f6c-f4f1-4ac6-a4cc-e38c37131d79,22,115,left,rule_based
11.0,11.0,91.0,6.0,1.0,2.0,1.0,1.0,1.0,0.0,3.0,1.0,-2.0,b1516f6c-f4f1-4ac6-a4cc-e38c37131d79,23,115,up,rule_based
11.0,11.0,90.0,6.0,1.0,3.0,1.0,0.0,1.0,1.0,4.0,1.0,-3.0,b1516f6c-f4f1-4ac6-a4cc-e38c37131d79,24,115,up,rule_based
11.0,11.0,89.0,6.0,1.0,4.0,1.0,0.0,1.0,1.0,5.0,1.0,-4.0,b1516f6c-f4f1-4ac6-a4cc-e38c37131d79,25,115,up,rule_based
11.0,11.0,88.0,6.0,1.0,5.0,1.0,0.0,1.0,1.0,5.0,2.0,3.0,b1516f6c-f4f1-4ac6-a4cc-e38c37131d79,26,115,up,rule_based
11.0,11.0,87.0,6.0,1.0,6.0,1.0,0.0,1.0,1.0,4.0,2.0,2.0,b1516f6c-f4f1-4ac6-a4cc-e38c37131d79,27,115,right,rule_based
11.0,11.0,86.0,6.0,2.0,6.0,1.0,1.0,0.0,1.0,3.0,1.0,2.0,b1516f6c-f4f1-4ac6-a4cc-e38c37131d79,28,115,up,rule_based
11.0,11.0,85.0,6.0,2.0,7.0,1.0,0.0,1.0,1.0,2.0,1.0,1.0,b1516f6c-f4f1-4ac6-a4cc-e38c37131d79,29,115,up,rule_based
11.0,11.0,84.0,6.0,2.0,8.0,1.0,0.0,1.0,1.0,1.0,1.0,0.0,b1516f6c-f4f1-4ac6-a4cc-e38c37131d79,30,115,right,rule_based
11.0,11.0,100.0,7.0,3.0,8.0,1.0,1.0,0.0,1.0,3.0,2.0,-1.0,b1516f6c-f4f1-4ac6-a4cc-e38c37131d79,31,115,right,rule_based
11.0,11.0,99.0,7.0,4.0,8.0,1.0,1.0,0.0,1.0,2.0,1.0,-1.0,b1516f6c-f4f1-4ac6-a4cc-e38c37131d79,32,115,down,rule_based
11.0,11.0,98.0,7.0,4.0,7.0,0.0,1.0,1.0,1.0,1.0,1.0,0.0,b1516f6c-f4f1-4ac6-a4cc-e38c37131d79,33,115,down,rule_based
11.0,11.0,97.0,7.0,4.0,6.0,0.0,1.0,1.0,1.0,2.0,1.0,1.0,b1516f6c-f4f1-4ac6-a4cc-e38c37131d79,34,115,right,rule_based
11.0,11.0,96.0,7.0,5.0,6.0,1.0,1.0,0.0,1.0,1.0,0.0,1.0,b1516f6c-f4f1-4ac6-a4cc-e38c37131d79,35,115,up,rule_based
11.0,11.0,100.0,8.0,5.0,7.0,1.0,0.0,0.0,1.0,2.0,2.0,0.0,b1516f6c-f4f1-4ac6-a4cc-e38c37131d79,36,115,right,rule_based
11.0,11.0,99.0,8.0,6.0,7.0,1.0,1.0,0.0,1.0,1.0,1.0,0.0,b1516f6c-f4f1-4ac6-a4cc-e38c37131d79,37,115,right,rule_based
11.0,11.0,100.0,9.0,7.0,7.0,1.0,1.0,0.0,1.0,1.0,0.0,1.0,b1516f6c-f4f1-4ac6-a4cc-e38c37131d79,38,115,up,rule_based
11.0,11.0,100.0,10.0,7.0,8.0,1.0,0.0,1.0,1.0,3.0,-2.0,1.0,b1516f6c-f4f1-4ac6-a4cc-e38c37131d79,39,115,right,rule_based
11.0,11.0,99.0,10.0,8.0,8.0,1.0,1.0,0.0,1.0,4.0,-3.0,1.0,b1516f6c-f4f1-4ac6-a4cc-e38c37131d79,40,115,right,rule_based
11.0,11.0,98.0,10.0,9.0,8.0,1.0,1.0,0.0,1.0,4.0,0.0,-4.0,b1516f6c-f4f1-4ac6-a4cc-e38c37131d79,41,115,down,rule_based
11.0,11.0,97.0,10.0,9.0,7.0,0.0,1.0,1.0,1.0,3.0,0.0,-3.0,b1516f6c-f4f1-4ac6-a4cc-e38c37131d79,42,115,right,rule_based
11.0,11.0,96.0,10.0,10.0,7.0,1.0,1.0,0.0,0.0,3.0,0.0,-3.0,b1516f6c-f4f1-4ac6-a4cc-e38c37131d79,43,115,up,rule_based
11.0,11.0,95.0,10.0,10.0,8.0,1.0,0.0,0.0,0.0,4.0,0.0,-4.0,b1516f6c-f4f1-4ac6-a4cc-e38c37131d79,44,115,up,rule_based
11.0,11.0,94.0,10.0,10.0,9.0,1.0,0.0,1.0,0.0,4.0,-3.0,1.0,b1516f6c-f4f1-4ac6-a4cc-e38c37131d79,45,115,left,rule_based
11.0,11.0,93.0,10.0,9.0,9.0,1.0,0.0,1.0,0.0,3.0,-2.0,1.0,b1516f6c-f4f1-4ac6-a4cc-e38c37131d79,46,115,left,rule_based
11.0,11.0,92.0,10.0,8.0,9.0,1.0,0.0,1.0,0.0,2.0,-1.0,1.0,b1516f6c-f4f1-4ac6-a4cc-e38c37131d79,47,115,up,rule_based
11.0,11.0,91.0,10.0,8.0,10.0,0.0,0.0,1.0,1.0,1.0,-1.0,0.0,b1516f6c-f4f1-4ac6-a4cc-e38c37131d79,48,115,right,rule_based
11.0,11.0,90.0,10.0,9.0,10.0,0.0,0.0,0.0,1.0,2.0,-2.0,0.0,b1516f6c-f4f1-4ac6-a4cc-e38c37131d79,49,115,right,rule_based
11.0,11.0,100.0,3.0,9.0,9.0,1.0,1.0,1.0,1.0,2.0,-1.0,1.0,5669a92c-b27e-402b-81a3-098384bddb38,0,116,left,rule_based
11.0,11.0,99.0,3.0,8.0,9.0,1.0,1.0,1.0,0.0,1.0,0.0,1.0,5669a92c-b27e-402b-81a3-098384bddb38,1,116,up,rule_based
11.0,11.0,100.0,4.0,8.0,10.0,0.0,0.0,1.0,1.0,8.0,-3.0,-5.0,5669a92c-b27e-402b-81a3-098384bddb38,2,116,left,rule_based
11.0,11.0,99.0,4.0,7.0,10.0,0.0,1.0,1.0,0.0,7.0,-2.0,-5.0,5669a92c-b27e-402b-81a3-098384bddb38,3,116,down,rule_based
11.0,11.0,98.0,4.0,7.0,9.0,0.0,1.0,1.0,0.0,6.0,-2.0,-4.0,5669a92c-b27e-402b-81a3-098384bddb38,4,116,left,rule_based
11.0,11.0,97.0,4.0,6.0,9.0,1.0,1.0,1.0,0.0,5.0,-1.0,-4.0,5669a92c-b27e-402b-81a3-098384bddb38,5,116,down,rule_based
11.0,11.0,96.0,4.0,6.0,8.0,0.0,1.0,1.0,1.0,4.0,-1.0,-3.0,5669a92c-b27e-402b-81a3-098384bddb38,6,116,down,rule_based
11.0,11.0,95.0,4.0,6.0,7.0,0.0,1.0,1.0,1.0,3.0,-1.0,-2.0,5669a92c-b27e-402b-81a3-098384bddb38,7,116,left,rule_based
11.0,11.0,94.0,4.0,5.0,7.0,1.0,1.0,1.0,0.0,2.0,0.0,-2.0,5669a92c-b27e-402b-81a3-098384bddb38,8,116,down,rule_based
11.0,11.0,93.0,4.0,5.0,6.0,0.0,1.0,1.0,1.0,1.0,0.0,-1.0,5669a92c-b27e-402b-81a3-098384bddb38,9,116,right,rule_based
11.0,11.0,92.0,4.0,6.0,6.0,0.0,1.0,0.0,1.0,2.0,-1.0,-1.0,5669a92c-b27e-402b-81a3-098384bddb38,10,116,right,rule_based
11.0,11.0,91.0,4.0,7.0,6.0,1.0,1.0,0.0,1.0,3.0,-2.0,-1.0,5669a92c-b27e-402b-81a3-098384bddb38,11,116,right,rule_based
11.0,11.0,90.0,4.0,8.0,6.0,1.0,1.0,0.0,1.0,4.0,-3.0,-1.0,5669a92c-b27e-402b-81a3-098384bddb38,12,116,up,rule_based
11.0,11.0,89.0,4.0,8.0,7.0,1.0,0.0,1.0,1.0,5.0,-3.0,-2.0,5669a92c-b27e-402b-81a3-098384bddb38,13,116,left,rule_based
11.0,11.0,88.0,4.0,7.0,7.0,1.0,0.0,1.0,0.0,4.0,-2.0,-2.0,5669a92c-b27e-402b-81a3-098384bddb38,14,116,up,rule_based
11.0,11.0,87.0,4.0,7.0,8.0,1.0,0.0,1.0,1.0,5.0,-2.0,-3.0,5669a92c-b27e-402b-81a3-098384bddb38,15,116,left,rule_based
11.0,11.0,86.0,4.0,6.0,8.0,1.0,1.0,1.0,0.0,4.0,-1.0,-3.0,5669a92c-b27e-402b-81a3-098384bddb38,16,116,left,rule_based
11.0,11.0,85.0,4.0,5.0,8.0,1.0,1.0,1.0,0.0,3.0,0.0,-3.0,5669a92c-b27e-402b-81a3-098384bddb38,17,116,down,rule_based
11.0,11.0,84.0,4.0,5.0,7.0,0.0,1.0,1.0,1.0,2.0,0.0,-2.0,5669a92c-b27e-402b-81a3-098384bddb38,18,116,left,rule_based
11.0,11.0,83.0,4.0,4.0,7.0,1.0,1.0,1.0,0.0,3.0,1.0,-2.0,5669a92c-b27e-402b-81a3-098384bddb38,19,116,up,rule_based
11.0,11.0,82.0,4.0,4.0,8.0,1.0,0.0,1.0,0.0,2.0,0.0,2.0,5669a92c-b27e-402b-81a3-098384bddb38,20,116,up,rule_based
11.0,11.0,81.0,4.0,4.0,9.0,1.0,0.0,1.0,1.0,1.0,0.0,1.0,5669a92c-b27e-402b-81a3-098384bddb38,21,116,left,rule_based
11.0,11.0,100.0,5.0,3.0,9.0,1.0,1.0,1.0,0.0,2.0,1.0,1.0,5669a92c-b27e-402b-81a3-098384bddb38,22,116,down,rule_based
11.0,11.0,99.0,5.0,3.0,8.0,0.0,1.0,1.0,0.0,3.0,1.0,2.0,5669a92c-b27e-402b-81a3-098384bddb38,23,116,down,rule_based
11.0,11.0,98.0,5.0,3.0,7.0,0.0,1.0,1.0,1.0,4.0,2.0,-2.0,5669a92c-b27e-402b-81a3-098384bddb38,24,116,right,rule_based
11.0,11.0,97.0,5.0,4.0,7.0,1.0,1.0,0.0,1.0,3.0,1.0,-2.0,5669a92c-b27e-402b-81a3-098384bddb38,25,116,right,rule_based
11.0,11.0,96.0,5.0,5.0,7.0,1.0,1.0,0.0,1.0,2.0,0.0,-2.0,5669a92c-b27e-402b-81a3-098384bddb38,26,116,down,rule_based
11.0,11.0,95.0,5.0,5.0,6.0,0.0,1.0,1.0,1.0,1.0,0.0,-1.0,5669a92c-b27e-402b-81a3-098384bddb38,27,116,down,rule_based
11.0,11.0,100.0,6.0,5.0,5.0,0.0,1.0,1.0,1.0,4.0,0.0,-4.0,5669a92c-b27e-402b-81a3-098384bddb38,28,116,left,rule_based
11.0,11.0,99.0,6.0,4.0,5.0,1.0,1.0,1.0,0.0,4.0,-4.0,0.0,5669a92c-b27e-402b-81a3-098384bddb38,29,116,left,rule_based
11.0,11.0,98.0,6.0,3.0,5.0,1.0,1.0,1.0,0.0,3.0,-3.0,0.0,5669a92c-b27e-402b-81a3-098384bddb38,30,116,up,rule_based
11.0,11.0,97.0,6.0,3.0,6.0,1.0,0.0,1.0,1.0,3.0,-3.0,0.0,5669a92c-b27e-402b-81a3-098384bddb38,31,116,right,rule_based
11.0,11.0,96.0,6.0,4.0,6.0,1.0,0.0,0.0,0.0,4.0,0.0,4.0,5669a92c-b27e-402b-81a3-098384bddb38,32,116,up,rule_based
11.0,11.0,95.0,6.0,4.0,7.0,1.0,0.0,1.0,1.0,3.0,0.0,3.0,5669a92c-b27e-402b-81a3-098384bddb38,33,116,right,rule_based
11.0,11.0,94.0,6.0,5.0,7.0,1.0,1.0,0.0,1.0,4.0,-1.0,3.0,5669a92c-b27e-402b-81a3-098384bddb38,34,116,up,rule_based
11.0,11.0,93.0,6.0,5.0,8.0,1.0,0.0,1.0,1.0,3.0,-1.0,2.0,5669a92c-b27e-402b-81a3-098384bddb38,35,116,right,rule_based
11.0,11.0,92.0,6.0,6.0,8.0,1.0,1.0,0.0,1.0,4.0,-2.0,2.0,5669a92c-b27e-402b-81a3-098384bddb38,36,116,down,rule_based
11.0,11.0,91.0,6.0,6.0,7.0,0.0,1.0,0.0,1.0,4.0,4.0,0.0,5669a92c-b27e-402b-81a3-098384bddb38,37,116,right,rule_based
11.0,11.0,90.0,6.0,7.0,7.0,1.0,1.0,0.0,1.0,3.0,3.0,0.0,5669a92c-b27e-402b-81a3-098384bddb38,38,116,right,rule_based
11.0,11.0,89.0,6.0,8.0,7.0,1.0,1.0,0.0,1.0,2.0,2.0,0.0,5669a92c-b27e-402b-81a3-098384bddb38,39,116,down,rule_based
11.0,11.0,88.0,6.0,8.0,6.0,0.0,1.0,1.0,1.0,3.0,1.0,-2.0,5669a92c-b27e-402b-81a3-098384bddb38,40,116,left,rule_based
11.0,11.0,87.0,6.0,7.0,6.0,0.0,1.0,1.0,0.0,4.0,2.0,-2.0,5669a92c-b27e-402b-81a3-098384bddb38,41,116,down,rule_based
11.0,11.0,86.0,6.0,7.0,5.0,0.0,1.0,1.0,1.0,2.0,1.0,-1.0,5669a92c-b27e-402b-81a3-098384bddb38,42,116,left,rule_based
11.0,11.0,85.0,6.0,6.0,5.0,1.0,1.0,1.0,0.0,3.0,2.0,-1.0,5669a92c-b27e-402b-81a3-098384bddb38,43,116,left,rule_based
11.0,11.0,84.0,6.0,5.0,5.0,1.0,1.0,1.0,0.0,4.0,0.0,-4.0,5669a92c-b27e-402b-81a3-098384bddb38,44,116,up,rule_based
11.0,11.0,83.0,6.0,5.0,6.0,1.0,0.0,1.0,1.0,5.0,-1.0,4.0,5669a92c-b27e-402b-81a3-098384bddb38,45,116,left,rule_based
11.0,11.0,82.0,6.0,4.0,6.0,1.0,1.0,1.0,0.0,4.0,0.0,4.0,5669a92c-b27e-402b-81a3-098384bddb38,46,116,left,rule_based
11.0,11.0,81.0,6.0,3.0,6.0,1.0,1.0,1.0,0.0,3.0,-3.0,0.0,5669a92c-b27e-402b-81a3-098384bddb38,47,116,left,rule_based
11.0,11.0,80.0,6.0,2.0,6.0,1.0,1.0,1.0,0.0,2.0,-2.0,0.0,5669a92c-b27e-402b-81a3-098384bddb38,48,116,left,rule_based
11.0,11.0,79.0,6.0,1.0,6.0,1.0,1.0,1.0,0.0,1.0,-1.0,0.0,5669a92c-b27e-402b-81a3-098384bddb38,49,116,up,rule_based
11.0,11.0,78.0,6.0,1.0,7.0,1.0,0.0,1.0,1.0,2.0,-1.0,-1.0,5669a92c-b27e-402b-81a3-098384bddb38,50,116,left,rule_based
11.0,11.0,77.0,6.0,0.0,7.0,1.0,1.0,0.0,0.0,1.0,0.0,-1.0,5669a92c-b27e-402b-81a3-098384bddb38,51,116,up,rule_based
11.0,11.0,76.0,6.0,0.0,8.0,1.0,0.0,0.0,1.0,2.0,0.0,-2.0,5669a92c-b27e-402b-81a3-098384bddb38,52,116,up,rule_based
11.0,11.0,75.0,6.0,0.0,9.0,1.0,0.0,0.0,1.0,3.0,0.0,-3.0,5669a92c-b27e-402b-81a3-098384bddb38,53,116,right,rule_based
11.0,11.0,74.0,6.0,1.0,9.0,1.0,1.0,0.0,1.0,4.0,3.0,1.0,5669a92c-b27e-402b-81a3-098384bddb38,54,116,down,rule_based
11.0,11.0,73.0,6.0,1.0,8.0,0.0,0.0,0.0,1.0,3.0,-1.0,-2.0,5669a92c-b27e-402b-81a3-098384bddb38,55,116,right,rule_based
11.0,11.0,72.0,6.0,2.0,8.0,1.0,1.0,0.0,1.0,4.0,2.0,2.0,5669a92c-b27e-402b-81a3-098384bddb38,56,116,up,rule_based
11.0,11.0,71.0,6.0,2.0,9.0,1.0,0.0,0.0,1.0,3.0,2.0,1.0,5669a92c-b27e-402b-81a3-098384bddb38,57,116,right,rule_based
11.0,11.0,70.0,6.0,3.0,9.0,1.0,1.0,0.0,1.0,2.0,1.0,1.0,5669a92c-b27e-402b-81a3-098384bddb38,58,116,down,rule_based
11.0,11.0,69.0,6.0,3.0,8.0,0.0,1.0,0.0,1.0,3.0,1.0,2.0,5669a92c-b27e-402b-81a3-098384bddb38,59,116,right,rule_based
11.0,11.0,68.0,6.0,4.0,8.0,1.0,1.0,0.0,1.0,2.0,0.0,2.0,5669a92c-b27e-402b-81a3-098384bddb38,60,116,up,rule_based
11.0,11.0,67.0,6.0,4.0,9.0,1.0,0.0,0.0,1.0,1.0,0.0,1.0,5669a92c-b27e-402b-81a3-098384bddb38,61,116,right,rule_based
11.0,11.0,66.0,6.0,5.0,9.0,1.0,1.0,0.0,1.0,2.0,-1.0,1.0,5669a92c-b27e-402b-81a3-098384bddb38,62,116,right,rule_based
11.0,11.0,65.0,6.0,6.0,9.0,1.0,1.0,0.0,1.0,2.0,1.0,1.0,5669a92c-b27e-402b-81a3-098384bddb38,63,116,up,rule_based
11.0,11.0,64.0,6.0,6.0,10.0,0.0,0.0,1.0,1.0,1.0,1.0,0.0,5669a92c-b27e-402b-81a3-098384bddb38,64,116,right,rule_based
11.0,11.0,100.0,7.0,7.0,10.0,0.0,1.0,0.0,1.0,3.0,-3.0,0.0,5669a92c-b27e-402b-81a3-098384bddb38,65,116,right,rule_based
11.0,11.0,99.0,7.0,8.0,10.0,0.0,1.0,0.0,1.0,4.0,-4.0,0.0,5669a92c-b27e-402b-81a3-098384bddb38,66,116,down,rule_based
11.0,11.0,98.0,7.0,8.0,9.0,0.0,1.0,1.0,1.0,4.0,2.0,-2.0,5669a92c-b27e-402b-81a3-098384bddb38,67,116,down,rule_based
11.0,11.0,97.0,7.0,8.0,8.0,0.0,1.0,1.0,1.0,3.0,2.0,-1.0,5669a92c-b27e-402b-81a3-098384bddb38,68,116,left,rule_based
11.0,11.0,96.0,7.0,7.0,8.0,1.0,1.0,1.0,0.0,4.0,3.0,-1.0,5669a92c-b27e-402b-81a3-098384bddb38,69,116,up,rule_based
11.0,11.0,95.0,7.0,7.0,9.0,0.0,0.0,1.0,0.0,4.0,-3.0,1.0,5669a92c-b27e-402b-81a3-098384bddb38,70,116,left,rule_based
11.0,11.0,94.0,7.0,6.0,9.0,1.0,1.0,1.0,0.0,3.0,-2.0,1.0,5669a92c-b27e-402b-81a3-098384bddb38,71,116,down,rule_based
11.0,11.0,93.0,7.0,6.0,8.0,0.0,1.0,1.0,0.0,4.0,-2.0,2.0,5669a92c-b27e-402b-81a3-098384bddb38,72,116,left,rule_based
11.0,11.0,92.0,7.0,5.0,8.0,1.0,1.0,1.0,0.0,3.0,-1.0,2.0,5669a92c-b27e-402b-81a3-098384bddb38,73,116,up,rule_based
11.0,11.0,91.0,7.0,5.0,9.0,1.0,0.0,1.0,0.0,2.0,-1.0,1.0,5669a92c-b27e-402b-81a3-098384bddb38,74,116,left,rule_based
11.0,11.0,90.0,7.0,4.0,9.0,1.0,1.0,1.0,0.0,1.0,0.0,1.0,5669a92c-b27e-402b-81a3-098384bddb38,75,116,up,rule_based
11.0,11.0,100.0,8.0,4.0,10.0,0.0,0.0,1.0,1.0,6.0,-1.0,-5.0,5669a92c-b27e-402b-81a3-098384bddb38,76,116,left,rule_based
11.0,11.0,99.0,8.0,3.0,10.0,0.0,1.0,1.0,0.0,5.0,0.0,-5.0,5669a92c-b27e-402b-81a3-098384bddb38,77,116,left,rule_based
11.0,11.0,98.0,8.0,2.0,10.0,0.0,1.0,1.0,0.0,6.0,-2.0,-4.0,5669a92c-b27e-402b-81a3-098384bddb38,78,116,left,rule_based
11.0,11.0,97.0,8.0,1.0,10.0,0.0,1.0,1.0,0.0,5.0,-1.0,-4.0,5669a92c-b27e-402b-81a3-098384bddb38,79,116,down,rule_based
11.0,11.0,96.0,8.0,1.0,9.0,0.0,1.0,1.0,1.0,4.0,-1.0,-3.0,5669a92c-b27e-402b-81a3-098384bddb38,80,116,right,rule_based
11.0,11.0,95.0,8.0,2.0,9.0,0.0,1.0,0.0,1.0,5.0,-2.0,-3.0,5669a92c-b27e-402b-81a3-098384bddb38,81,116,down,rule_based
11.0,11.0,94.0,8.0,2.0,8.0,0.0,1.0,1.0,1.0,4.0,-2.0,-2.0,5669a92c-b27e-402b-81a3-098384bddb38,82,116,left,rule_based
11.0,11.0,93.0,8.0,1.0,8.0,0.0,1.0,1.0,0.0,3.0,-1.0,-2.0,5669a92c-b27e-402b-81a3-098384bddb38,83,116,down,rule_based
11.0,11.0,92.0,8.0,1.0,7.0,0.0,1.0,1.0,1.0,2.0,-1.0,-1.0,5669a92c-b27e-402b-81a3-098384bddb38,84,116,right,rule_based
11.0,11.0,91.0,8.0,2.0,7.0,0.0,1.0,0.0,1.0,3.0,-2.0,-1.0,5669a92c-b27e-402b-81a3-098384bddb38,85,116,right,rule_based
11.0,11.0,90.0,8.0,3.0,7.0,1.0,1.0,0.0,1.0,2.0,0.0,-2.0,5669a92c-b27e-402b-81a3-098384bddb38,86,116,down,rule_based
11.0,11.0,89.0,8.0,3.0,6.0,0.0,1.0,1.0,1.0,1.0,0.0,-1.0,5669a92c-b27e-402b-81a3-098384bddb38,87,116,right,rule_based
11.0,11.0,88.0,8.0,4.0,6.0,1.0,1.0,0.0,1.0,2.0,-1.0,-1.0,5669a92c-b27e-402b-81a3-098384bddb38,88,116,right,rule_based
11.0,11.0,87.0,8.0,5.0,6.0,1.0,1.0,0.0,1.0,3.0,-2.0,-1.0,5669a92c-b27e-402b-81a3-098384bddb38,89,116,down,rule_based
11.0,11.0,86.0,8.0,5.0,5.0,0.0,1.0,1.0,1.0,2.0,-2.0,0.0,5669a92c-b27e-402b-81a3-098384bddb38,90,116,right,rule_based
11.0,11.0,85.0,8.0,6.0,5.0,1.0,1.0,0.0,1.0,3.0,2.0,-1.0,5669a92c-b27e-402b-81a3-098384bddb38,91,116,down,rule_based
11.0,11.0,84.0,8.0,6.0,4.0,0.0,1.0,1.0,1.0,2.0,2.0,0.0,5669a92c-b27e-402b-81a3-098384bddb38,92,116,right,rule_based
11.0,11.0,83.0,8.0,7.0,4.0,1.0,1.0,0.0,1.0,1.0,1.0,0.0,5669a92c-b27e-402b-81a3-098384bddb38,93,116,down,rule_based
11.0,11.0,82.0,8.0,7.0,3.0,0.0,1.0,1.0,1.0,2.0,1.0,1.0,5669a92c-b27e-402b-81a3-098384bddb38,94,116,left,rule_based
11.0,11.0,81.0,8.0,6.0,3.0,0.0,1.0,1.0,0.0,3.0,-1.0,-2.0,5669a92c-b27e-402b-81a3-098384bddb38,95,116,left,rule_based
11.0,11.0,80.0,8.0,5.0,3.0,1.0,1.0,1.0,0.0,2.0,0.0,-2.0,5669a92c-b27e-402b-81a3-098384bddb38,96,116,left,rule_based
11.0,11.0,79.0,8.0,4.0,3.0,1.0,1.0,1.0,0.0,1.0,0.0,1.0,5669a92c-b27e-402b-81a3-098384bddb38,97,116,up,rule_based
11.0,11.0,100.0,9.0,4.0,4.0,1.0,0.0,1.0,1.0,2.0,-1.0,1.0,5669a92c-b27e-402b-81a3-098384bddb38,98,116,right,rule_based
11.0,11.0,99.0,9.0,5.0,4.0,1.0,0.0,0.0,0.0,3.0,0.0,-3.0,5669a92c-b27e-402b-81a3-098384bddb38,99,116,up,rule_based
11.0,11.0,98.0,9.0,5.0,5.0,1.0,0.0,1.0,1.0,2.0,-2.0,0.0,5669a92c-b27e-402b-81a3-098384bddb38,100,116,up,rule_based
11.0,11.0,97.0,9.0,5.0,6.0,1.0,0.0,1.0,1.0,3.0,-2.0,-1.0,5669a92c-b27e-402b-81a3-098384bddb38,101,116,right,rule_based
11.0,11.0,96.0,9.0,6.0,6.0,1.0,1.0,0.0,1.0,4.0,2.0,-2.0,5669a92c-b27e-402b-81a3-098384bddb38,102,116,down,rule_based
11.0,11.0,95.0,9.0,6.0,5.0,0.0,1.0,0.0,1.0,3.0,2.0,-1.0,5669a92c-b27e-402b-81a3-098384bddb38,103,116,right,rule_based
11.0,11.0,94.0,9.0,7.0,5.0,1.0,1.0,0.0,1.0,2.0,1.0,-1.0,5669a92c-b27e-402b-81a3-098384bddb38,104,116,right,rule_based
11.0,11.0,93.0,9.0,8.0,5.0,1.0,1.0,0.0,1.0,1.0,0.0,-1.0,5669a92c-b27e-402b-81a3-098384bddb38,105,116,down,rule_based
11.0,11.0,100.0,10.0,8.0,4.0,0.0,1.0,1.0,1.0,1.0,1.0,0.0,5669a92c-b27e-402b-81a3-098384bddb38,106,116,down,rule_based
11.0,11.0,99.0,10.0,8.0,3.0,0.0,1.0,1.0,1.0,2.0,1.0,1.0,5669a92c-b27e-402b-81a3-098384bddb38,107,116,left,rule_based
11.0,11.0,98.0,10.0,7.0,3.0,1.0,1.0,1.0,0.0,3.0,2.0,1.0,5669a92c-b27e-402b-81a3-098384bddb38,108,116,down,rule_based
11.0,11.0,97.0,10.0,7.0,2.0,0.0,1.0,1.0,1.0,3.0,3.0,0.0,5669a92c-b27e-402b-81a3-098384bddb38,109,116,left,rule_based
11.0,11.0,96.0,10.0,6.0,2.0,1.0,1.0,1.0,0.0,2.0,-1.0,-1.0,5669a92c-b27e-402b-81a3-098384bddb38,110,116,down,rule_based
11.0,11.0,95.0,10.0,6.0,1.0,0.0,1.0,1.0,1.0,1.0,-1.0,0.0,5669a92c-b27e-402b-81a3-098384bddb38,111,116,right,rule_based
11.0,11.0,94.0,10.0,7.0,1.0,0.0,1.0,0.0,1.0,2.0,-2.0,0.0,5669a92c-b27e-402b-81a3-098384bddb38,112,116,right,rule_based
11.0,11.0,93.0,10.0,8.0,1.0,1.0,1.0,0.0,1.0,2.0,2.0,0.0,5669a92c-b27e-402b-81a3-098384bddb38,113,116,up,rule_based
11.0,11.0,92.0,10.0,8.0,2.0,0.0,0.0,0.0,1.0,2.0,2.0,0.0,5669a92c-b27e-402b-81a3-098384bddb38,114,116,right,rule_based
11.0,11.0,91.0,10.0,9.0,2.0,1.0,1.0,0.0,1.0,1.0,1.0,0.0,5669a92c-b27e-402b-81a3-098384bddb38,115,116,down,rule_based
11.0,11.0,90.0,10.0,9.0,1.0,0.0,1.0,0.0,1.0,1.0,1.0,0.0,5669a92c-b27e-402b-81a3-098384bddb38,116,116,right,rule_based
11.0,11.0,100.0,11.0,10.0,1.0,1.0,1.0,0.0,0.0,1.0,0.0,1.0,5669a92c-b27e-402b-81a3-098384bddb38,117,116,down,rule_based
11.0,11.0,99.0,11.0,10.0,0.0,0.0,0.0,1.0,0.0,2.0,0.0,2.0,5669a92c-b27e-402b-81a3-098384bddb38,118,116,left,rule_based
11.0,11.0,98.0,11.0,9.0,0.0,0.0,0.0,1.0,0.0,3.0,1.0,2.0,5669a92c-b27e-402b-81a3-098384bddb38,119,116,left,rule_based
11.0,11.0,97.0,11.0,8.0,0.0,0.0,0.0,1.0,0.0,4.0,2.0,2.0,5669a92c-b27e-402b-81a3-098384bddb38,120,116,left,rule_based
11.0,11.0,96.0,11.0,7.0,0.0,0.0,0.0,1.0,0.0,3.0,-2.0,1.0,5669a92c-b27e-402b-81a3-098384bddb38,121,116,left,rule_based
11.0,11.0,95.0,11.0,6.0,0.0,1.0,0.0,1.0,0.0,2.0,-1.0,1.0,5669a92c-b27e-402b-81a3-098384bddb38,122,116,up,rule_based
11.0,11.0,94.0,11.0,6.0,1.0,1.0,0.0,1.0,1.0,1.0,-1.0,0.0,5669a92c-b27e-402b-81a3-098384bddb38,123,116,left,rule_based
11.0,11.0,100.0,12.0,5.0,1.0,1.0,1.0,1.0,0.0,3.0,-2.0,-1.0,5669a92c-b27e-402b-81a3-098384bddb38,124,116,up,rule_based
11.0,11.0,99.0,12.0,5.0,2.0,1.0,0.0,1.0,1.0,4.0,-4.0,0.0,5669a92c-b27e-402b-81a3-098384bddb38,125,116,right,rule_based
11.0,11.0,98.0,12.0,6.0,2.0,1.0,0.0,0.0,1.0,4.0,4.0,0.0,5669a92c-b27e-402b-81a3-098384bddb38,126,116,up,rule_based
11.0,11.0,97.0,12.0,6.0,3.0,1.0,0.0,1.0,1.0,4.0,3.0,1.0,5669a92c-b27e-402b-81a3-098384bddb38,127,116,left,rule_based
11.0,11.0,96.0,12.0,5.0,3.0,1.0,0.0,1.0,0.0,4.0,-2.0,2.0,5669a92c-b27e-402b-81a3-098384bddb38,128,116,left,rule_based
11.0,11.0,95.0,12.0,4.0,3.0,1.0,1.0,1.0,0.0,3.0,-1.0,2.0,5669a92c-b27e-402b-81a3-098384bddb38,129,116,up,rule_based
11.0,11.0,94.0,12.0,4.0,4.0,1.0,0.0,1.0,1.0,2.0,-1.0,1.0,5669a92c-b27e-402b-81a3-098384bddb38,130,116,right,rule_based
11.0,11.0,93.0,12.0,5.0,4.0,1.0,0.0,0.0,1.0,3.0,-2.0,1.0,5669a92c-b27e-402b-81a3-098384bddb38,131,116,right,rule_based
11.0,11.0,92.0,12.0,6.0,4.0,1.0,0.0,0.0,1.0,3.0,3.0,0.0,5669a92c-b27e-402b-81a3-098384bddb38,132,116,right,rule_based
11.0,11.0,91.0,12.0,7.0,4.0,1.0,1.0,0.0,1.0,2.0,2.0,0.0,5669a92c-b27e-402b-81a3-098384bddb38,133,116,down,rule_based
11.0,11.0,90.0,12.0,7.0,3.0,0.0,1.0,0.0,1.0,3.0,2.0,1.0,5669a92c-b27e-402b-81a3-098384bddb38,134,116,right,rule_based
11.0,11.0,89.0,12.0,8.0,3.0,1.0,1.0,0.0,1.0,2.0,1.0,1.0,5669a92c-b27e-402b-81a3-098384bddb38,135,116,right,rule_based
11.0,11.0,88.0,12.0,9.0,3.0,1.0,1.0,0.0,1.0,1.0,0.0,1.0,5669a92c-b27e-402b-81a3-098384bddb38,136,116,right,rule_based
11.0,11.0,87.0,12.0,10.0,3.0,1.0,1.0,0.0,0.0,1.0,0.0,-1.0,5669a92c-b27e-402b-81a3-098384bddb38,137,116,up,rule_based
11.0,11.0,100.0,13.0,10.0,4.0,1.0,0.0,1.0,0.0,1.0,-1.0,0.0,5669a92c-b27e-402b-81a3-098384bddb38,138,116,up,rule_based
11.0,11.0,99.0,13.0,10.0,5.0,1.0,0.0,1.0,0.0,2.0,-1.0,-1.0,5669a92c-b27e-402b-81a3-098384bddb38,139,116,up,rule_based
11.0,11.0,98.0,13.0,10.0,6.0,1.0,0.0,1.0,0.0,1.0,0.0,1.0,5669a92c-b27e-402b-81a3-098384bddb38,140,116,left,rule_based
11.0,11.0,97.0,13.0,9.0,6.0,1.0,1.0,1.0,0.0,2.0,0.0,-2.0,5669a92c-b27e-402b-81a3-098384bddb38,141,116,down,rule_based
11.0,11.0,96.0,13.0,9.0,5.0,0.0,1.0,1.0,0.0,1.0,0.0,-1.0,5669a92c-b27e-402b-81a3-098384bddb38,142,116,left,rule_based
11.0,11.0,95.0,13.0,8.0,5.0,1.0,1.0,1.0,0.0,2.0,1.0,-1.0,5669a92c-b27e-402b-81a3-098384bddb38,143,116,down,rule_based
11.0,11.0,94.0,13.0,8.0,4.0,0.0,0.0,0.0,1.0,1.0,1.0,0.0,5669a92c-b27e-402b-81a3-098384bddb38,144,116,right,rule_based
11.0,11.0,100.0,3.0,1.0,1.0,1.0,1.0,1.0,1.0,2.0,1.0,-1.0,7aaf01b0-ac0a-487a-92ca-4f0a8bbc38d6,0,117,down,rule_based
11.0,11.0,99.0,3.0,1.0,0.0,0.0,0.0,1.0,1.0,1.0,1.0,0.0,7aaf01b0-ac0a-487a-92ca-4f0a8bbc38d6,1,117,left,rule_based
11.0,11.0,98.0,3.0,0.0,0.0,1.0,0.0,0.0,0.0,2.0,2.0,0.0,7aaf01b0-ac0a-487a-92ca-4f0a8bbc38d6,2,117,up,rule_based
11.0,11.0,97.0,3.0,0.0,1.0,1.0,0.0,0.0,1.0,3.0,2.0,-1.0,7aaf01b0-ac0a-487a-92ca-4f0a8bbc38d6,3,117,up,rule_based
11.0,11.0,96.0,3.0,0.0,2.0,1.0,0.0,0.0,1.0,4.0,2.0,-2.0,7aaf01b0-ac0a-487a-92ca-4f0a8bbc38d6,4,117,right,rule_based
11.0,11.0,95.0,3.0,1.0,2.0,1.0,1.0,0.0,1.0,3.0,1.0,-2.0,7aaf01b0-ac0a-487a-92ca-4f0a8bbc38d6,5,117,up,rule_based
11.0,11.0,94.0,3.0,1.0,3.0,1.0,0.0,1.0,1.0,4.0,1.0,-3.0,7aaf01b0-ac0a-487a-92ca-4f0a8bbc38d6,6,117,right,rule_based
11.0,11.0,93.0,3.0,2.0,3.0,1.0,1.0,0.0,1.0,3.0,0.0,-3.0,7aaf01b0-ac0a-487a-92ca-4f0a8bbc38d6,7,117,down,rule_based
11.0,11.0,92.0,3.0,2.0,2.0,0.0,1.0,1.0,1.0,2.0,0.0,-2.0,7aaf01b0-ac0a-487a-92ca-4f0a8bbc38d6,8,117,right,rule_based
11.0,11.0,91.0,3.0,3.0,2.0,1.0,1.0,0.0,1.0,3.0,-1.0,-2.0,7aaf01b0-ac0a-487a-92ca-4f0a8bbc38d6,9,117,up,rule_based
11.0,11.0,90.0,3.0,3.0,3.0,1.0,0.0,1.0,1.0,4.0,-1.0,-3.0,7aaf01b0-ac0a-487a-92ca-4f0a8bbc38d6,10,117,right,rule_based
11.0,11.0,89.0,3.0,4.0,3.0,1.0,1.0,0.0,1.0,3.0,1.0,2.0,7aaf01b0-ac0a-487a-92ca-4f0a8bbc38d6,11,117,right,rule_based
11.0,11.0,88.0,3.0,5.0,3.0,1.0,1.0,0.0,1.0,2.0,0.0,2.0,7aaf01b0-ac0a-487a-92ca-4f0a8bbc38d6,12,117,right,rule_based
11.0,11.0,87.0,3.0,6.0,3.0,1.0,1.0,0.0,1.0,2.0,1.0,1.0,7aaf01b0-ac0a-487a-92ca-4f0a8bbc38d6,13,117,down,rule_based
11.0,11.0,86.0,3.0,6.0,2.0,0.0,1.0,1.0,1.0,3.0,1.0,2.0,7aaf01b0-ac0a-487a-92ca-4f0a8bbc38d6,14,117,left,rule_based
11.0,11.0,85.0,3.0,5.0,2.0,1.0,1.0,1.0,0.0,2.0,0.0,-2.0,7aaf01b0-ac0a-487a-92ca-4f0a8bbc38d6,15,117,down,rule_based
11.0,11.0,84.0,3.0,5.0,1.0,0.0,1.0,1.0,1.0,1.0,0.0,-1.0,7aaf01b0-ac0a-487a-92ca-4f0a8bbc38d6,16,117,right,rule_based
11.0,11.0,83.0,3.0,6.0,1.0,1.0,1.0,0.0,1.0,2.0,-1.0,-1.0,7aaf01b0-ac0a-487a-92ca-4f0a8bbc38d6,17,117,up,rule_based
11.0,11.0,82.0,3.0,6.0,2.0,1.0,0.0,1.0,1.0,3.0,1.0,2.0,7aaf01b0-ac0a-487a-92ca-4f0a8bbc38d6,18,117,up,rule_based
11.0,11.0,81.0,3.0,6.0,3.0,1.0,0.0,1.0,1.0,2.0,1.0,1.0,7aaf01b0-ac0a-487a-92ca-4f0a8bbc38d6,19,117,left,rule_based
11.0,11.0,80.0,3.0,5.0,3.0,1.0,1.0,1.0,0.0,2.0,0.0,2.0,7aaf01b0-ac0a-487a-92ca-4f0a8bbc38d6,20,117,down,rule_based
11.0,11.0,79.0,3.0,5.0,2.0,0.0,1.0,1.0,1.0,2.0,0.0,-2.0,7aaf01b0-ac0a-487a-92ca-4f0a8bbc38d6,21,117,down,rule_based
11.0,11.0,78.0,3.0,5.0,1.0,0.0,1.0,1.0,1.0,1.0,0.0,-1.0,7aaf01b0-ac0a-487a-92ca-4f0a8bbc38d6,22,117,down,rule_based
11.0,11.0,100.0,4.0,5.0,0.0,0.0,0.0,1.0,1.0,1.0,-1.0,0.0,7aaf01b0-ac0a-487a-92ca-4f0a8bbc38d6,23,117,right,rule_based
11.0,11.0,99.0,4.0,6.0,0.0,1.0,0.0,0.0,1.0,2.0,-2.0,0.0,7aaf01b0-ac0a-487a-92ca-4f0a8bbc38d6,24,117,right,rule_based
11.0,11.0,98.0,4.0,7.0,0.0,1.0,0.0,0.0,1.0,3.0,-3.0,0.0,7aaf01b0-ac0a-487a-92ca-4f0a8bbc38d6,25,117,right,rule_based
11.0,11.0,97.0,4.0,8.0,0.0,1.0,0.0,0.0,1.0,4.0,-4.0,0.0,7aaf01b0-ac0a-487a-92ca-4f0a8bbc38d6,26,117,right,rule_based
11.0,11.0,96.0,4.0,9.0,0.0,1.0,0.0,0.0,1.0,5.0,0.0,5.0,7aaf01b0-ac0a-487a-92ca-4f0a8bbc38d6,27,117,up,rule_based
11.0,11.0,95.0,4.0,9.0,1.0,1.0,0.0,1.0,1.0,4.0,0.0,4.0,7aaf01b0-ac0a-487a-92ca-4f0a8bbc38d6,28,117,up,rule_based
11.0,11.0,94.0,4.0,9.0,2.0,1.0,0.0,1.0,1.0,3.0,0.0,3.0,7aaf01b0-ac0a-487a-92ca-4f0a8bbc38d6,29,117,right,rule_based
11.0,11.0,93.0,4.0,10.0,2.0,1.0,1.0,0.0,0.0,4.0,-1.0,3.0,7aaf01b0-ac0a-487a-92ca-4f0a8bbc38d6,30,117,down,rule_based
11.0,11.0,92.0,4.0,10.0,1.0,0.0,1.0,0.0,0.0,5.0,-1.0,4.0,7aaf01b0-ac0a-487a-92ca-4f0a8bbc38d6,31,117,down,rule_based
11.0,11.0,91.0,4.0,10.0,0.0,0.0,0.0,1.0,0.0,6.0,-1.0,5.0,7aaf01b0-ac0a-487a-92ca-4f0a8bbc38d6,32,117,left,rule_based
11.0,11.0,90.0,4.0,9.0,0.0,1.0,0.0,1.0,0.0,5.0,0.0,5.0,7aaf01b0-ac0a-487a-92ca-4f0a8bbc38d6,33,117,left,rule_based
11.0,11.0,89.0,4.0,8.0,0.0,1.0,0.0,1.0,0.0,4.0,-4.0,0.0,7aaf01b0-ac0a-487a-92ca-4f0a8bbc38d6,34,117,left,rule_based
11.0,11.0,88.0,4.0,7.0,0.0,1.0,0.0,1.0,0.0,3.0,-3.0,0.0,7aaf01b0-ac0a-487a-92ca-4f0a8bbc38d6,35,117,left,rule_based
11.0,11.0,87.0,4.0,6.0,0.0,1.0,0.0,1.0,0.0,2.0,-2.0,0.0,7aaf01b0-ac0a-487a-92ca-4f0a8bbc38d6,36,117,up,rule_based
11.0,11.0,86.0,4.0,6.0,1.0,1.0,0.0,1.0,1.0,3.0,-2.0,-1.0,7aaf01b0-ac0a-487a-92ca-4f0a8bbc38d6,37,117,up,rule_based
11.0,11.0,85.0,4.0,6.0,2.0,1.0,0.0,1.0,1.0,3.0,1.0,2.0,7aaf01b0-ac0a-487a-92ca-4f0a8bbc38d6,38,117,left,rule_based
11.0,11.0,84.0,4.0,5.0,2.0,1.0,1.0,1.0,0.0,2.0,0.0,2.0,7aaf01b0-ac0a-487a-92ca-4f0a8bbc38d6,39,117,up,rule_based
11.0,11.0,83.0,4.0,5.0,3.0,1.0,0.0,1.0,1.0,1.0,0.0,1.0,7aaf01b0-ac0a-487a-92ca-4f0a8bbc38d6,40,117,right,rule_based
11.0,11.0,82.0,4.0,6.0,3.0,1.0,0.0,0.0,1.0,2.0,1.0,1.0,7aaf01b0-ac0a-487a-92ca-4f0a8bbc38d6,41,117,up,rule_based
11.0,11.0,81.0,4.0,6.0,4.0,1.0,0.0,1.0,1.0,1.0,1.0,0.0,7aaf01b0-ac0a-487a-92ca-4f0a8bbc38d6,42,117,right,rule_based
11.0,11.0,100.0,5.0,7.0,4.0,1.0,1.0,0.0,1.0,2.0,-2.0,0.0,7aaf01b0-ac0a-487a-92ca-4f0a8bbc38d6,43,117,right,rule_based
11.0,11.0,99.0,5.0,8.0,4.0,1.0,1.0,0.0,1.0,2.0,1.0,1.0,7aaf01b0-ac0a-487a-92ca-4f0a8bbc38d6,44,117,up,rule_based
11.0,11.0,98.0,5.0,8.0,5.0,1.0,0.0,1.0,1.0,1.0,1.0,0.0,7aaf01b0-ac0a-487a-92ca-4f0a8bbc38d6,45,117,up,rule_based
11.0,11.0,97.0,5.0,8.0,6.0,1.0,0.0,1.0,1.0,2.0,1.0,-1.0,7aaf01b0-ac0a-487a-92ca-4f0a8bbc38d6,46,117,up,rule_based
11.0,11.0,96.0,5.0,8.0,7.0,1.0,0.0,1.0,1.0,3.0,-3.0,0.0,7aaf01b0-ac0a-487a-92ca-4f0a8bbc38d6,47,117,left,rule_based
11.0,11.0,95.0,5.0,7.0,7.0,1.0,1.0,1.0,0.0,2.0,-2.0,0.0,7aaf01b0-ac0a-487a-92ca-4f0a8bbc38d6,48,117,down,rule_based
11.0,11.0,94.0,5.0,7.0,6.0,0.0,1.0,1.0,0.0,3.0,-2.0,-1.0,7aaf01b0-ac0a-487a-92ca-4f0a8bbc38d6,49,117,left,rule_based
11.0,11.0,93.0,5.0,6.0,6.0,1.0,1.0,1.0,0.0,2.0,-1.0,-1.0,7aaf01b0-ac0a-487a-92ca-4f0a8bbc38d6,50,117,left,rule_based
11.0,11.0,92.0,5.0,5.0,6.0,1.0,1.0,1.0,0.0,1.0,0.0,-1.0,7aaf01b0-ac0a-487a-92ca-4f0a8bbc38d6,51,117,down,rule_based
11.0,11.0,100.0,6.0,5.0,5.0,0.0,1.0,1.0,1.0,1.0,0.0,-1.0,7aaf01b0-ac0a-487a-92ca-4f0a8bbc38d6,52,117,left,rule_based
11.0,11.0,99.0,6.0,4.0,5.0,1.0,1.0,1.0,0.0,2.0,1.0,-1.0,7aaf01b0-ac0a-487a-92ca-4f0a8bbc38d6,53,117,down,rule_based
11.0,11.0,98.0,6.0,4.0,4.0,0.0,1.0,1.0,1.0,1.0,1.0,0.0,7aaf01b0-ac0a-487a-92ca-4f0a8bbc38d6,54,117,left,rule_based
11.0,11.0,97.0,6.0,3.0,4.0,1.0,1.0,1.0,0.0,2.0,2.0,0.0,7aaf01b0-ac0a-487a-92ca-4f0a8bbc38d6,55,117,left,rule_based
11.0,11.0,96.0,6.0,2.0,4.0,1.0,1.0,1.0,0.0,2.0,0.0,-2.0,7aaf01b0-ac0a-487a-92ca-4f0a8bbc38d6,56,117,down,rule_based
11.0,11.0,95.0,6.0,2.0,3.0,0.0,1.0,1.0,1.0,1.0,0.0,-1.0,7aaf01b0-ac0a-487a-92ca-4f0a8bbc38d6,57,117,down,rule_based
11.0,11.0,100.0,7.0,2.0,2.0,0.0,1.0,1.0,1.0,2.0,0.0,-2.0,7aaf01b0-ac0a-487a-92ca-4f0a8bbc38d6,58,117,right,rule_based
11.0,11.0,99.0,7.0,3.0,2.0,1.0,1.0,0.0,1.0,3.0,-1.0,-2.0,7aaf01b0-ac0a-487a-92ca-4f0a8bbc38d6,59,117,up,rule_based
11.0,11.0,98.0,7.0,3.0,3.0,0.0,0.0,0.0,1.0,3.0,2.0,1.0,7aaf01b0-ac0a-487a-92ca-4f0a8bbc38d6,60,117,right,rule_based
11.0,11.0,97.0,7.0,4.0,3.0,1.0,1.0,0.0,1.0,2.0,1.0,1.0,7aaf01b0-ac0a-487a-92ca-4f0a8bbc38d6,61,117,up,rule_based
11.0,11.0,96.0,7.0,4.0,4.0,1.0,0.0,1.0,1.0,1.0,1.0,0.0,7aaf01b0-ac0a-487a-92ca-4f0a8bbc38d6,62,117,left,rule_based
11.0,11.0,95.0,7.0,3.0,4.0,1.0,0.0,1.0,0.0,2.0,2.0,0.0,7aaf01b0-ac0a-487a-92ca-4f0a8bbc38d6,63,117,left,rule_based
11.0,11.0,94.0,7.0,2.0,4.0,1.0,1.0,1.0,0.0,3.0,3.0,0.0,7aaf01b0-ac0a-487a-92ca-4f0a8bbc38d6,64,117,left,rule_based
11.0,11.0,93.0,7.0,1.0,4.0,1.0,1.0,1.0,0.0,3.0,-1.0,2.0,7aaf01b0-ac0a-487a-92ca-4f0a8bbc38d6,65,117,up,rule_based
11.0,11.0,92.0,7.0,1.0,5.0,1.0,0.0,1.0,1.0,2.0,-1.0,1.0,7aaf01b0-ac0a-487a-92ca-4f0a8bbc38d6,66,117,right,rule_based
11.0,11.0,91.0,7.0,2.0,5.0,1.0,0.0,0.0,1.0,2.0,0.0,2.0,7aaf01b0-ac0a-487a-92ca-4f0a8bbc38d6,67,117,right,rule_based
11.0,11.0,90.0,7.0,3.0,5.0,1.0,0.0,0.0,1.0,2.0,0.0,2.0,7aaf01b0-ac0a-487a-92ca-4f0a8bbc38d6,68,117,right,rule_based
11.0,11.0,89.0,7.0,4.0,5.0,1.0,1.0,0.0,1.0,2.0,1.0,-1.0,7aaf01b0-ac0a-487a-92ca-4f0a8bbc38d6,69,117,up,rule_based
11.0,11.0,88.0,7.0,4.0,6.0,1.0,0.0,1.0,1.0,2.0,1.0,1.0,7aaf01b0-ac0a-487a-92ca-4f0a8bbc38d6,70,117,left,rule_based
11.0,11.0,87.0,7.0,3.0,6.0,1.0,0.0,1.0,0.0,1.0,0.0,1.0,7aaf01b0-ac0a-487a-92ca-4f0a8bbc38d6,71,117,left,rule_based
11.0,11.0,86.0,7.0,2.0,6.0,1.0,0.0,1.0,0.0,1.0,0.0,1.0,7aaf01b0-ac0a-487a-92ca-4f0a8bbc38d6,72,117,up,rule_based
11.0,11.0,100.0,8.0,2.0,7.0,1.0,0.0,1.0,1.0,1.0,1.0,0.0,7aaf01b0-ac0a-487a-92ca-4f0a8bbc38d6,73,117,right,rule_based
11.0,11.0,100.0,9.0,3.0,7.0,1.0,0.0,0.0,1.0,2.0,2.0,0.0,7aaf01b0-ac0a-487a-92ca-4f0a8bbc38d6,74,117,right,rule_based
11.0,11.0,99.0,9.0,4.0,7.0,1.0,0.0,0.0,1.0,1.0,1.0,0.0,7aaf01b0-ac0a-487a-92ca-4f0a8bbc38d6,75,117,up,rule_based
11.0,11.0,98.0,9.0,4.0,8.0,1.0,0.0,1.0,1.0,2.0,1.0,-1.0,7aaf01b0-ac0a-487a-92ca-4f0a8bbc38d6,76,117,up,rule_based
11.0,11.0,97.0,9.0,4.0,9.0,1.0,0.0,1.0,1.0,2.0,-1.0,1.0,7aaf01b0-ac0a-487a-92ca-4f0a8bbc38d6,77,117,left,rule_based
11.0,11.0,96.0,9.0,3.0,9.0,1.0,1.0,1.0,0.0,1.0,0.0,1.0,7aaf01b0-ac0a-487a-92ca-4f0a8bbc38d6,78,117,left,rule_based
11.0,11.0,95.0,9.0,2.0,9.0,1.0,1.0,1.0,0.0,1.0,-1.0,0.0,7aaf01b0-ac0a-487a-92ca-4f0a8bbc38d6,79,117,down,rule_based
11.0,11.0,94.0,9.0,2.0,8.0,0.0,0.0,1.0,1.0,2.0,-1.0,1.0,7aaf01b0-ac0a-487a-92ca-4f0a8bbc38d6,80,117,right,rule_based
11.0,11.0,100.0,3.0,1.0,9.0,1.0,1.0,1.0,1.0,2.0,-1.0,-1.0,1af673ee-73f7-4f15-9a73-4198b1eb6b51,0,118,down,rule_based
11.0,11.0,99.0,3.0,1.0,8.0,0.0,1.0,1.0,1.0,1.0,-1.0,0.0,1af673ee-73f7-4f15-9a73-4198b1eb6b51,1,118,left,rule_based
11.0,11.0,100.0,4.0,0.0,8.0,1.0,1.0,0.0,0.0,8.0,5.0,-3.0,1af673ee-73f7-4f15-9a73-4198b1eb6b51,2,118,up,rule_based
11.0,11.0,99.0,4.0,0.0,9.0,1.0,0.0,0.0,0.0,9.0,5.0,-4.0,1af673ee-73f7-4f15-9a73-4198b1eb6b51,3,118,up,rule_based
11.0,11.0,98.0,4.0,0.0,10.0,0.0,0.0,0.0,1.0,10.0,5.0,-5.0,1af673ee-73f7-4f15-9a73-4198b1eb6b51,4,118,right,rule_based
11.0,11.0,97.0,4.0,1.0,10.0,0.0,1.0,0.0,1.0,9.0,4.0,-5.0,1af673ee-73f7-4f15-9a73-4198b1eb6b51,5,118,down,rule_based
11.0,11.0,96.0,4.0,1.0,9.0,0.0,1.0,0.0,1.0,8.0,4.0,-4.0,1af673ee-73f7-4f15-9a73-4198b1eb6b51,6,118,right,rule_based
11.0,11.0,95.0,4.0,2.0,9.0,1.0,1.0,0.0,1.0,4.0,3.0,-1.0,1af673ee-73f7-4f15-9a73-4198b1eb6b51,7,118,down,rule_based
11.0,11.0,94.0,4.0,2.0,8.0,0.0,1.0,1.0,1.0,3.0,3.0,0.0,1af673ee-73f7-4f15-9a73-4198b1eb6b51,8,118,down,rule_based
11.0,11.0,93.0,4.0,2.0,7.0,0.0,1.0,1.0,1.0,3.0,-2.0,-1.0,1af673ee-73f7-4f15-9a73-4198b1eb6b51,9,118,right,rule_based
11.0,11.0,92.0,4.0,3.0,7.0,1.0,1.0,0.0,1.0,3.0,2.0,1.0,1af673ee-73f7-4f15-9a73-4198b1eb6b51,10,118,down,rule_based
11.0,11.0,91.0,4.0,3.0,6.0,0.0,1.0,1.0,1.0,3.0,2.0,-1.0,1af673ee-73f7-4f15-9a73-4198b1eb6b51,11,118,right,rule_based
11.0,11.0,90.0,4.0,4.0,6.0,1.0,1.0,0.0,1.0,2.0,1.0,-1.0,1af673ee-73f7-4f15-9a73-4198b1eb6b51,12,118,right,rule_based
11.0,11.0,89.0,4.0,5.0,6.0,1.0,1.0,0.0,1.0,1.0,0.0,-1.0,1af673ee-73f7-4f15-9a73-4198b1eb6b51,13,118,down,rule_based
11.0,11.0,100.0,5.0,5.0,5.0,0.0,1.0,1.0,1.0,3.0,-1.0,-2.0,1af673ee-73f7-4f15-9a73-4198b1eb6b51,14,118,right,rule_based
11.0,11.0,99.0,5.0,6.0,5.0,1.0,1.0,0.0,1.0,3.0,3.0,0.0,1af673ee-73f7-4f15-9a73-4198b1eb6b51,15,118,right,rule_based
11.0,11.0,98.0,5.0,7.0,5.0,1.0,1.0,0.0,1.0,2.0,2.0,0.0,1af673ee-73f7-4f15-9a73-4198b1eb6b51,16,118,up,rule_based
11.0,11.0,97.0,5.0,7.0,6.0,1.0,0.0,1.0,1.0,2.0,0.0,2.0,1af673ee-73f7-4f15-9a73-4198b1eb6b51,17,118,right,rule_based
11.0,11.0,96.0,5.0,8.0,6.0,1.0,1.0,0.0,1.0,2.0,1.0,-1.0,1af673ee-73f7-4f15-9a73-4198b1eb6b51,18,118,right,rule_based
11.0,11.0,95.0,5.0,9.0,6.0,1.0,1.0,0.0,1.0,1.0,0.0,-1.0,1af673ee-73f7-4f15-9a73-4198b1eb6b51,19,118,right,rule_based
11.0,11.0,94.0,5.0,10.0,6.0,1.0,1.0,0.0,0.0,2.0,-1.0,-1.0,1af673ee-73f7-4f15-9a73-4198b1eb6b51,20,118,up,rule_based
11.0,11.0,93.0,5.0,10.0,7.0,1.0,0.0,1.0,0.0,3.0,-1.0,-2.0,1af673ee-73f7-4f15-9a73-4198b1eb6b51,21,118,up,rule_based
11.0,11.0,92.0,5.0,10.0,8.0,1.0,0.0,1.0,0.0,3.0,-3.0,0.0,1af673ee-73f7-4f15-9a73-4198b1eb6b51,22,118,up,rule_based
11.0,11.0,91.0,5.0,10.0,9.0,1.0,0.0,1.0,0.0,4.0,-3.0,-1.0,1af673ee-73f7-4f15-9a73-4198b1eb6b51,23,118,left,rule_based
11.0,11.0,90.0,5.0,9.0,9.0,1.0,1.0,1.0,0.0,3.0,-2.0,-1.0,1af673ee-73f7-4f15-9a73-4198b1eb6b51,24,118,down,rule_based
11.0,11.0,89.0,5.0,9.0,8.0,0.0,1.0,1.0,0.0,2.0,-2.0,0.0,1af673ee-73f7-4f15-9a73-4198b1eb6b51,25,118,down,rule_based
11.0,11.0,88.0,5.0,9.0,7.0,0.0,1.0,1.0,1.0,2.0,0.0,-2.0,1af673ee-73f7-4f15-9a73-4198b1eb6b51,26,118,right,rule_based
11.0,11.0,87.0,5.0,10.0,7.0,1.0,1.0,0.0,0.0,3.0,-1.0,-2.0,1af673ee-73f7-4f15-9a73-4198b1eb6b51,27,118,up,rule_based
11.0,11.0,86.0,5.0,10.0,8.0,1.0,0.0,0.0,0.0,3.0,-3.0,0.0,1af673ee-73f7-4f15-9a73-4198b1eb6b51,28,118,up,rule_based
11.0,11.0,85.0,5.0,10.0,9.0,1.0,0.0,1.0,0.0,4.0,-3.0,-1.0,1af673ee-73f7-4f15-9a73-4198b1eb6b51,29,118,left,rule_based
11.0,11.0,84.0,5.0,9.0,9.0,1.0,1.0,1.0,0.0,3.0,-2.0,-1.0,1af673ee-73f7-4f15-9a73-4198b1eb6b51,30,118,left,rule_based
11.0,11.0,83.0,5.0,8.0,9.0,1.0,1.0,1.0,0.0,2.0,-1.0,-1.0,1af673ee-73f7-4f15-9a73-4198b1eb6b51,31,118,down,rule_based
11.0,11.0,82.0,5.0,8.0,8.0,0.0,1.0,1.0,1.0,1.0,-1.0,0.0,1af673ee-73f7-4f15-9a73-4198b1eb6b51,32,118,left,rule_based
11.0,11.0,100.0,6.0,7.0,8.0,1.0,1.0,1.0,0.0,2.0,-2.0,0.0,1af673ee-73f7-4f15-9a73-4198b1eb6b51,33,118,up,rule_based
11.0,11.0,99.0,6.0,7.0,9.0,1.0,0.0,1.0,0.0,3.0,-2.0,-1.0,1af673ee-73f7-4f15-9a73-4198b1eb6b51,34,118,left,rule_based
11.0,11.0,98.0,6.0,6.0,9.0,1.0,1.0,1.0,0.0,2.0,-1.0,-1.0,1af673ee-73f7-4f15-9a73-4198b1eb6b51,35,118,up,rule_based
11.0,11.0,97.0,6.0,6.0,10.0,0.0,0.0,1.0,1.0,3.0,-1.0,-2.0,1af673ee-73f7-4f15-9a73-4198b1eb6b51,36,118,right,rule_based
11.0,11.0,96.0,6.0,7.0,10.0,0.0,0.0,0.0,1.0,4.0,-2.0,-2.0,1af673ee-73f7-4f15-9a73-4198b1eb6b51,37,118,right,rule_based
11.0,11.0,95.0,6.0,8.0,10.0,0.0,1.0,0.0,1.0,5.0,-3.0,-2.0,1af673ee-73f7-4f15-9a73-4198b1eb6b51,38,118,right,rule_based
11.0,11.0,94.0,6.0,9.0,10.0,0.0,1.0,0.0,1.0,5.0,0.0,-5.0,1af673ee-73f7-4f15-9a73-4198b1eb6b51,39,118,down,rule_based
11.0,11.0,93.0,6.0,9.0,9.0,0.0,1.0,1.0,1.0,4.0,0.0,-4.0,1af673ee-73f7-4f15-9a73-4198b1eb6b51,40,118,left,rule_based
11.0,11.0,92.0,6.0,8.0,9.0,0.0,1.0,1.0,0.0,4.0,-3.0,-1.0,1af673ee-73f7-4f15-9a73-4198b1eb6b51,41,118,down,rule_based
11.0,11.0,91.0,6.0,8.0,8.0,0.0,1.0,1.0,1.0,3.0,-3.0,0.0,1af673ee-73f7-4f15-9a73-4198b1eb6b51,42,118,down,rule_based
11.0,11.0,90.0,6.0,8.0,7.0,0.0,1.0,1.0,1.0,3.0,1.0,-2.0,1af673ee-73f7-4f15-9a73-4198b1eb6b51,43,118,down,rule_based
11.0,11.0,89.0,6.0,8.0,6.0,0.0,1.0,1.0,1.0,2.0,1.0,-1.0,1af673ee-73f7-4f15-9a73-4198b1eb6b51,44,118,down,rule_based
11.0,11.0,88.0,6.0,8.0,5.0,0.0,1.0,1.0,1.0,1.0,1.0,0.0,1af673ee-73f7-4f15-9a73-4198b1eb6b51,45,118,left,rule_based
11.0,11.0,87.0,6.0,7.0,5.0,1.0,1.0,1.0,0.0,2.0,2.0,0.0,1af673ee-73f7-4f15-9a73-4198b1eb6b51,46,118,down,rule_based
11.0,11.0,86.0,6.0,7.0,4.0,0.0,1.0,1.0,1.0,3.0,2.0,1.0,1af673ee-73f7-4f15-9a73-4198b1eb6b51,47,118,down,rule_based
11.0,11.0,85.0,6.0,7.0,3.0,0.0,1.0,1.0,1.0,2.0,-2.0,0.0,1af673ee-73f7-4f15-9a73-4198b1eb6b51,48,118,down,rule_based
11.0,11.0,84.0,6.0,7.0,2.0,0.0,1.0,1.0,1.0,2.0,0.0,-2.0,1af673ee-73f7-4f15-9a73-4198b1eb6b51,49,118,down,rule_based
11.0,11.0,83.0,6.0,7.0,1.0,0.0,1.0,1.0,1.0,1.0,0.0,-1.0,1af673ee-73f7-4f15-9a73-4198b1eb6b51,50,118,left,rule_based
11.0,11.0,100.0,7.0,6.0,1.0,1.0,1.0,1.0,0.0,1.0,-1.0,0.0,1af673ee-73f7-4f15-9a73-4198b1eb6b51,51,118,down,rule_based
11.0,11.0,99.0,7.0,6.0,0.0,0.0,0.0,1.0,1.0,1.0,1.0,0.0,1af673ee-73f7-4f15-9a73-4198b1eb6b51,52,118,left,rule_based
11.0,11.0,98.0,7.0,5.0,0.0,1.0,0.0,1.0,0.0,1.0,0.0,1.0,1af673ee-73f7-4f15-9a73-4198b1eb6b51,53,118,up,rule_based
11.0,11.0,100.0,8.0,5.0,1.0,1.0,0.0,1.0,0.0,2.0,0.0,2.0,1af673ee-73f7-4f15-9a73-4198b1eb6b51,54,118,left,rule_based
11.0,11.0,99.0,8.0,4.0,1.0,1.0,1.0,1.0,0.0,2.0,0.0,2.0,1af673ee-73f7-4f15-9a73-4198b1eb6b51,55,118,left,rule_based
11.0,11.0,98.0,8.0,3.0,1.0,1.0,1.0,1.0,0.0,3.0,1.0,2.0,1af673ee-73f7-4f15-9a73-4198b1eb6b51,56,118,up,rule_based
11.0,11.0,97.0,8.0,3.0,2.0,1.0,0.0,1.0,1.0,2.0,1.0,1.0,1af673ee-73f7-4f15-9a73-4198b1eb6b51,57,118,up,rule_based
11.0,11.0,96.0,8.0,3.0,3.0,1.0,0.0,1.0,1.0,1.0,1.0,0.0,1af673ee-73f7-4f15-9a73-4198b1eb6b51,58,118,right,rule_based
11.0,11.0,100.0,9.0,4.0,3.0,1.0,1.0,0.0,1.0,1.0,1.0,0.0,1af673ee-73f7-4f15-9a73-4198b1eb6b51,59,118,up,rule_based
11.0,11.0,99.0,9.0,4.0,4.0,1.0,0.0,1.0,1.0,2.0,1.0,-1.0,1af673ee-73f7-4f15-9a73-4198b1eb6b51,60,118,up,rule_based
11.0,11.0,98.0,9.0,4.0,5.0,1.0,0.0,1.0,1.0,1.0,-1.0,0.0,1af673ee-73f7-4f15-9a73-4198b1eb6b51,61,118,right,rule_based
11.0,11.0,97.0,9.0,5.0,5.0,1.0,1.0,0.0,1.0,2.0,0.0,-2.0,1af673ee-73f7-4f15-9a73-4198b1eb6b51,62,118,right,rule_based
11.0,11.0,96.0,9.0,6.0,5.0,1.0,1.0,0.0,1.0,3.0,3.0,0.0,1af673ee-73f7-4f15-9a73-4198b1eb6b51,63,118,up,rule_based
11.0,11.0,95.0,9.0,6.0,6.0,1.0,0.0,1.0,1.0,3.0,-1.0,2.0,1af673ee-73f7-4f15-9a73-4198b1eb6b51,64,118,right,rule_based
11.0,11.0,94.0,9.0,7.0,6.0,1.0,1.0,0.0,1.0,3.0,2.0,-1.0,1af673ee-73f7-4f15-9a73-4198b1eb6b51,65,118,right,rule_based
11.0,11.0,93.0,9.0,8.0,6.0,1.0,1.0,0.0,1.0,2.0,1.0,-1.0,1af673ee-73f7-4f15-9a73-4198b1eb6b51,66,118,down,rule_based
11.0,11.0,92.0,9.0,8.0,5.0,0.0,1.0,1.0,1.0,1.0,1.0,0.0,1af673ee-73f7-4f15-9a73-4198b1eb6b51,67,118,down,rule_based
11.0,11.0,91.0,9.0,8.0,4.0,0.0,1.0,1.0,1.0,2.0,1.0,1.0,1af673ee-73f7-4f15-9a73-4198b1eb6b51,68,118,down,rule_based
11.0,11.0,90.0,9.0,8.0,3.0,0.0,1.0,1.0,1.0,3.0,1.0,2.0,1af673ee-73f7-4f15-9a73-4198b1eb6b51,69,118,right,rule_based
11.0,11.0,89.0,9.0,9.0,3.0,1.0,1.0,0.0,1.0,2.0,0.0,2.0,1af673ee-73f7-4f15-9a73-4198b1eb6b51,70,118,down,rule_based
11.0,11.0,88.0,9.0,9.0,2.0,0.0,1.0,1.0,1.0,3.0,0.0,3.0,1af673ee-73f7-4f15-9a73-4198b1eb6b51,71,118,left,rule_based
11.0,11.0,87.0,9.0,8.0,2.0,0.0,1.0,1.0,0.0,3.0,-1.0,-2.0,1af673ee-73f7-4f15-9a73-4198b1eb6b51,72,118,down,rule_based
11.0,11.0,86.0,9.0,8.0,1.0,0.0,1.0,1.0,1.0,2.0,-1.0,-1.0,1af673ee-73f7-4f15-9a73-4198b1eb6b51,73,118,left,rule_based
11.0,11.0,85.0,9.0,7.0,1.0,1.0,1.0,1.0,0.0,1.0,0.0,-1.0,1af673ee-73f7-4f15-9a73-4198b1eb6b51,74,118,left,rule_based
11.0,11.0,84.0,9.0,6.0,1.0,1.0,1.0,1.0,0.0,2.0,1.0,-1.0,1af673ee-73f7-4f15-9a73-4198b1eb6b51,75,118,up,rule_based
11.0,11.0,83.0,9.0,6.0,2.0,1.0,0.0,1.0,1.0,2.0,-1.0,1.0,1af673ee-73f7-4f15-9a73-4198b1eb6b51,76,118,right,rule_based
11.0,11.0,82.0,9.0,7.0,2.0,1.0,0.0,0.0,0.0,2.0,0.0,-2.0,1af673ee-73f7-4f15-9a73-4198b1eb6b51,77,118,up,rule_based
11.0,11.0,81.0,9.0,7.0,3.0,1.0,0.0,1.0,1.0,2.0,-2.0,0.0,1af673ee-73f7-4f15-9a73-4198b1eb6b51,78,118,up,rule_based
11.0,11.0,80.0,9.0,7.0,4.0,1.0,0.0,1.0,1.0,3.0,2.0,1.0,1af673ee-73f7-4f15-9a73-4198b1eb6b51,79,118,up,rule_based
11.0,11.0,79.0,9.0,7.0,5.0,1.0,0.0,1.0,1.0,2.0,2.0,0.0,1af673ee-73f7-4f15-9a73-4198b1eb6b51,80,118,up,rule_based
11.0,11.0,78.0,9.0,7.0,6.0,1.0,0.0,1.0,1.0,3.0,2.0,-1.0,1af673ee-73f7-4f15-9a73-4198b1eb6b51,81,118,up,rule_based
11.0,11.0,77.0,9.0,7.0,7.0,1.0,0.0,1.0,1.0,3.0,-2.0,1.0,1af673ee-73f7-4f15-9a73-4198b1eb6b51,82,118,right,rule_based
11.0,11.0,76.0,9.0,8.0,7.0,1.0,1.0,0.0,1.0,3.0,1.0,-2.0,1af673ee-73f7-4f15-9a73-4198b1eb6b51,83,118,up,rule_based
11.0,11.0,75.0,9.0,8.0,8.0,1.0,0.0,1.0,1.0,3.0,-3.0,0.0,1af673ee-73f7-4f15-9a73-4198b1eb6b51,84,118,right,rule_based
11.0,11.0,74.0,9.0,9.0,8.0,1.0,1.0,0.0,1.0,3.0,0.0,-3.0,1af673ee-73f7-4f15-9a73-4198b1eb6b51,85,118,up,rule_based
11.0,11.0,73.0,9.0,9.0,9.0,1.0,0.0,1.0,1.0,4.0,0.0,-4.0,1af673ee-73f7-4f15-9a73-4198b1eb6b51,86,118,up,rule_based
11.0,11.0,72.0,9.0,9.0,10.0,0.0,0.0,1.0,1.0,5.0,0.0,-5.0,1af673ee-73f7-4f15-9a73-4198b1eb6b51,87,118,right,rule_based
11.0,11.0,71.0,9.0,10.0,10.0,0.0,1.0,0.0,0.0,6.0,-1.0,-5.0,1af673ee-73f7-4f15-9a73-4198b1eb6b51,88,118,down,rule_based
11.0,11.0,70.0,9.0,10.0,9.0,0.0,1.0,0.0,0.0,5.0,-1.0,-4.0,1af673ee-73f7-4f15-9a73-4198b1eb6b51,89,118,down,rule_based
11.0,11.0,69.0,9.0,10.0,8.0,0.0,1.0,0.0,0.0,4.0,-1.0,-3.0,1af673ee-73f7-4f15-9a73-4198b1eb6b51,90,118,down,rule_based
11.0,11.0,68.0,9.0,10.0,7.0,0.0,1.0,1.0,0.0,3.0,-1.0,-2.0,1af673ee-73f7-4f15-9a73-4198b1eb6b51,91,118,left,rule_based
11.0,11.0,67.0,9.0,9.0,7.0,0.0,1.0,1.0,0.0,2.0,0.0,-2.0,1af673ee-73f7-4f15-9a73-4198b1eb6b51,92,118,left,rule_based
11.0,11.0,66.0,9.0,8.0,7.0,1.0,1.0,1.0,0.0,3.0,1.0,-2.0,1af673ee-73f7-4f15-9a73-4198b1eb6b51,93,118,down,rule_based
11.0,11.0,65.0,9.0,8.0,6.0,0.0,1.0,1.0,1.0,2.0,1.0,-1.0,1af673ee-73f7-4f15-9a73-4198b1eb6b51,94,118,left,rule_based
11.0,11.0,64.0,9.0,7.0,6.0,1.0,1.0,1.0,0.0,3.0,2.0,-1.0,1af673ee-73f7-4f15-9a73-4198b1eb6b51,95,118,up,rule_based
11.0,11.0,63.0,9.0,7.0,7.0,1.0,0.0,1.0,0.0,3.0,-2.0,1.0,1af673ee-73f7-4f15-9a73-4198b1eb6b51,96,118,left,rule_based
11.0,11.0,62.0,9.0,6.0,7.0,1.0,1.0,1.0,0.0,2.0,-1.0,1.0,1af673ee-73f7-4f15-9a73-4198b1eb6b51,97,118,up,rule_based
11.0,11.0,61.0,9.0,6.0,8.0,1.0,0.0,1.0,1.0,1.0,-1.0,0.0,1af673ee-73f7-4f15-9a73-4198b1eb6b51,98,118,right,rule_based
11.0,11.0,60.0,9.0,7.0,8.0,1.0,0.0,0.0,1.0,2.0,-2.0,0.0,1af673ee-73f7-4f15-9a73-4198b1eb6b51,99,118,up,rule_based
11.0,11.0,59.0,9.0,7.0,9.0,1.0,0.0,1.0,1.0,3.0,-2.0,-1.0,1af673ee-73f7-4f15-9a73-4198b1eb6b51,100,118,up,rule_based
11.0,11.0,58.0,9.0,7.0,10.0,0.0,0.0,1.0,1.0,4.0,-2.0,-2.0,1af673ee-73f7-4f15-9a73-4198b1eb6b51,101,118,left,rule_based
11.0,11.0,57.0,9.0,6.0,10.0,0.0,1.0,1.0,0.0,3.0,-1.0,-2.0,1af673ee-73f7-4f15-9a73-4198b1eb6b51,102,118,left,rule_based
11.0,11.0,56.0,9.0,5.0,10.0,0.0,1.0,1.0,0.0,2.0,0.0,-2.0,1af673ee-73f7-4f15-9a73-4198b1eb6b51,103,118,left,rule_based
11.0,11.0,55.0,9.0,4.0,10.0,0.0,1.0,1.0,0.0,3.0,1.0,-2.0,1af673ee-73f7-4f15-9a73-4198b1eb6b51,104,118,down,rule_based
11.0,11.0,54.0,9.0,4.0,9.0,0.0,1.0,1.0,1.0,2.0,1.0,-1.0,1af673ee-73f7-4f15-9a73-4198b1eb6b51,105,118,down,rule_based
11.0,11.0,53.0,9.0,4.0,8.0,0.0,1.0,1.0,1.0,1.0,1.0,0.0,1af673ee-73f7-4f15-9a73-4198b1eb6b51,106,118,left,rule_based
11.0,11.0,52.0,9.0,3.0,8.0,1.0,1.0,1.0,0.0,1.0,-1.0,0.0,1af673ee-73f7-4f15-9a73-4198b1eb6b51,107,118,up,rule_based
11.0,11.0,51.0,9.0,3.0,9.0,1.0,0.0,1.0,0.0,2.0,-1.0,-1.0,1af673ee-73f7-4f15-9a73-4198b1eb6b51,108,118,left,rule_based
11.0,11.0,50.0,9.0,2.0,9.0,1.0,1.0,1.0,0.0,1.0,0.0,-1.0,1af673ee-73f7-4f15-9a73-4198b1eb6b51,109,118,up,rule_based
11.0,11.0,49.0,9.0,2.0,10.0,0.0,0.0,1.0,1.0,2.0,0.0,-2.0,1af673ee-73f7-4f15-9a73-4198b1eb6b51,110,118,right,rule_based
11.0,11.0,100.0,3.0,1.0,1.0,1.0,1.0,1.0,1.0,2.0,-1.0,1.0,cd9761aa-b5b3-437d-aaaa-615452010ac3,0,119,left,rule_based
11.0,11.0,99.0,3.0,0.0,1.0,1.0,1.0,0.0,0.0,1.0,0.0,1.0,cd9761aa-b5b3-437d-aaaa-615452010ac3,1,119,up,rule_based
11.0,11.0,100.0,4.0,0.0,2.0,1.0,0.0,0.0,1.0,8.0,5.0,3.0,cd9761aa-b5b3-437d-aaaa-615452010ac3,2,119,right,rule_based
11.0,11.0,99.0,4.0,1.0,2.0,1.0,0.0,0.0,1.0,7.0,4.0,3.0,cd9761aa-b5b3-437d-aaaa-615452010ac3,3,119,up,rule_based
11.0,11.0,98.0,4.0,1.0,3.0,1.0,0.0,1.0,1.0,6.0,4.0,2.0,cd9761aa-b5b3-437d-aaaa-615452010ac3,4,119,up,rule_based
11.0,11.0,97.0,4.0,1.0,4.0,1.0,0.0,1.0,1.0,5.0,4.0,1.0,cd9761aa-b5b3-437d-aaaa-615452010ac3,5,119,left,rule_based
11.0,11.0,96.0,4.0,0.0,4.0,1.0,1.0,0.0,0.0,6.0,5.0,1.0,cd9761aa-b5b3-437d-aaaa-615452010ac3,6,119,up,rule_based
11.0,11.0,95.0,4.0,0.0,5.0,1.0,0.0,0.0,1.0,5.0,5.0,0.0,cd9761aa-b5b3-437d-aaaa-615452010ac3,7,119,up,rule_based
11.0,11.0,94.0,4.0,0.0,6.0,1.0,0.0,0.0,1.0,6.0,5.0,-1.0,cd9761aa-b5b3-437d-aaaa-615452010ac3,8,119,right,rule_based
11.0,11.0,93.0,4.0,1.0,6.0,1.0,1.0,0.0,1.0,5.0,4.0,-1.0,cd9761aa-b5b3-437d-aaaa-615452010ac3,9,119,down,rule_based
11.0,11.0,92.0,4.0,1.0,5.0,0.0,1.0,0.0,1.0,4.0,4.0,0.0,cd9761aa-b5b3-437d-aaaa-615452010ac3,10,119,down,rule_based
11.0,11.0,91.0,4.0,1.0,4.0,0.0,1.0,1.0,1.0,5.0,4.0,1.0,cd9761aa-b5b3-437d-aaaa-615452010ac3,11,119,left,rule_based
11.0,11.0,90.0,4.0,0.0,4.0,1.0,1.0,0.0,0.0,6.0,5.0,1.0,cd9761aa-b5b3-437d-aaaa-615452010ac3,12,119,up,rule_based
11.0,11.0,89.0,4.0,0.0,5.0,1.0,0.0,0.0,0.0,5.0,5.0,0.0,cd9761aa-b5b3-437d-aaaa-615452010ac3,13,119,up,rule_based
11.0,11.0,88.0,4.0,0.0,6.0,1.0,0.0,0.0,1.0,6.0,5.0,-1.0,cd9761aa-b5b3-437d-aaaa-615452010ac3,14,119,right,rule_based
11.0,11.0,87.0,4.0,1.0,6.0,1.0,1.0,0.0,1.0,5.0,4.0,-1.0,cd9761aa-b5b3-437d-aaaa-615452010ac3,15,119,down,rule_based
11.0,11.0,86.0,4.0,1.0,5.0,0.0,1.0,0.0,1.0,4.0,4.0,0.0,cd9761aa-b5b3-437d-aaaa-615452010ac3,16,119,down,rule_based
11.0,11.0,85.0,4.0,1.0,4.0,0.0,1.0,1.0,1.0,4.0,3.0,-1.0,cd9761aa-b5b3-437d-aaaa-615452010ac3,17,119,right,rule_based
11.0,11.0,84.0,4.0,2.0,4.0,1.0,1.0,0.0,1.0,3.0,2.0,-1.0,cd9761aa-b5b3-437d-aaaa-615452010ac3,18,119,right,rule_based
11.0,11.0,83.0,4.0,3.0,4.0,1.0,1.0,0.0,1.0,2.0,1.0,-1.0,cd9761aa-b5b3-437d-aaaa-615452010ac3,19,119,down,rule_based
11.0,11.0,82.0,4.0,3.0,3.0,0.0,1.0,1.0,1.0,1.0,1.0,0.0,cd9761aa-b5b3-437d-aaaa-615452010ac3,20,119,down,rule_based
11.0,11.0,81.0,4.0,3.0,2.0,0.0,1.0,1.0,1.0,2.0,1.0,1.0,cd9761aa-b5b3-437d-aaaa-615452010ac3,21,119,down,rule_based
11.0,11.0,80.0,4.0,3.0,1.0,0.0,1.0,1.0,1.0,3.0,1.0,2.0,cd9761aa-b5b3-437d-aaaa-615452010ac3,22,119,left,rule_based
11.0,11.0,79.0,4.0,2.0,1.0,1.0,1.0,1.0,0.0,4.0,2.0,2.0,cd9761aa-b5b3-437d-aaaa-615452010ac3,23,119,up,rule_based
11.0,11.0,78.0,4.0,2.0,2.0,1.0,0.0,1.0,0.0,3.0,2.0,1.0,cd9761aa-b5b3-437d-aaaa-615452010ac3,24,119,left,rule_based
11.0,11.0,77.0,4.0,1.0,2.0,1.0,1.0,1.0,0.0,4.0,3.0,1.0,cd9761aa-b5b3-437d-aaaa-615452010ac3,25,119,down,rule_based
11.0,11.0,76.0,4.0,1.0,1.0,0.0,1.0,1.0,0.0,5.0,3.0,2.0,cd9761aa-b5b3-437d-aaaa-615452010ac3,26,119,down,rule_based
11.0,11.0,75.0,4.0,1.0,0.0,0.0,0.0,1.0,1.0,6.0,3.0,3.0,cd9761aa-b5b3-437d-aaaa-615452010ac3,27,119,left,rule_based
11.0,11.0,74.0,4.0,0.0,0.0,1.0,0.0,0.0,0.0,7.0,4.0,3.0,cd9761aa-b5b3-437d-aaaa-615452010ac3,28,119,up,rule_based
11.0,11.0,73.0,4.0,0.0,1.0,1.0,0.0,0.0,0.0,6.0,4.0,2.0,cd9761aa-b5b3-437d-aaaa-615452010ac3,29,119,up,rule_based
11.0,11.0,72.0,4.0,0.0,2.0,1.0,0.0,0.0,1.0,5.0,4.0,1.0,cd9761aa-b5b3-437d-aaaa-615452010ac3,30,119,right,rule_based
11.0,11.0,71.0,4.0,1.0,2.0,1.0,1.0,0.0,1.0,4.0,3.0,1.0,cd9761aa-b5b3-437d-aaaa-615452010ac3,31,119,down,rule_based
11.0,11.0,70.0,4.0,1.0,1.0,0.0,1.0,0.0,1.0,5.0,3.0,2.0,cd9761aa-b5b3-437d-aaaa-615452010ac3,32,119,right,rule_based
11.0,11.0,69.0,4.0,2.0,1.0,1.0,1.0,0.0,1.0,4.0,2.0,2.0,cd9761aa-b5b3-437d-aaaa-615452010ac3,33,119,right,rule_based
11.0,11.0,68.0,4.0,3.0,1.0,1.0,1.0,0.0,1.0,3.0,1.0,2.0,cd9761aa-b5b3-437d-aaaa-615452010ac3,34,119,right,rule_based
11.0,11.0,67.0,4.0,4.0,1.0,1.0,1.0,0.0,1.0,2.0,0.0,2.0,cd9761aa-b5b3-437d-aaaa-615452010ac3,35,119,right,rule_based
11.0,11.0,66.0,4.0,5.0,1.0,1.0,1.0,0.0,1.0,2.0,1.0,-1.0,cd9761aa-b5b3-437d-aaaa-615452010ac3,36,119,right,rule_based
11.0,11.0,65.0,4.0,6.0,1.0,1.0,1.0,0.0,1.0,1.0,0.0,-1.0,cd9761aa-b5b3-437d-aaaa-615452010ac3,37,119,up,rule_based
11.0,11.0,64.0,4.0,6.0,2.0,1.0,0.0,1.0,1.0,2.0,0.0,-2.0,cd9761aa-b5b3-437d-aaaa-615452010ac3,38,119,up,rule_based
11.0,11.0,63.0,4.0,6.0,3.0,1.0,0.0,1.0,1.0,2.0,1.0,1.0,cd9761aa-b5b3-437d-aaaa-615452010ac3,39,119,up,rule_based
11.0,11.0,62.0,4.0,6.0,4.0,1.0,0.0,1.0,1.0,1.0,1.0,0.0,cd9761aa-b5b3-437d-aaaa-615452010ac3,40,119,up,rule_based
11.0,11.0,61.0,4.0,6.0,5.0,1.0,0.0,1.0,1.0,1.0,-1.0,0.0,cd9761aa-b5b3-437d-aaaa-615452010ac3,41,119,right,rule_based
11.0,11.0,60.0,4.0,7.0,5.0,1.0,1.0,0.0,1.0,1.0,0.0,-1.0,cd9761aa-b5b3-437d-aaaa-615452010ac3,42,119,up,rule_based
11.0,11.0,59.0,4.0,7.0,6.0,1.0,0.0,1.0,1.0,1.0,0.0,1.0,cd9761aa-b5b3-437d-aaaa-615452010ac3,43,119,up,rule_based
11.0,11.0,100.0,5.0,7.0,7.0,1.0,0.0,1.0,1.0,1.0,0.0,1.0,cd9761aa-b5b3-437d-aaaa-615452010ac3,44,119,right,rule_based
11.0,11.0,99.0,5.0,8.0,7.0,1.0,1.0,0.0,1.0,2.0,0.0,2.0,cd9761aa-b5b3-437d-aaaa-615452010ac3,45,119,up,rule_based
11.0,11.0,98.0,5.0,8.0,8.0,1.0,0.0,1.0,1.0,1.0,0.0,1.0,cd9761aa-b5b3-437d-aaaa-615452010ac3,46,119,left,rule_based
11.0,11.0,100.0,6.0,7.0,8.0,1.0,0.0,1.0,0.0,2.0,1.0,1.0,cd9761aa-b5b3-437d-aaaa-615452010ac3,47,119,left,rule_based
11.0,11.0,99.0,6.0,6.0,8.0,1.0,1.0,1.0,0.0,1.0,0.0,-1.0,cd9761aa-b5b3-437d-aaaa-615452010ac3,48,119,down,rule_based
11.0,11.0,100.0,7.0,6.0,7.0,0.0,1.0,1.0,0.0,3.0,-1.0,-2.0,cd9761aa-b5b3-437d-aaaa-615452010ac3,49,119,left,rule_based
11.0,11.0,99.0,7.0,5.0,7.0,1.0,1.0,1.0,0.0,2.0,0.0,-2.0,cd9761aa-b5b3-437d-aaaa-615452010ac3,50,119,left,rule_based
11.0,11.0,98.0,7.0,4.0,7.0,1.0,1.0,1.0,0.0,2.0,-2.0,0.0,cd9761aa-b5b3-437d-aaaa-615452010ac3,51,119,down,rule_based
11.0,11.0,97.0,7.0,4.0,6.0,0.0,1.0,1.0,1.0,2.0,1.0,-1.0,cd9761aa-b5b3-437d-aaaa-615452010ac3,52,119,down,rule_based
11.0,11.0,96.0,7.0,4.0,5.0,0.0,1.0,1.0,1.0,1.0,1.0,0.0,cd9761aa-b5b3-437d-aaaa-615452010ac3,53,119,right,rule_based
11.0,11.0,100.0,8.0,5.0,5.0,1.0,1.0,0.0,1.0,3.0,2.0,-1.0,cd9761aa-b5b3-437d-aaaa-615452010ac3,54,119,right,rule_based
11.0,11.0,99.0,8.0,6.0,5.0,1.0,1.0,0.0,1.0,2.0,1.0,-1.0,cd9761aa-b5b3-437d-aaaa-615452010ac3,55,119,up,rule_based
11.0,11.0,98.0,8.0,6.0,6.0,0.0,0.0,1.0,1.0,3.0,1.0,-2.0,cd9761aa-b5b3-437d-aaaa-615452010ac3,56,119,left,rule_based
11.0,11.0,100.0,3.0,1.0,9.0,1.0,1.0,1.0,1.0,2.0,-1.0,-1.0,3ebe6a80-607a-4e0e-94d8-5621515185c0,0,120,down,rule_based
11.0,11.0,99.0,3.0,1.0,8.0,0.0,1.0,1.0,1.0,1.0,-1.0,0.0,3ebe6a80-607a-4e0e-94d8-5621515185c0,1,120,down,rule_based
11.0,11.0,98.0,3.0,1.0,7.0,0.0,1.0,1.0,1.0,2.0,-1.0,1.0,3ebe6a80-607a-4e0e-94d8-5621515185c0,2,120,right,rule_based
11.0,11.0,97.0,3.0,2.0,7.0,1.0,1.0,0.0,1.0,3.0,-2.0,1.0,3ebe6a80-607a-4e0e-94d8-5621515185c0,3,120,right,rule_based
11.0,11.0,96.0,3.0,3.0,7.0,1.0,1.0,0.0,1.0,4.0,-3.0,1.0,3ebe6a80-607a-4e0e-94d8-5621515185c0,4,120,right,rule_based
11.0,11.0,95.0,3.0,4.0,7.0,1.0,1.0,0.0,1.0,2.0,1.0,-1.0,3ebe6a80-607a-4e0e-94d8-5621515185c0,5,120,right,rule_based
11.0,11.0,94.0,3.0,5.0,7.0,1.0,1.0,0.0,1.0,1.0,0.0,-1.0,3ebe6a80-607a-4e0e-94d8-5621515185c0,6,120,down,rule_based
11.0,11.0,100.0,4.0,5.0,6.0,0.0,1.0,1.0,1.0,1.0,0.0,-1.0,3ebe6a80-607a-4e0e-94d8-5621515185c0,7,120,down,rule_based
11.0,11.0,100.0,5.0,5.0,5.0,0.0,1.0,1.0,1.0,3.0,2.0,-1.0,3ebe6a80-607a-4e0e-94d8-5621515185c0,8,120,left,rule_based
11.0,11.0,99.0,5.0,4.0,5.0,1.0,1.0,1.0,0.0,4.0,3.0,-1.0,3ebe6a80-607a-4e0e-94d8-5621515185c0,9,120,up,rule_based
11.0,11.0,98.0,5.0,4.0,6.0,1.0,0.0,1.0,0.0,5.0,3.0,-2.0,3ebe6a80-607a-4e0e-94d8-5621515185c0,10,120,up,rule_based
11.0,11.0,97.0,5.0,4.0,7.0,1.0,0.0,1.0,1.0,4.0,2.0,2.0,3ebe6a80-607a-4e0e-94d8-5621515185c0,11,120,left,rule_based
11.0,11.0,96.0,5.0,3.0,7.0,1.0,1.0,1.0,0.0,4.0,-3.0,1.0,3ebe6a80-607a-4e0e-94d8-5621515185c0,12,120,left,rule_based
11.0,11.0,95.0,5.0,2.0,7.0,1.0,1.0,1.0,0.0,3.0,-2.0,1.0,3ebe6a80-607a-4e0e-94d8-5621515185c0,13,120,down,rule_based
11.0,11.0,94.0,5.0,2.0,6.0,0.0,1.0,1.0,1.0,3.0,-2.0,-1.0,3ebe6a80-607a-4e0e-94d8-5621515185c0,14,120,left,rule_based
11.0,11.0,93.0,5.0,1.0,6.0,1.0,1.0,1.0,0.0,2.0,-1.0,-1.0,3ebe6a80-607a-4e0e-94d8-5621515185c0,15,120,left,rule_based
11.0,11.0,92.0,5.0,0.0,6.0,1.0,1.0,0.0,0.0,1.0,0.0,-1.0,3ebe6a80-607a-4e0e-94d8-5621515185c0,16,120,up,rule_based
11.0,11.0,91.0,5.0,0.0,7.0,1.0,0.0,0.0,1.0,1.0,0.0,1.0,3ebe6a80-607a-4e0e-94d8-5621515185c0,17,120,up,rule_based
11.0,11.0,100.0,6.0,0.0,8.0,1.0,0.0,0.0,1.0,3.0,0.0,-3.0,3ebe6a80-607a-4e0e-94d8-5621515185c0,18,120,right,rule_based
11.0,11.0,99.0,6.0,1.0,8.0,1.0,1.0,0.0,1.0,4.0,-1.0,-3.0,3ebe6a80-607a-4e0e-94d8-5621515185c0,19,120,down,rule_based
11.0,11.0,98.0,6.0,1.0,7.0,0.0,0.0,0.0,1.0,3.0,-1.0,-2.0,3ebe6a80-607a-4e0e-94d8-5621515185c0,20,120,right,rule_based
11.0,11.0,97.0,6.0,2.0,7.0,1.0,1.0,0.0,1.0,4.0,-2.0,-2.0,3ebe6a80-607a-4e0e-94d8-5621515185c0,21,120,down,rule_based
11.0,11.0,96.0,6.0,2.0,6.0,0.0,1.0,1.0,1.0,3.0,-2.0,-1.0,3ebe6a80-607a-4e0e-94d8-5621515185c0,22,120,left,rule_based
11.0,11.0,95.0,6.0,1.0,6.0,0.0,1.0,1.0,0.0,2.0,-1.0,-1.0,3ebe6a80-607a-4e0e-94d8-5621515185c0,23,120,left,rule_based
11.0,11.0,94.0,6.0,0.0,6.0,1.0,1.0,0.0,0.0,1.0,0.0,-1.0,3ebe6a80-607a-4e0e-94d8-5621515185c0,24,120,up,rule_based
11.0,11.0,93.0,6.0,0.0,7.0,1.0,0.0,0.0,0.0,2.0,0.0,-2.0,3ebe6a80-607a-4e0e-94d8-5621515185c0,25,120,up,rule_based
11.0,11.0,92.0,6.0,0.0,8.0,1.0,0.0,0.0,1.0,3.0,0.0,-3.0,3ebe6a80-607a-4e0e-94d8-5621515185c0,26,120,up,rule_based
11.0,11.0,91.0,6.0,0.0,9.0,1.0,0.0,0.0,1.0,4.0,0.0,-4.0,3ebe6a80-607a-4e0e-94d8-5621515185c0,27,120,right,rule_based
11.0,11.0,90.0,6.0,1.0,9.0,1.0,1.0,0.0,1.0,5.0,5.0,0.0,3ebe6a80-607a-4e0e-94d8-5621515185c0,28,120,up,rule_based
11.0,11.0,89.0,6.0,1.0,10.0,0.0,0.0,1.0,1.0,6.0,5.0,-1.0,3ebe6a80-607a-4e0e-94d8-5621515185c0,29,120,left,rule_based
11.0,11.0,100.0,3.0,9.0,1.0,1.0,1.0,1.0,1.0,2.0,1.0,1.0,25ccad3d-7012-4e7c-859b-01fa16a5425d,0,121,up,rule_based
11.0,11.0,99.0,3.0,9.0,2.0,1.0,0.0,1.0,1.0,1.0,1.0,0.0,25ccad3d-7012-4e7c-859b-01fa16a5425d,1,121,up,rule_based
11.0,11.0,98.0,3.0,9.0,3.0,1.0,0.0,1.0,1.0,2.0,1.0,-1.0,25ccad3d-7012-4e7c-859b-01fa16a5425d,2,121,right,rule_based
11.0,11.0,97.0,3.0,10.0,3.0,1.0,1.0,0.0,0.0,1.0,0.0,-1.0,25ccad3d-7012-4e7c-859b-01fa16a5425d,3,121,down,rule_based
11.0,11.0,100.0,4.0,10.0,2.0,0.0,1.0,1.0,0.0,8.0,-5.0,3.0,25ccad3d-7012-4e7c-859b-01fa16a5425d,4,121,down,rule_based
11.0,11.0,99.0,4.0,10.0,1.0,0.0,1.0,1.0,0.0,5.0,-3.0,2.0,25ccad3d-7012-4e7c-859b-01fa16a5425d,5,121,down,rule_based
11.0,11.0,98.0,4.0,10.0,0.0,0.0,0.0,1.0,0.0,6.0,-3.0,3.0,25ccad3d-7012-4e7c-859b-01fa16a5425d,6,121,left,rule_based
11.0,11.0,97.0,4.0,9.0,0.0,1.0,0.0,1.0,0.0,5.0,-2.0,3.0,25ccad3d-7012-4e7c-859b-01fa16a5425d,7,121,left,rule_based
11.0,11.0,96.0,4.0,8.0,0.0,1.0,0.0,1.0,0.0,4.0,-1.0,3.0,25ccad3d-7012-4e7c-859b-01fa16a5425d,8,121,up,rule_based
11.0,11.0,95.0,4.0,8.0,1.0,1.0,0.0,1.0,1.0,3.0,-1.0,2.0,25ccad3d-7012-4e7c-859b-01fa16a5425d,9,121,right,rule_based
11.0,11.0,94.0,4.0,9.0,1.0,1.0,0.0,0.0,1.0,3.0,0.0,3.0,25ccad3d-7012-4e7c-859b-01fa16a5425d,10,121,right,rule_based
11.0,11.0,93.0,4.0,10.0,1.0,1.0,1.0,0.0,0.0,4.0,-1.0,3.0,25ccad3d-7012-4e7c-859b-01fa16a5425d,11,121,up,rule_based
11.0,11.0,92.0,4.0,10.0,2.0,1.0,0.0,1.0,0.0,3.0,-1.0,2.0,25ccad3d-7012-4e7c-859b-01fa16a5425d,12,121,left,rule_based
11.0,11.0,91.0,4.0,9.0,2.0,1.0,0.0,1.0,0.0,2.0,0.0,2.0,25ccad3d-7012-4e7c-859b-01fa16a5425d,13,121,up,rule_based
11.0,11.0,90.0,4.0,9.0,3.0,1.0,0.0,1.0,1.0,1.0,0.0,1.0,25ccad3d-7012-4e7c-859b-01fa16a5425d,14,121,up,rule_based
11.0,11.0,100.0,5.0,9.0,4.0,1.0,0.0,1.0,1.0,3.0,-2.0,-1.0,25ccad3d-7012-4e7c-859b-01fa16a5425d,15,121,left,rule_based
11.0,11.0,99.0,5.0,8.0,4.0,1.0,1.0,1.0,0.0,2.0,-1.0,-1.0,25ccad3d-7012-4e7c-859b-01fa16a5425d,16,121,down,rule_based
11.0,11.0,98.0,5.0,8.0,3.0,0.0,1.0,1.0,0.0,1.0,-1.0,0.0,25ccad3d-7012-4e7c-859b-01fa16a5425d,17,121,left,rule_based
11.0,11.0,100.0,6.0,7.0,3.0,1.0,1.0,1.0,0.0,2.0,-1.0,1.0,25ccad3d-7012-4e7c-859b-01fa16a5425d,18,121,down,rule_based
11.0,11.0,99.0,6.0,7.0,2.0,0.0,1.0,1.0,1.0,1.0,-1.0,0.0,25ccad3d-7012-4e7c-859b-01fa16a5425d,19,121,right,rule_based
11.0,11.0,98.0,6.0,8.0,2.0,0.0,1.0,0.0,1.0,2.0,-2.0,0.0,25ccad3d-7012-4e7c-859b-01fa16a5425d,20,121,down,rule_based
11.0,11.0,97.0,6.0,8.0,1.0,0.0,1.0,1.0,1.0,3.0,-2.0,1.0,25ccad3d-7012-4e7c-859b-01fa16a5425d,21,121,down,rule_based
11.0,11.0,96.0,6.0,8.0,0.0,0.0,0.0,1.0,1.0,4.0,-2.0,2.0,25ccad3d-7012-4e7c-859b-01fa16a5425d,22,121,right,rule_based
11.0,11.0,95.0,6.0,9.0,0.0,1.0,0.0,0.0,1.0,5.0,-3.0,2.0,25ccad3d-7012-4e7c-859b-01fa16a5425d,23,121,up,rule_based
11.0,11.0,94.0,6.0,9.0,1.0,1.0,0.0,0.0,1.0,4.0,-3.0,1.0,25ccad3d-7012-4e7c-859b-01fa16a5425d,24,121,right,rule_based
11.0,11.0,93.0,6.0,10.0,1.0,1.0,1.0,0.0,0.0,5.0,-4.0,1.0,25ccad3d-7012-4e7c-859b-01fa16a5425d,25,121,up,rule_based
11.0,11.0,92.0,6.0,10.0,2.0,1.0,0.0,1.0,0.0,4.0,-4.0,0.0,25ccad3d-7012-4e7c-859b-01fa16a5425d,26,121,left,rule_based
11.0,11.0,91.0,6.0,9.0,2.0,1.0,0.0,1.0,0.0,3.0,-3.0,0.0,25ccad3d-7012-4e7c-859b-01fa16a5425d,27,121,up,rule_based
11.0,11.0,90.0,6.0,9.0,3.0,1.0,0.0,1.0,1.0,4.0,-3.0,1.0,25ccad3d-7012-4e7c-859b-01fa16a5425d,28,121,right,rule_based
11.0,11.0,89.0,6.0,10.0,3.0,1.0,0.0,0.0,0.0,5.0,-4.0,1.0,25ccad3d-7012-4e7c-859b-01fa16a5425d,29,121,up,rule_based
11.0,11.0,88.0,6.0,10.0,4.0,1.0,0.0,1.0,0.0,4.0,-4.0,0.0,25ccad3d-7012-4e7c-859b-01fa16a5425d,30,121,left,rule_based
11.0,11.0,87.0,6.0,9.0,4.0,1.0,0.0,1.0,0.0,3.0,-3.0,0.0,25ccad3d-7012-4e7c-859b-01fa16a5425d,31,121,up,rule_based
11.0,11.0,86.0,6.0,9.0,5.0,1.0,0.0,1.0,1.0,4.0,-4.0,0.0,25ccad3d-7012-4e7c-859b-01fa16a5425d,32,121,right,rule_based
11.0,11.0,85.0,6.0,10.0,5.0,1.0,0.0,0.0,0.0,5.0,-5.0,0.0,25ccad3d-7012-4e7c-859b-01fa16a5425d,33,121,up,rule_based
11.0,11.0,84.0,6.0,10.0,6.0,1.0,0.0,1.0,0.0,6.0,-5.0,-1.0,25ccad3d-7012-4e7c-859b-01fa16a5425d,34,121,up,rule_based
11.0,11.0,83.0,6.0,10.0,7.0,1.0,0.0,1.0,0.0,5.0,-4.0,1.0,25ccad3d-7012-4e7c-859b-01fa16a5425d,35,121,left,rule_based
11.0,11.0,82.0,6.0,9.0,7.0,1.0,1.0,1.0,0.0,4.0,-3.0,1.0,25ccad3d-7012-4e7c-859b-01fa16a5425d,36,121,up,rule_based
11.0,11.0,81.0,6.0,9.0,8.0,1.0,0.0,1.0,1.0,3.0,-3.0,0.0,25ccad3d-7012-4e7c-859b-01fa16a5425d,37,121,up,rule_based
11.0,11.0,80.0,6.0,9.0,9.0,1.0,0.0,1.0,1.0,4.0,-3.0,-1.0,25ccad3d-7012-4e7c-859b-01fa16a5425d,38,121,left,rule_based
11.0,11.0,79.0,6.0,8.0,9.0,1.0,1.0,1.0,0.0,3.0,-2.0,-1.0,25ccad3d-7012-4e7c-859b-01fa16a5425d,39,121,down,rule_based
11.0,11.0,78.0,6.0,8.0,8.0,0.0,1.0,1.0,0.0,2.0,-2.0,0.0,25ccad3d-7012-4e7c-859b-01fa16a5425d,40,121,left,rule_based
11.0,11.0,77.0,6.0,7.0,8.0,1.0,1.0,1.0,0.0,1.0,-1.0,0.0,25ccad3d-7012-4e7c-859b-01fa16a5425d,41,121,down,rule_based
11.0,11.0,76.0,6.0,7.0,7.0,0.0,1.0,1.0,1.0,2.0,-1.0,1.0,25ccad3d-7012-4e7c-859b-01fa16a5425d,42,121,right,rule_based
11.0,11.0,75.0,6.0,8.0,7.0,0.0,1.0,0.0,1.0,3.0,-2.0,1.0,25ccad3d-7012-4e7c-859b-01fa16a5425d,43,121,down,rule_based
11.0,11.0,74.0,6.0,8.0,6.0,0.0,1.0,1.0,1.0,4.0,-3.0,-1.0,25ccad3d-7012-4e7c-859b-01fa16a5425d,44,121,right,rule_based
11.0,11.0,73.0,6.0,9.0,6.0,1.0,1.0,0.0,1.0,5.0,-4.0,-1.0,25ccad3d-7012-4e7c-859b-01fa16a5425d,45,121,up,rule_based
11.0,11.0,72.0,6.0,9.0,7.0,1.0,0.0,0.0,1.0,4.0,-3.0,1.0,25ccad3d-7012-4e7c-859b-01fa16a5425d,46,121,up,rule_based
11.0,11.0,71.0,6.0,9.0,8.0,1.0,0.0,1.0,1.0,3.0,-3.0,0.0,25ccad3d-7012-4e7c-859b-01fa16a5425d,47,121,right,rule_based
11.0,11.0,70.0,6.0,10.0,8.0,1.0,1.0,0.0,0.0,4.0,-4.0,0.0,25ccad3d-7012-4e7c-859b-01fa16a5425d,48,121,down,rule_based
11.0,11.0,69.0,6.0,10.0,7.0,0.0,1.0,0.0,0.0,5.0,-4.0,1.0,25ccad3d-7012-4e7c-859b-01fa16a5425d,49,121,down,rule_based
11.0,11.0,68.0,6.0,10.0,6.0,0.0,1.0,0.0,0.0,6.0,-5.0,-1.0,25ccad3d-7012-4e7c-859b-01fa16a5425d,50,121,down,rule_based
11.0,11.0,67.0,6.0,10.0,5.0,0.0,1.0,1.0,0.0,5.0,-5.0,0.0,25ccad3d-7012-4e7c-859b-01fa16a5425d,51,121,down,rule_based
11.0,11.0,66.0,6.0,10.0,4.0,0.0,1.0,1.0,0.0,4.0,-4.0,0.0,25ccad3d-7012-4e7c-859b-01fa16a5425d,52,121,down,rule_based
11.0,11.0,65.0,6.0,10.0,3.0,0.0,1.0,1.0,0.0,5.0,-4.0,1.0,25ccad3d-7012-4e7c-859b-01fa16a5425d,53,121,down,rule_based
11.0,11.0,64.0,6.0,10.0,2.0,0.0,1.0,1.0,0.0,4.0,-4.0,0.0,25ccad3d-7012-4e7c-859b-01fa16a5425d,54,121,down,rule_based
11.0,11.0,63.0,6.0,10.0,1.0,0.0,1.0,1.0,0.0,5.0,-4.0,1.0,25ccad3d-7012-4e7c-859b-01fa16a5425d,55,121,down,rule_based
11.0,11.0,62.0,6.0,10.0,0.0,0.0,0.0,1.0,0.0,6.0,-4.0,2.0,25ccad3d-7012-4e7c-859b-01fa16a5425d,56,121,left,rule_based
11.0,11.0,61.0,6.0,9.0,0.0,1.0,0.0,1.0,0.0,5.0,-3.0,2.0,25ccad3d-7012-4e7c-859b-01fa16a5425d,57,121,up,rule_based
11.0,11.0,60.0,6.0,9.0,1.0,1.0,0.0,1.0,0.0,4.0,-3.0,1.0,25ccad3d-7012-4e7c-859b-01fa16a5425d,58,121,left,rule_based
11.0,11.0,59.0,6.0,8.0,1.0,1.0,1.0,1.0,0.0,3.0,-2.0,1.0,25ccad3d-7012-4e7c-859b-01fa16a5425d,59,121,left,rule_based
11.0,11.0,58.0,6.0,7.0,1.0,1.0,1.0,1.0,0.0,2.0,-1.0,1.0,25ccad3d-7012-4e7c-859b-01fa16a5425d,60,121,left,rule_based
11.0,11.0,57.0,6.0,6.0,1.0,1.0,1.0,1.0,0.0,1.0,0.0,1.0,25ccad3d-7012-4e7c-859b-01fa16a5425d,61,121,left,rule_based
11.0,11.0,56.0,6.0,5.0,1.0,1.0,1.0,1.0,0.0,2.0,1.0,1.0,25ccad3d-7012-4e7c-859b-01fa16a5425d,62,121,up,rule_based
11.0,11.0,55.0,6.0,5.0,2.0,1.0,0.0,1.0,1.0,1.0,1.0,0.0,25ccad3d-7012-4e7c-859b-01fa16a5425d,63,121,up,rule_based
11.0,11.0,54.0,6.0,5.0,3.0,1.0,0.0,1.0,1.0,2.0,0.0,2.0,25ccad3d-7012-4e7c-859b-01fa16a5425d,64,121,up,rule_based
11.0,11.0,53.0,6.0,5.0,4.0,1.0,0.0,1.0,1.0,1.0,0.0,1.0,25ccad3d-7012-4e7c-859b-01fa16a5425d,65,121,up,rule_based
11.0,11.0,100.0,7.0,5.0,5.0,1.0,0.0,1.0,1.0,2.0,1.0,-1.0,25ccad3d-7012-4e7c-859b-01fa16a5425d,66,121,up,rule_based
11.0,11.0,99.0,7.0,5.0,6.0,1.0,0.0,1.0,1.0,3.0,1.0,2.0,25ccad3d-7012-4e7c-859b-01fa16a5425d,67,121,right,rule_based
11.0,11.0,98.0,7.0,6.0,6.0,1.0,1.0,0.0,1.0,2.0,0.0,2.0,25ccad3d-7012-4e7c-859b-01fa16a5425d,68,121,up,rule_based
11.0,11.0,97.0,7.0,6.0,7.0,1.0,0.0,1.0,1.0,1.0,0.0,1.0,25ccad3d-7012-4e7c-859b-01fa16a5425d,69,121,right,rule_based
11.0,11.0,96.0,7.0,7.0,7.0,1.0,1.0,0.0,1.0,2.0,-1.0,1.0,25ccad3d-7012-4e7c-859b-01fa16a5425d,70,121,up,rule_based
11.0,11.0,95.0,7.0,7.0,8.0,1.0,0.0,1.0,1.0,1.0,-1.0,0.0,25ccad3d-7012-4e7c-859b-01fa16a5425d,71,121,up,rule_based
11.0,11.0,94.0,7.0,7.0,9.0,1.0,0.0,1.0,1.0,2.0,-1.0,-1.0,25ccad3d-7012-4e7c-859b-01fa16a5425d,72,121,left,rule_based
11.0,11.0,93.0,7.0,6.0,9.0,1.0,1.0,1.0,0.0,1.0,0.0,-1.0,25ccad3d-7012-4e7c-859b-01fa16a5425d,73,121,down,rule_based
11.0,11.0,100.0,8.0,6.0,8.0,0.0,0.0,1.0,0.0,3.0,-2.0,1.0,25ccad3d-7012-4e7c-859b-01fa16a5425d,74,121,left,rule_based
11.0,11.0,99.0,8.0,5.0,8.0,1.0,1.0,1.0,0.0,2.0,-1.0,1.0,25ccad3d-7012-4e7c-859b-01fa16a5425d,75,121,up,rule_based
11.0,11.0,98.0,8.0,5.0,9.0,1.0,0.0,1.0,0.0,1.0,-1.0,0.0,25ccad3d-7012-4e7c-859b-01fa16a5425d,76,121,left,rule_based
11.0,11.0,100.0,9.0,4.0,9.0,1.0,1.0,1.0,0.0,1.0,-1.0,0.0,25ccad3d-7012-4e7c-859b-01fa16a5425d,77,121,left,rule_based
11.0,11.0,100.0,10.0,3.0,9.0,1.0,1.0,1.0,0.0,2.0,-1.0,-1.0,25ccad3d-7012-4e7c-859b-01fa16a5425d,78,121,left,rule_based
11.0,11.0,99.0,10.0,2.0,9.0,1.0,1.0,1.0,0.0,1.0,0.0,-1.0,25ccad3d-7012-4e7c-859b-01fa16a5425d,79,121,down,rule_based
11.0,11.0,100.0,11.0,2.0,8.0,0.0,1.0,1.0,1.0,1.0,-1.0,0.0,25ccad3d-7012-4e7c-859b-01fa16a5425d,80,121,left,rule_based
11.0,11.0,100.0,12.0,1.0,8.0,1.0,1.0,1.0,0.0,4.0,0.0,-4.0,25ccad3d-7012-4e7c-859b-01fa16a5425d,81,121,down,rule_based
11.0,11.0,99.0,12.0,1.0,7.0,0.0,1.0,1.0,1.0,3.0,0.0,-3.0,25ccad3d-7012-4e7c-859b-01fa16a5425d,82,121,left,rule_based
11.0,11.0,98.0,12.0,0.0,7.0,1.0,1.0,0.0,0.0,4.0,1.0,-3.0,25ccad3d-7012-4e7c-859b-01fa16a5425d,83,121,down,rule_based
11.0,11.0,97.0,12.0,0.0,6.0,0.0,1.0,0.0,1.0,3.0,1.0,-2.0,25ccad3d-7012-4e7c-859b-01fa16a5425d,84,121,right,rule_based
11.0,11.0,96.0,12.0,1.0,6.0,0.0,1.0,0.0,1.0,2.0,0.0,-2.0,25ccad3d-7012-4e7c-859b-01fa16a5425d,85,121,right,rule_based
11.0,11.0,95.0,12.0,2.0,6.0,1.0,1.0,0.0,1.0,3.0,1.0,-2.0,25ccad3d-7012-4e7c-859b-01fa16a5425d,86,121,down,rule_based
11.0,11.0,94.0,12.0,2.0,5.0,0.0,1.0,1.0,1.0,2.0,1.0,-1.0,25ccad3d-7012-4e7c-859b-01fa16a5425d,87,121,left,rule_based
11.0,11.0,93.0,12.0,1.0,5.0,0.0,1.0,1.0,0.0,1.0,0.0,-1.0,25ccad3d-7012-4e7c-859b-01fa16a5425d,88,121,down,rule_based
11.0,11.0,100.0,13.0,1.0,4.0,0.0,1.0,1.0,1.0,2.0,2.0,0.0,25ccad3d-7012-4e7c-859b-01fa16a5425d,89,121,left,rule_based
11.0,11.0,99.0,13.0,0.0,4.0,1.0,1.0,0.0,0.0,2.0,0.0,-2.0,25ccad3d-7012-4e7c-859b-01fa16a5425d,90,121,down,rule_based
11.0,11.0,98.0,13.0,0.0,3.0,0.0,1.0,0.0,1.0,1.0,0.0,-1.0,25ccad3d-7012-4e7c-859b-01fa16a5425d,91,121,right,rule_based
11.0,11.0,97.0,13.0,1.0,3.0,0.0,1.0,0.0,1.0,1.0,1.0,0.0,25ccad3d-7012-4e7c-859b-01fa16a5425d,92,121,down,rule_based
11.0,11.0,96.0,13.0,1.0,2.0,0.0,1.0,1.0,1.0,1.0,-1.0,0.0,25ccad3d-7012-4e7c-859b-01fa16a5425d,93,121,right,rule_based
11.0,11.0,95.0,13.0,2.0,2.0,1.0,1.0,0.0,1.0,1.0,0.0,1.0,25ccad3d-7012-4e7c-859b-01fa16a5425d,94,121,down,rule_based
11.0,11.0,94.0,13.0,2.0,1.0,0.0,1.0,1.0,1.0,2.0,0.0,2.0,25ccad3d-7012-4e7c-859b-01fa16a5425d,95,121,down,rule_based
11.0,11.0,93.0,13.0,2.0,0.0,0.0,0.0,1.0,1.0,3.0,0.0,3.0,25ccad3d-7012-4e7c-859b-01fa16a5425d,96,121,right,rule_based
11.0,11.0,92.0,13.0,3.0,0.0,1.0,0.0,0.0,1.0,2.0,0.0,2.0,25ccad3d-7012-4e7c-859b-01fa16a5425d,97,121,right,rule_based
11.0,11.0,91.0,13.0,4.0,0.0,1.0,0.0,0.0,1.0,3.0,-1.0,2.0,25ccad3d-7012-4e7c-859b-01fa16a5425d,98,121,up,rule_based
11.0,11.0,90.0,13.0,4.0,1.0,1.0,0.0,1.0,1.0,2.0,-1.0,1.0,25ccad3d-7012-4e7c-859b-01fa16a5425d,99,121,up,rule_based
11.0,11.0,89.0,13.0,4.0,2.0,1.0,0.0,1.0,1.0,1.0,-1.0,0.0,25ccad3d-7012-4e7c-859b-01fa16a5425d,100,121,right,rule_based
11.0,11.0,88.0,13.0,5.0,2.0,1.0,1.0,0.0,1.0,1.0,1.0,0.0,25ccad3d-7012-4e7c-859b-01fa16a5425d,101,121,up,rule_based
11.0,11.0,87.0,13.0,5.0,3.0,1.0,0.0,1.0,1.0,2.0,1.0,1.0,25ccad3d-7012-4e7c-859b-01fa16a5425d,102,121,up,rule_based
11.0,11.0,86.0,13.0,5.0,4.0,1.0,0.0,1.0,1.0,1.0,1.0,0.0,25ccad3d-7012-4e7c-859b-01fa16a5425d,103,121,right,rule_based
11.0,11.0,100.0,14.0,6.0,4.0,1.0,1.0,0.0,1.0,2.0,0.0,-2.0,25ccad3d-7012-4e7c-859b-01fa16a5425d,104,121,right,rule_based
11.0,11.0,99.0,14.0,7.0,4.0,1.0,1.0,0.0,1.0,3.0,-1.0,-2.0,25ccad3d-7012-4e7c-859b-01fa16a5425d,105,121,right,rule_based
11.0,11.0,98.0,14.0,8.0,4.0,1.0,1.0,0.0,1.0,2.0,0.0,2.0,25ccad3d-7012-4e7c-859b-01fa16a5425d,106,121,down,rule_based
11.0,11.0,97.0,14.0,8.0,3.0,0.0,1.0,1.0,1.0,3.0,-2.0,-1.0,25ccad3d-7012-4e7c-859b-01fa16a5425d,107,121,left,rule_based
11.0,11.0,96.0,14.0,7.0,3.0,0.0,1.0,1.0,0.0,2.0,-1.0,-1.0,25ccad3d-7012-4e7c-859b-01fa16a5425d,108,121,left,rule_based
11.0,11.0,95.0,14.0,6.0,3.0,0.0,1.0,0.0,0.0,1.0,0.0,-1.0,25ccad3d-7012-4e7c-859b-01fa16a5425d,109,121,down,rule_based
11.0,11.0,100.0,15.0,6.0,2.0,0.0,1.0,0.0,1.0,3.0,-3.0,0.0,25ccad3d-7012-4e7c-859b-01fa16a5425d,110,121,down,rule_based
11.0,11.0,99.0,15.0,6.0,1.0,0.0,1.0,1.0,1.0,4.0,-3.0,1.0,25ccad3d-7012-4e7c-859b-01fa16a5425d,111,121,right,rule_based
11.0,11.0,98.0,15.0,7.0,1.0,1.0,1.0,0.0,1.0,5.0,-4.0,1.0,25ccad3d-7012-4e7c-859b-01fa16a5425d,112,121,down,rule_based
11.0,11.0,97.0,15.0,7.0,0.0,0.0,0.0,1.0,1.0,6.0,-4.0,2.0,25ccad3d-7012-4e7c-859b-01fa16a5425d,113,121,left,rule_based
11.0,11.0,96.0,15.0,6.0,0.0,0.0,0.0,1.0,0.0,5.0,-3.0,2.0,25ccad3d-7012-4e7c-859b-01fa16a5425d,114,121,left,rule_based
11.0,11.0,95.0,15.0,5.0,0.0,1.0,0.0,1.0,0.0,4.0,-2.0,2.0,25ccad3d-7012-4e7c-859b-01fa16a5425d,115,121,up,rule_based
11.0,11.0,94.0,15.0,5.0,1.0,1.0,0.0,1.0,0.0,3.0,-2.0,1.0,25ccad3d-7012-4e7c-859b-01fa16a5425d,116,121,left,rule_based
11.0,11.0,93.0,15.0,4.0,1.0,1.0,1.0,1.0,0.0,2.0,-1.0,1.0,25ccad3d-7012-4e7c-859b-01fa16a5425d,117,121,up,rule_based
11.0,11.0,92.0,15.0,4.0,2.0,1.0,0.0,1.0,1.0,1.0,-1.0,0.0,25ccad3d-7012-4e7c-859b-01fa16a5425d,118,121,up,rule_based
11.0,11.0,91.0,15.0,4.0,3.0,1.0,0.0,1.0,1.0,1.0,0.0,1.0,25ccad3d-7012-4e7c-859b-01fa16a5425d,119,121,right,rule_based
11.0,11.0,90.0,15.0,5.0,3.0,1.0,1.0,0.0,0.0,2.0,-1.0,1.0,25ccad3d-7012-4e7c-859b-01fa16a5425d,120,121,up,rule_based
11.0,11.0,89.0,15.0,5.0,4.0,1.0,0.0,1.0,1.0,1.0,-1.0,0.0,25ccad3d-7012-4e7c-859b-01fa16a5425d,121,121,up,rule_based
11.0,11.0,88.0,15.0,5.0,5.0,1.0,0.0,1.0,1.0,2.0,-1.0,-1.0,25ccad3d-7012-4e7c-859b-01fa16a5425d,122,121,right,rule_based
11.0,11.0,87.0,15.0,6.0,5.0,1.0,1.0,0.0,1.0,3.0,-2.0,-1.0,25ccad3d-7012-4e7c-859b-01fa16a5425d,123,121,down,rule_based
11.0,11.0,86.0,15.0,6.0,4.0,0.0,1.0,0.0,1.0,2.0,-2.0,0.0,25ccad3d-7012-4e7c-859b-01fa16a5425d,124,121,right,rule_based
11.0,11.0,85.0,15.0,7.0,4.0,1.0,1.0,0.0,1.0,3.0,-3.0,0.0,25ccad3d-7012-4e7c-859b-01fa16a5425d,125,121,right,rule_based
11.0,11.0,84.0,15.0,8.0,4.0,1.0,1.0,0.0,1.0,2.0,0.0,2.0,25ccad3d-7012-4e7c-859b-01fa16a5425d,126,121,right,rule_based
11.0,11.0,83.0,15.0,9.0,4.0,1.0,1.0,0.0,1.0,3.0,-1.0,2.0,25ccad3d-7012-4e7c-859b-01fa16a5425d,127,121,down,rule_based
11.0,11.0,82.0,15.0,9.0,3.0,0.0,1.0,1.0,1.0,2.0,1.0,1.0,25ccad3d-7012-4e7c-859b-01fa16a5425d,128,121,left,rule_based
11.0,11.0,81.0,15.0,8.0,3.0,0.0,1.0,1.0,0.0,3.0,0.0,3.0,25ccad3d-7012-4e7c-859b-01fa16a5425d,129,121,down,rule_based
11.0,11.0,80.0,15.0,8.0,2.0,0.0,1.0,1.0,1.0,4.0,0.0,4.0,25ccad3d-7012-4e7c-859b-01fa16a5425d,130,121,left,rule_based
11.0,11.0,79.0,15.0,7.0,2.0,1.0,1.0,1.0,0.0,4.0,-4.0,0.0,25ccad3d-7012-4e7c-859b-01fa16a5425d,131,121,up,rule_based
11.0,11.0,78.0,15.0,7.0,3.0,0.0,0.0,1.0,0.0,4.0,-3.0,1.0,25ccad3d-7012-4e7c-859b-01fa16a5425d,132,121,left,rule_based
11.0,11.0,77.0,15.0,6.0,3.0,0.0,1.0,0.0,0.0,3.0,-2.0,1.0,25ccad3d-7012-4e7c-859b-01fa16a5425d,133,121,down,rule_based
11.0,11.0,76.0,15.0,6.0,2.0,0.0,1.0,1.0,0.0,3.0,-3.0,0.0,25ccad3d-7012-4e7c-859b-01fa16a5425d,134,121,down,rule_based
11.0,11.0,75.0,15.0,6.0,1.0,0.0,1.0,1.0,1.0,4.0,-3.0,1.0,25ccad3d-7012-4e7c-859b-01fa16a5425d,135,121,down,rule_based
11.0,11.0,74.0,15.0,6.0,0.0,0.0,0.0,1.0,1.0,5.0,-3.0,2.0,25ccad3d-7012-4e7c-859b-01fa16a5425d,136,121,left,rule_based
11.0,11.0,73.0,15.0,5.0,0.0,1.0,0.0,1.0,0.0,4.0,-2.0,2.0,25ccad3d-7012-4e7c-859b-01fa16a5425d,137,121,left,rule_based
11.0,11.0,72.0,15.0,4.0,0.0,1.0,0.0,1.0,0.0,3.0,-1.0,2.0,25ccad3d-7012-4e7c-859b-01fa16a5425d,138,121,up,rule_based
11.0,11.0,71.0,15.0,4.0,1.0,1.0,0.0,1.0,1.0,2.0,-1.0,1.0,25ccad3d-7012-4e7c-859b-01fa16a5425d,139,121,right,rule_based
11.0,11.0,70.0,15.0,5.0,1.0,1.0,0.0,0.0,0.0,3.0,-2.0,1.0,25ccad3d-7012-4e7c-859b-01fa16a5425d,140,121,up,rule_based
11.0,11.0,69.0,15.0,5.0,2.0,1.0,0.0,1.0,0.0,2.0,-2.0,0.0,25ccad3d-7012-4e7c-859b-01fa16a5425d,141,121,left,rule_based
11.0,11.0,68.0,15.0,4.0,2.0,1.0,0.0,1.0,0.0,1.0,-1.0,0.0,25ccad3d-7012-4e7c-859b-01fa16a5425d,142,121,up,rule_based
11.0,11.0,67.0,15.0,4.0,3.0,1.0,0.0,1.0,1.0,1.0,0.0,1.0,25ccad3d-7012-4e7c-859b-01fa16a5425d,143,121,up,rule_based
11.0,11.0,100.0,16.0,4.0,4.0,1.0,0.0,1.0,1.0,1.0,-1.0,0.0,25ccad3d-7012-4e7c-859b-01fa16a5425d,144,121,right,rule_based
11.0,11.0,99.0,16.0,5.0,4.0,1.0,1.0,0.0,1.0,2.0,-2.0,0.0,25ccad3d-7012-4e7c-859b-01fa16a5425d,145,121,right,rule_based
11.0,11.0,98.0,16.0,6.0,4.0,1.0,0.0,0.0,1.0,3.0,-3.0,0.0,25ccad3d-7012-4e7c-859b-01fa16a5425d,146,121,right,rule_based
11.0,11.0,97.0,16.0,7.0,4.0,1.0,0.0,0.0,1.0,3.0,1.0,2.0,25ccad3d-7012-4e7c-859b-01fa16a5425d,147,121,right,rule_based
11.0,11.0,96.0,16.0,8.0,4.0,1.0,1.0,0.0,1.0,2.0,0.0,2.0,25ccad3d-7012-4e7c-859b-01fa16a5425d,148,121,down,rule_based
11.0,11.0,95.0,16.0,8.0,3.0,0.0,1.0,1.0,1.0,3.0,0.0,3.0,25ccad3d-7012-4e7c-859b-01fa16a5425d,149,121,down,rule_based
11.0,11.0,94.0,16.0,8.0,2.0,0.0,1.0,1.0,1.0,4.0,0.0,4.0,25ccad3d-7012-4e7c-859b-01fa16a5425d,150,121,down,rule_based
11.0,11.0,93.0,16.0,8.0,1.0,0.0,1.0,1.0,1.0,5.0,0.0,5.0,25ccad3d-7012-4e7c-859b-01fa16a5425d,151,121,down,rule_based
11.0,11.0,92.0,16.0,8.0,0.0,0.0,0.0,1.0,1.0,6.0,0.0,6.0,25ccad3d-7012-4e7c-859b-01fa16a5425d,152,121,left,rule_based
11.0,11.0,91.0,16.0,7.0,0.0,1.0,0.0,1.0,0.0,6.0,-4.0,2.0,25ccad3d-7012-4e7c-859b-01fa16a5425d,153,121,left,rule_based
11.0,11.0,90.0,16.0,6.0,0.0,1.0,0.0,1.0,0.0,5.0,-3.0,2.0,25ccad3d-7012-4e7c-859b-01fa16a5425d,154,121,up,rule_based
11.0,11.0,89.0,16.0,6.0,1.0,1.0,0.0,0.0,1.0,4.0,-3.0,1.0,25ccad3d-7012-4e7c-859b-01fa16a5425d,155,121,up,rule_based
11.0,11.0,88.0,16.0,6.0,2.0,1.0,0.0,0.0,1.0,3.0,-3.0,0.0,25ccad3d-7012-4e7c-859b-01fa16a5425d,156,121,right,rule_based
11.0,11.0,87.0,16.0,7.0,2.0,1.0,1.0,0.0,0.0,4.0,-4.0,0.0,25ccad3d-7012-4e7c-859b-01fa16a5425d,157,121,up,rule_based
11.0,11.0,86.0,16.0,7.0,3.0,0.0,0.0,1.0,0.0,4.0,1.0,3.0,25ccad3d-7012-4e7c-859b-01fa16a5425d,158,121,left,rule_based
11.0,11.0,85.0,16.0,6.0,3.0,0.0,0.0,1.0,0.0,4.0,-3.0,1.0,25ccad3d-7012-4e7c-859b-01fa16a5425d,159,121,left,rule_based
11.0,11.0,84.0,16.0,5.0,3.0,0.0,1.0,1.0,0.0,3.0,-2.0,1.0,25ccad3d-7012-4e7c-859b-01fa16a5425d,160,121,left,rule_based
11.0,11.0,83.0,16.0,4.0,3.0,1.0,1.0,1.0,0.0,2.0,-1.0,1.0,25ccad3d-7012-4e7c-859b-01fa16a5425d,161,121,left,rule_based
11.0,11.0,82.0,16.0,3.0,3.0,1.0,1.0,1.0,0.0,1.0,0.0,1.0,25ccad3d-7012-4e7c-859b-01fa16a5425d,162,121,up,rule_based
11.0,11.0,100.0,17.0,3.0,4.0,1.0,0.0,1.0,1.0,1.0,-1.0,0.0,25ccad3d-7012-4e7c-859b-01fa16a5425d,163,121,left,rule_based
11.0,11.0,100.0,18.0,2.0,4.0,1.0,1.0,1.0,0.0,1.0,0.0,-1.0,25ccad3d-7012-4e7c-859b-01fa16a5425d,164,121,up,rule_based
11.0,11.0,99.0,18.0,2.0,5.0,1.0,0.0,1.0,1.0,2.0,0.0,-2.0,25ccad3d-7012-4e7c-859b-01fa16a5425d,165,121,left,rule_based
11.0,11.0,98.0,18.0,1.0,5.0,1.0,1.0,1.0,0.0,3.0,1.0,-2.0,25ccad3d-7012-4e7c-859b-01fa16a5425d,166,121,up,rule_based
11.0,11.0,97.0,18.0,1.0,6.0,1.0,0.0,1.0,1.0,3.0,3.0,0.0,25ccad3d-7012-4e7c-859b-01fa16a5425d,167,121,left,rule_based
11.0,11.0,96.0,18.0,0.0,6.0,1.0,1.0,0.0,0.0,4.0,0.0,-4.0,25ccad3d-7012-4e7c-859b-01fa16a5425d,168,121,up,rule_based
11.0,11.0,95.0,18.0,0.0,7.0,1.0,0.0,0.0,1.0,5.0,0.0,-5.0,25ccad3d-7012-4e7c-859b-01fa16a5425d,169,121,right,rule_based
11.0,11.0,94.0,18.0,1.0,7.0,1.0,0.0,0.0,1.0,4.0,3.0,-1.0,25ccad3d-7012-4e7c-859b-01fa16a5425d,170,121,right,rule_based
11.0,11.0,93.0,18.0,2.0,7.0,1.0,1.0,0.0,1.0,3.0,2.0,-1.0,25ccad3d-7012-4e7c-859b-01fa16a5425d,171,121,up,rule_based
11.0,11.0,92.0,18.0,2.0,8.0,1.0,0.0,1.0,1.0,4.0,2.0,-2.0,25ccad3d-7012-4e7c-859b-01fa16a5425d,172,121,right,rule_based
11.0,11.0,91.0,18.0,3.0,8.0,1.0,1.0,0.0,1.0,3.0,1.0,-2.0,25ccad3d-7012-4e7c-859b-01fa16a5425d,173,121,up,rule_based
11.0,11.0,90.0,18.0,3.0,9.0,1.0,0.0,1.0,1.0,4.0,1.0,-3.0,25ccad3d-7012-4e7c-859b-01fa16a5425d,174,121,left,rule_based
11.0,11.0,89.0,18.0,2.0,9.0,1.0,0.0,1.0,0.0,5.0,2.0,-3.0,25ccad3d-7012-4e7c-859b-01fa16a5425d,175,121,left,rule_based
11.0,11.0,88.0,18.0,1.0,9.0,1.0,1.0,1.0,0.0,6.0,3.0,-3.0,25ccad3d-7012-4e7c-859b-01fa16a5425d,176,121,left,rule_based
11.0,11.0,87.0,18.0,0.0,9.0,1.0,1.0,0.0,0.0,7.0,0.0,-7.0,25ccad3d-7012-4e7c-859b-01fa16a5425d,177,121,up,rule_based
11.0,11.0,86.0,18.0,0.0,10.0,0.0,0.0,0.0,1.0,8.0,0.0,-8.0,25ccad3d-7012-4e7c-859b-01fa16a5425d,178,121,right,rule_based
11.0,11.0,85.0,18.0,1.0,10.0,0.0,0.0,0.0,1.0,7.0,3.0,-4.0,25ccad3d-7012-4e7c-859b-01fa16a5425d,179,121,right,rule_based
11.0,11.0,84.0,18.0,2.0,10.0,0.0,0.0,0.0,1.0,6.0,2.0,-4.0,25ccad3d-7012-4e7c-859b-01fa16a5425d,180,121,right,rule_based
11.0,11.0,83.0,18.0,3.0,10.0,0.0,0.0,0.0,1.0,5.0,1.0,-4.0,25ccad3d-7012-4e7c-859b-01fa16a5425d,181,121,right,rule_based
11.0,11.0,82.0,18.0,4.0,10.0,0.0,1.0,0.0,1.0,4.0,0.0,-4.0,25ccad3d-7012-4e7c-859b-01fa16a5425d,182,121,down,rule_based
11.0,11.0,81.0,18.0,4.0,9.0,0.0,1.0,0.0,1.0,3.0,0.0,-3.0,25ccad3d-7012-4e7c-859b-01fa16a5425d,183,121,down,rule_based
11.0,11.0,80.0,18.0,4.0,8.0,0.0,1.0,0.0,1.0,2.0,0.0,-2.0,25ccad3d-7012-4e7c-859b-01fa16a5425d,184,121,down,rule_based
11.0,11.0,79.0,18.0,4.0,7.0,0.0,1.0,1.0,1.0,1.0,0.0,-1.0,25ccad3d-7012-4e7c-859b-01fa16a5425d,185,121,left,rule_based
11.0,11.0,78.0,18.0,3.0,7.0,0.0,1.0,0.0,0.0,2.0,1.0,-1.0,25ccad3d-7012-4e7c-859b-01fa16a5425d,186,121,down,rule_based
11.0,11.0,77.0,18.0,3.0,6.0,0.0,1.0,1.0,1.0,1.0,1.0,0.0,25ccad3d-7012-4e7c-859b-01fa16a5425d,187,121,left,rule_based
11.0,11.0,76.0,18.0,2.0,6.0,0.0,1.0,1.0,0.0,2.0,2.0,0.0,25ccad3d-7012-4e7c-859b-01fa16a5425d,188,121,down,rule_based
11.0,11.0,75.0,18.0,2.0,5.0,0.0,1.0,1.0,1.0,2.0,0.0,-2.0,25ccad3d-7012-4e7c-859b-01fa16a5425d,189,121,right,rule_based
11.0,11.0,74.0,18.0,3.0,5.0,0.0,1.0,0.0,1.0,2.0,1.0,1.0,25ccad3d-7012-4e7c-859b-01fa16a5425d,190,121,down,rule_based
11.0,11.0,73.0,18.0,3.0,4.0,0.0,1.0,1.0,1.0,1.0,1.0,0.0,25ccad3d-7012-4e7c-859b-01fa16a5425d,191,121,left,rule_based
11.0,11.0,72.0,18.0,2.0,4.0,0.0,1.0,1.0,0.0,1.0,0.0,-1.0,25ccad3d-7012-4e7c-859b-01fa16a5425d,192,121,down,rule_based
11.0,11.0,100.0,19.0,2.0,3.0,0.0,1.0,1.0,1.0,2.0,1.0,-1.0,25ccad3d-7012-4e7c-859b-01fa16a5425d,193,121,right,rule_based
11.0,11.0,99.0,19.0,3.0,3.0,0.0,1.0,0.0,1.0,1.0,0.0,-1.0,25ccad3d-7012-4e7c-859b-01fa16a5425d,194,121,down,rule_based
11.0,11.0,100.0,20.0,3.0,2.0,0.0,1.0,1.0,1.0,3.0,-3.0,0.0,25ccad3d-7012-4e7c-859b-01fa16a5425d,195,121,right,rule_based
11.0,11.0,99.0,20.0,4.0,2.0,1.0,1.0,0.0,1.0,2.0,0.0,2.0,25ccad3d-7012-4e7c-859b-01fa16a5425d,196,121,down,rule_based
11.0,11.0,98.0,20.0,4.0,1.0,0.0,1.0,1.0,1.0,1.0,0.0,-1.0,25ccad3d-7012-4e7c-859b-01fa16a5425d,197,121,right,rule_based
11.0,11.0,97.0,20.0,5.0,1.0,1.0,1.0,0.0,1.0,2.0,-1.0,-1.0,25ccad3d-7012-4e7c-859b-01fa16a5425d,198,121,up,rule_based
11.0,11.0,96.0,20.0,5.0,2.0,1.0,0.0,0.0,1.0,3.0,-1.0,2.0,25ccad3d-7012-4e7c-859b-01fa16a5425d,199,121,right,rule_based
11.0,11.0,95.0,20.0,6.0,2.0,1.0,1.0,0.0,1.0,4.0,-2.0,2.0,25ccad3d-7012-4e7c-859b-01fa16a5425d,200,121,right,rule_based
11.0,11.0,94.0,20.0,7.0,2.0,1.0,1.0,0.0,1.0,5.0,1.0,4.0,25ccad3d-7012-4e7c-859b-01fa16a5425d,201,121,right,rule_based
11.0,11.0,93.0,20.0,8.0,2.0,1.0,1.0,0.0,1.0,4.0,0.0,4.0,25ccad3d-7012-4e7c-859b-01fa16a5425d,202,121,up,rule_based
11.0,11.0,92.0,20.0,8.0,3.0,1.0,0.0,1.0,1.0,3.0,0.0,3.0,25ccad3d-7012-4e7c-859b-01fa16a5425d,203,121,up,rule_based
11.0,11.0,91.0,20.0,8.0,4.0,1.0,0.0,1.0,1.0,2.0,0.0,2.0,25ccad3d-7012-4e7c-859b-01fa16a5425d,204,121,right,rule_based
11.0,11.0,90.0,20.0,9.0,4.0,1.0,1.0,0.0,1.0,1.0,1.0,0.0,25ccad3d-7012-4e7c-859b-01fa16a5425d,205,121,down,rule_based
11.0,11.0,89.0,20.0,9.0,3.0,0.0,1.0,0.0,1.0,2.0,1.0,1.0,25ccad3d-7012-4e7c-859b-01fa16a5425d,206,121,right,rule_based
11.0,11.0,88.0,20.0,10.0,3.0,1.0,1.0,0.0,0.0,1.0,0.0,1.0,25ccad3d-7012-4e7c-859b-01fa16a5425d,207,121,down,rule_based
11.0,11.0,87.0,20.0,10.0,2.0,0.0,1.0,1.0,0.0,2.0,0.0,2.0,25ccad3d-7012-4e7c-859b-01fa16a5425d,208,121,left,rule_based
11.0,11.0,86.0,20.0,9.0,2.0,0.0,1.0,0.0,0.0,3.0,1.0,2.0,25ccad3d-7012-4e7c-859b-01fa16a5425d,209,121,down,rule_based
11.0,11.0,85.0,20.0,9.0,1.0,0.0,1.0,1.0,1.0,4.0,1.0,3.0,25ccad3d-7012-4e7c-859b-01fa16a5425d,210,121,right,rule_based
11.0,11.0,84.0,20.0,10.0,1.0,0.0,1.0,0.0,0.0,3.0,0.0,3.0,25ccad3d-7012-4e7c-859b-01fa16a5425d,211,121,down,rule_based
11.0,11.0,83.0,20.0,10.0,0.0,0.0,0.0,1.0,0.0,4.0,0.0,4.0,25ccad3d-7012-4e7c-859b-01fa16a5425d,212,121,left,rule_based
11.0,11.0,82.0,20.0,9.0,0.0,0.0,0.0,1.0,0.0,5.0,1.0,4.0,25ccad3d-7012-4e7c-859b-01fa16a5425d,213,121,left,rule_based
11.0,11.0,81.0,20.0,8.0,0.0,1.0,0.0,1.0,0.0,4.0,-4.0,0.0,25ccad3d-7012-4e7c-859b-01fa16a5425d,214,121,up,rule_based
11.0,11.0,80.0,20.0,8.0,1.0,0.0,0.0,1.0,0.0,5.0,0.0,5.0,25ccad3d-7012-4e7c-859b-01fa16a5425d,215,121,left,rule_based
11.0,11.0,79.0,20.0,7.0,1.0,0.0,1.0,1.0,0.0,4.0,-3.0,-1.0,25ccad3d-7012-4e7c-859b-01fa16a5425d,216,121,left,rule_based
11.0,11.0,78.0,20.0,6.0,1.0,0.0,1.0,0.0,0.0,3.0,-2.0,-1.0,25ccad3d-7012-4e7c-859b-01fa16a5425d,217,121,down,rule_based
11.0,11.0,77.0,20.0,6.0,0.0,0.0,0.0,1.0,1.0,2.0,-2.0,0.0,25ccad3d-7012-4e7c-859b-01fa16a5425d,218,121,left,rule_based
11.0,11.0,76.0,20.0,5.0,0.0,1.0,0.0,1.0,0.0,1.0,-1.0,0.0,25ccad3d-7012-4e7c-859b-01fa16a5425d,219,121,up,rule_based
11.0,11.0,75.0,20.0,5.0,1.0,1.0,0.0,1.0,0.0,2.0,-1.0,-1.0,25ccad3d-7012-4e7c-859b-01fa16a5425d,220,121,left,rule_based
11.0,11.0,74.0,20.0,4.0,1.0,1.0,1.0,1.0,0.0,1.0,0.0,-1.0,25ccad3d-7012-4e7c-859b-01fa16a5425d,221,121,left,rule_based
11.0,11.0,73.0,20.0,3.0,1.0,1.0,1.0,1.0,0.0,1.0,0.0,-1.0,25ccad3d-7012-4e7c-859b-01fa16a5425d,222,121,left,rule_based
11.0,11.0,72.0,20.0,2.0,1.0,1.0,1.0,1.0,0.0,2.0,1.0,-1.0,25ccad3d-7012-4e7c-859b-01fa16a5425d,223,121,up,rule_based
11.0,11.0,71.0,20.0,2.0,2.0,1.0,0.0,1.0,1.0,2.0,-2.0,0.0,25ccad3d-7012-4e7c-859b-01fa16a5425d,224,121,left,rule_based
11.0,11.0,70.0,20.0,1.0,2.0,1.0,1.0,1.0,0.0,1.0,-1.0,0.0,25ccad3d-7012-4e7c-859b-01fa16a5425d,225,121,up,rule_based
11.0,11.0,69.0,20.0,1.0,3.0,1.0,0.0,1.0,1.0,2.0,-1.0,-1.0,25ccad3d-7012-4e7c-859b-01fa16a5425d,226,121,right,rule_based
11.0,11.0,68.0,20.0,2.0,3.0,1.0,0.0,0.0,1.0,3.0,-2.0,-1.0,25ccad3d-7012-4e7c-859b-01fa16a5425d,227,121,up,rule_based
11.0,11.0,67.0,20.0,2.0,4.0,1.0,0.0,1.0,1.0,2.0,2.0,0.0,25ccad3d-7012-4e7c-859b-01fa16a5425d,228,121,left,rule_based
11.0,11.0,66.0,20.0,1.0,4.0,1.0,0.0,1.0,0.0,3.0,-1.0,-2.0,25ccad3d-7012-4e7c-859b-01fa16a5425d,229,121,left,rule_based
11.0,11.0,65.0,20.0,0.0,4.0,1.0,1.0,0.0,0.0,2.0,0.0,-2.0,25ccad3d-7012-4e7c-859b-01fa16a5425d,230,121,up,rule_based
11.0,11.0,64.0,20.0,0.0,5.0,1.0,0.0,0.0,1.0,3.0,0.0,-3.0,25ccad3d-7012-4e7c-859b-01fa16a5425d,231,121,up,rule_based
11.0,11.0,63.0,20.0,0.0,6.0,1.0,0.0,0.0,1.0,2.0,0.0,2.0,25ccad3d-7012-4e7c-859b-01fa16a5425d,232,121,up,rule_based
11.0,11.0,62.0,20.0,0.0,7.0,1.0,0.0,0.0,1.0,1.0,0.0,1.0,25ccad3d-7012-4e7c-859b-01fa16a5425d,233,121,up,rule_based
11.0,11.0,100.0,21.0,0.0,8.0,1.0,0.0,0.0,1.0,6.0,0.0,-6.0,25ccad3d-7012-4e7c-859b-01fa16a5425d,234,121,right,rule_based
11.0,11.0,99.0,21.0,1.0,8.0,1.0,1.0,0.0,1.0,5.0,3.0,-2.0,25ccad3d-7012-4e7c-859b-01fa16a5425d,235,121,up,rule_based
11.0,11.0,98.0,21.0,1.0,9.0,1.0,0.0,1.0,1.0,6.0,3.0,-3.0,25ccad3d-7012-4e7c-859b-01fa16a5425d,236,121,right,rule_based
11.0,11.0,97.0,21.0,2.0,9.0,1.0,1.0,0.0,1.0,5.0,2.0,-3.0,25ccad3d-7012-4e7c-859b-01fa16a5425d,237,121,down,rule_based
11.0,11.0,96.0,21.0,2.0,8.0,0.0,1.0,0.0,1.0,4.0,2.0,-2.0,25ccad3d-7012-4e7c-859b-01fa16a5425d,238,121,down,rule_based
11.0,11.0,95.0,21.0,2.0,7.0,0.0,1.0,1.0,1.0,3.0,2.0,-1.0,25ccad3d-7012-4e7c-859b-01fa16a5425d,239,121,down,rule_based
11.0,11.0,94.0,21.0,2.0,6.0,0.0,1.0,1.0,1.0,2.0,2.0,0.0,25ccad3d-7012-4e7c-859b-01fa16a5425d,240,121,left,rule_based
11.0,11.0,93.0,21.0,1.0,6.0,1.0,1.0,0.0,0.0,3.0,3.0,0.0,25ccad3d-7012-4e7c-859b-01fa16a5425d,241,121,down,rule_based
11.0,11.0,92.0,21.0,1.0,5.0,0.0,0.0,0.0,1.0,3.0,3.0,0.0,25ccad3d-7012-4e7c-859b-01fa16a5425d,242,121,right,rule_based
11.0,11.0,91.0,21.0,2.0,5.0,0.0,0.0,0.0,1.0,2.0,2.0,0.0,25ccad3d-7012-4e7c-859b-01fa16a5425d,243,121,right,rule_based
11.0,11.0,90.0,21.0,3.0,5.0,1.0,1.0,0.0,1.0,1.0,1.0,0.0,25ccad3d-7012-4e7c-859b-01fa16a5425d,244,121,down,rule_based
11.0,11.0,89.0,21.0,3.0,4.0,0.0,1.0,0.0,1.0,1.0,1.0,0.0,25ccad3d-7012-4e7c-859b-01fa16a5425d,245,121,down,rule_based
11.0,11.0,88.0,21.0,3.0,3.0,0.0,1.0,0.0,1.0,2.0,1.0,1.0,25ccad3d-7012-4e7c-859b-01fa16a5425d,246,121,down,rule_based
11.0,11.0,87.0,21.0,3.0,2.0,0.0,1.0,1.0,1.0,2.0,0.0,-2.0,25ccad3d-7012-4e7c-859b-01fa16a5425d,247,121,left,rule_based
11.0,11.0,86.0,21.0,2.0,2.0,1.0,1.0,1.0,0.0,2.0,-2.0,0.0,25ccad3d-7012-4e7c-859b-01fa16a5425d,248,121,up,rule_based
11.0,11.0,85.0,21.0,2.0,3.0,1.0,0.0,1.0,0.0,3.0,-2.0,-1.0,25ccad3d-7012-4e7c-859b-01fa16a5425d,249,121,up,rule_based
11.0,11.0,84.0,21.0,2.0,4.0,0.0,0.0,1.0,0.0,2.0,2.0,0.0,25ccad3d-7012-4e7c-859b-01fa16a5425d,250,121,left,rule_based
11.0,11.0,83.0,21.0,1.0,4.0,0.0,1.0,1.0,0.0,3.0,-1.0,-2.0,25ccad3d-7012-4e7c-859b-01fa16a5425d,251,121,down,rule_based
11.0,11.0,82.0,21.0,1.0,3.0,0.0,1.0,1.0,0.0,2.0,-1.0,-1.0,25ccad3d-7012-4e7c-859b-01fa16a5425d,252,121,down,rule_based
11.0,11.0,81.0,21.0,1.0,2.0,0.0,1.0,1.0,0.0,1.0,-1.0,0.0,25ccad3d-7012-4e7c-859b-01fa16a5425d,253,121,down,rule_based
11.0,11.0,80.0,21.0,1.0,1.0,0.0,1.0,1.0,1.0,1.0,1.0,0.0,25ccad3d-7012-4e7c-859b-01fa16a5425d,254,121,right,rule_based
11.0,11.0,100.0,22.0,2.0,1.0,0.0,1.0,0.0,1.0,2.0,1.0,-1.0,25ccad3d-7012-4e7c-859b-01fa16a5425d,255,121,down,rule_based
11.0,11.0,99.0,22.0,2.0,0.0,0.0,0.0,1.0,1.0,1.0,1.0,0.0,25ccad3d-7012-4e7c-859b-01fa16a5425d,256,121,right,rule_based
11.0,11.0,100.0,23.0,3.0,0.0,1.0,0.0,0.0,1.0,1.0,1.0,0.0,25ccad3d-7012-4e7c-859b-01fa16a5425d,257,121,up,rule_based
11.0,11.0,99.0,23.0,3.0,1.0,0.0,0.0,0.0,1.0,2.0,1.0,-1.0,25ccad3d-7012-4e7c-859b-01fa16a5425d,258,121,right,rule_based
11.0,11.0,98.0,23.0,4.0,1.0,1.0,1.0,0.0,1.0,1.0,0.0,-1.0,25ccad3d-7012-4e7c-859b-01fa16a5425d,259,121,down,rule_based
11.0,11.0,100.0,24.0,4.0,0.0,0.0,0.0,0.0,1.0,3.0,3.0,0.0,25ccad3d-7012-4e7c-859b-01fa16a5425d,260,121,right,rule_based
11.0,11.0,99.0,24.0,5.0,0.0,1.0,0.0,0.0,1.0,2.0,2.0,0.0,25ccad3d-7012-4e7c-859b-01fa16a5425d,261,121,right,rule_based
11.0,11.0,98.0,24.0,6.0,0.0,1.0,0.0,0.0,1.0,1.0,1.0,0.0,25ccad3d-7012-4e7c-859b-01fa16a5425d,262,121,up,rule_based
11.0,11.0,97.0,24.0,6.0,1.0,1.0,0.0,1.0,1.0,2.0,1.0,-1.0,25ccad3d-7012-4e7c-859b-01fa16a5425d,263,121,up,rule_based
11.0,11.0,96.0,24.0,6.0,2.0,1.0,0.0,1.0,1.0,2.0,0.0,2.0,25ccad3d-7012-4e7c-859b-01fa16a5425d,264,121,right,rule_based
11.0,11.0,95.0,24.0,7.0,2.0,1.0,1.0,0.0,1.0,2.0,0.0,-2.0,25ccad3d-7012-4e7c-859b-01fa16a5425d,265,121,down,rule_based
11.0,11.0,94.0,24.0,7.0,1.0,0.0,1.0,0.0,1.0,1.0,0.0,-1.0,25ccad3d-7012-4e7c-859b-01fa16a5425d,266,121,right,rule_based
11.0,11.0,93.0,24.0,8.0,1.0,1.0,1.0,0.0,1.0,2.0,-1.0,-1.0,25ccad3d-7012-4e7c-859b-01fa16a5425d,267,121,up,rule_based
11.0,11.0,92.0,24.0,8.0,2.0,1.0,0.0,0.0,1.0,3.0,0.0,3.0,25ccad3d-7012-4e7c-859b-01fa16a5425d,268,121,up,rule_based
11.0,11.0,91.0,24.0,8.0,3.0,1.0,0.0,1.0,1.0,2.0,0.0,2.0,25ccad3d-7012-4e7c-859b-01fa16a5425d,269,121,right,rule_based
11.0,11.0,90.0,24.0,9.0,3.0,1.0,1.0,0.0,1.0,2.0,1.0,1.0,25ccad3d-7012-4e7c-859b-01fa16a5425d,270,121,up,rule_based
11.0,11.0,89.0,24.0,9.0,4.0,1.0,0.0,1.0,1.0,1.0,1.0,0.0,25ccad3d-7012-4e7c-859b-01fa16a5425d,271,121,up,rule_based
11.0,11.0,88.0,24.0,9.0,5.0,1.0,0.0,1.0,1.0,1.0,-1.0,0.0,25ccad3d-7012-4e7c-859b-01fa16a5425d,272,121,right,rule_based
11.0,11.0,87.0,24.0,10.0,5.0,1.0,1.0,0.0,0.0,1.0,0.0,-1.0,25ccad3d-7012-4e7c-859b-01fa16a5425d,273,121,up,rule_based
11.0,11.0,100.0,25.0,10.0,6.0,1.0,0.0,1.0,0.0,2.0,-2.0,0.0,25ccad3d-7012-4e7c-859b-01fa16a5425d,274,121,left,rule_based
11.0,11.0,99.0,25.0,9.0,6.0,1.0,0.0,1.0,0.0,1.0,-1.0,0.0,25ccad3d-7012-4e7c-859b-01fa16a5425d,275,121,up,rule_based
11.0,11.0,98.0,25.0,9.0,7.0,1.0,0.0,1.0,1.0,1.0,0.0,1.0,25ccad3d-7012-4e7c-859b-01fa16a5425d,276,121,right,rule_based
11.0,11.0,97.0,25.0,10.0,7.0,1.0,0.0,0.0,0.0,2.0,-1.0,1.0,25ccad3d-7012-4e7c-859b-01fa16a5425d,277,121,up,rule_based
11.0,11.0,96.0,25.0,10.0,8.0,1.0,0.0,1.0,0.0,1.0,-1.0,0.0,25ccad3d-7012-4e7c-859b-01fa16a5425d,278,121,left,rule_based
11.0,11.0,100.0,26.0,9.0,8.0,1.0,0.0,1.0,0.0,1.0,0.0,1.0,25ccad3d-7012-4e7c-859b-01fa16a5425d,279,121,left,rule_based
11.0,11.0,99.0,26.0,8.0,8.0,1.0,1.0,1.0,0.0,2.0,0.0,-2.0,25ccad3d-7012-4e7c-859b-01fa16a5425d,280,121,down,rule_based
11.0,11.0,98.0,26.0,8.0,7.0,0.0,1.0,1.0,0.0,1.0,0.0,-1.0,25ccad3d-7012-4e7c-859b-01fa16a5425d,281,121,left,rule_based
11.0,11.0,100.0,27.0,7.0,7.0,1.0,1.0,1.0,0.0,2.0,1.0,-1.0,25ccad3d-7012-4e7c-859b-01fa16a5425d,282,121,left,rule_based
11.0,11.0,99.0,27.0,6.0,7.0,1.0,1.0,1.0,0.0,3.0,2.0,-1.0,25ccad3d-7012-4e7c-859b-01fa16a5425d,283,121,up,rule_based
11.0,11.0,98.0,27.0,6.0,8.0,1.0,0.0,1.0,1.0,4.0,2.0,-2.0,25ccad3d-7012-4e7c-859b-01fa16a5425d,284,121,left,rule_based
11.0,11.0,97.0,27.0,5.0,8.0,1.0,1.0,1.0,0.0,3.0,-1.0,-2.0,25ccad3d-7012-4e7c-859b-01fa16a5425d,285,121,down,rule_based
11.0,11.0,96.0,27.0,5.0,7.0,0.0,1.0,1.0,0.0,2.0,-1.0,-1.0,25ccad3d-7012-4e7c-859b-01fa16a5425d,286,121,down,rule_based
11.0,11.0,95.0,27.0,5.0,6.0,0.0,1.0,1.0,1.0,1.0,-1.0,0.0,25ccad3d-7012-4e7c-859b-01fa16a5425d,287,121,left,rule_based
11.0,11.0,100.0,28.0,4.0,6.0,1.0,1.0,1.0,0.0,1.0,0.0,-1.0,25ccad3d-7012-4e7c-859b-01fa16a5425d,288,121,down,rule_based
11.0,11.0,100.0,29.0,4.0,5.0,0.0,1.0,1.0,1.0,1.0,0.0,-1.0,25ccad3d-7012-4e7c-859b-01fa16a5425d,289,121,left,rule_based
11.0,11.0,99.0,29.0,3.0,5.0,1.0,1.0,1.0,0.0,2.0,1.0,-1.0,25ccad3d-7012-4e7c-859b-01fa16a5425d,290,121,up,rule_based
11.0,11.0,98.0,29.0,3.0,6.0,1.0,0.0,1.0,0.0,3.0,1.0,-2.0,25ccad3d-7012-4e7c-859b-01fa16a5425d,291,121,left,rule_based
11.0,11.0,97.0,29.0,2.0,6.0,1.0,1.0,1.0,0.0,4.0,2.0,-2.0,25ccad3d-7012-4e7c-859b-01fa16a5425d,292,121,up,rule_based
11.0,11.0,96.0,29.0,2.0,7.0,1.0,0.0,1.0,1.0,4.0,-2.0,2.0,25ccad3d-7012-4e7c-859b-01fa16a5425d,293,121,up,rule_based
11.0,11.0,95.0,29.0,2.0,8.0,1.0,0.0,1.0,1.0,3.0,-2.0,1.0,25ccad3d-7012-4e7c-859b-01fa16a5425d,294,121,right,rule_based
11.0,11.0,94.0,29.0,3.0,8.0,1.0,1.0,0.0,1.0,4.0,-3.0,1.0,25ccad3d-7012-4e7c-859b-01fa16a5425d,295,121,up,rule_based
11.0,11.0,93.0,29.0,3.0,9.0,1.0,0.0,1.0,1.0,3.0,-3.0,0.0,25ccad3d-7012-4e7c-859b-01fa16a5425d,296,121,up,rule_based
11.0,11.0,92.0,29.0,3.0,10.0,0.0,0.0,1.0,1.0,2.0,-2.0,0.0,25ccad3d-7012-4e7c-859b-01fa16a5425d,297,121,left,rule_based
11.0,11.0,91.0,29.0,2.0,10.0,0.0,1.0,1.0,0.0,1.0,-1.0,0.0,25ccad3d-7012-4e7c-859b-01fa16a5425d,298,121,down,rule_based
11.0,11.0,90.0,29.0,2.0,9.0,0.0,0.0,1.0,0.0,2.0,-2.0,0.0,25ccad3d-7012-4e7c-859b-01fa16a5425d,299,121,left,rule_based
11.0,11.0,89.0,29.0,1.0,9.0,1.0,1.0,1.0,0.0,1.0,-1.0,0.0,25ccad3d-7012-4e7c-859b-01fa16a5425d,300,121,up,rule_based
11.0,11.0,100.0,30.0,1.0,10.0,0.0,0.0,1.0,0.0,1.0,-1.0,0.0,25ccad3d-7012-4e7c-859b-01fa16a5425d,301,121,left,rule_based
11.0,11.0,100.0,31.0,0.0,10.0,0.0,1.0,0.0,0.0,1.0,0.0,-1.0,25ccad3d-7012-4e7c-859b-01fa16a5425d,302,121,down,rule_based
11.0,11.0,100.0,32.0,0.0,9.0,0.0,1.0,0.0,0.0,7.0,0.0,-7.0,25ccad3d-7012-4e7c-859b-01fa16a5425d,303,121,down,rule_based
11.0,11.0,99.0,32.0,0.0,8.0,0.0,1.0,0.0,1.0,6.0,0.0,-6.0,25ccad3d-7012-4e7c-859b-01fa16a5425d,304,121,down,rule_based
11.0,11.0,98.0,32.0,0.0,7.0,0.0,1.0,0.0,1.0,5.0,0.0,-5.0,25ccad3d-7012-4e7c-859b-01fa16a5425d,305,121,down,rule_based
11.0,11.0,97.0,32.0,0.0,6.0,0.0,1.0,0.0,1.0,4.0,0.0,-4.0,25ccad3d-7012-4e7c-859b-01fa16a5425d,306,121,right,rule_based
11.0,11.0,96.0,32.0,1.0,6.0,1.0,1.0,0.0,0.0,4.0,1.0,-3.0,25ccad3d-7012-4e7c-859b-01fa16a5425d,307,121,up,rule_based
11.0,11.0,95.0,32.0,1.0,7.0,1.0,0.0,0.0,0.0,5.0,1.0,-4.0,25ccad3d-7012-4e7c-859b-01fa16a5425d,308,121,up,rule_based
11.0,11.0,100.0,3.0,9.0,9.0,1.0,1.0,1.0,1.0,2.0,1.0,-1.0,f2206092-8c82-4eb1-8b61-42c4f258c335,0,122,down,rule_based
11.0,11.0,99.0,3.0,9.0,8.0,0.0,1.0,1.0,1.0,1.0,1.0,0.0,f2206092-8c82-4eb1-8b61-42c4f258c335,1,122,right,rule_based
11.0,11.0,100.0,4.0,10.0,8.0,1.0,1.0,0.0,0.0,8.0,-5.0,-3.0,f2206092-8c82-4eb1-8b61-42c4f258c335,2,122,down,rule_based
11.0,11.0,99.0,4.0,10.0,7.0,0.0,1.0,1.0,0.0,6.0,-2.0,-4.0,f2206092-8c82-4eb1-8b61-42c4f258c335,3,122,down,rule_based
11.0,11.0,98.0,4.0,10.0,6.0,0.0,1.0,1.0,0.0,5.0,-2.0,-3.0,f2206092-8c82-4eb1-8b61-42c4f258c335,4,122,left,rule_based
11.0,11.0,97.0,4.0,9.0,6.0,1.0,1.0,1.0,0.0,4.0,-1.0,-3.0,f2206092-8c82-4eb1-8b61-42c4f258c335,5,122,up,rule_based
11.0,11.0,96.0,4.0,9.0,7.0,1.0,0.0,1.0,0.0,5.0,-1.0,-4.0,f2206092-8c82-4eb1-8b61-42c4f258c335,6,122,left,rule_based
11.0,11.0,95.0,4.0,8.0,7.0,1.0,1.0,1.0,0.0,4.0,0.0,-4.0,f2206092-8c82-4eb1-8b61-42c4f258c335,7,122,left,rule_based
11.0,11.0,94.0,4.0,7.0,7.0,1.0,1.0,1.0,0.0,4.0,-2.0,-2.0,f2206092-8c82-4eb1-8b61-42c4f258c335,8,122,left,rule_based
11.0,11.0,93.0,4.0,6.0,7.0,1.0,1.0,1.0,0.0,3.0,-1.0,-2.0,f2206092-8c82-4eb1-8b61-42c4f258c335,9,122,left,rule_based
11.0,11.0,92.0,4.0,5.0,7.0,1.0,1.0,1.0,0.0,2.0,0.0,-2.0,f2206092-8c82-4eb1-8b61-42c4f258c335,10,122,up,rule_based
11.0,11.0,91.0,4.0,5.0,8.0,1.0,0.0,1.0,1.0,3.0,0.0,-3.0,f2206092-8c82-4eb1-8b61-42c4f258c335,11,122,up,rule_based
11.0,11.0,90.0,4.0,5.0,9.0,1.0,0.0,1.0,1.0,2.0,-2.0,0.0,f2206092-8c82-4eb1-8b61-42c4f258c335,12,122,left,rule_based
11.0,11.0,89.0,4.0,4.0,9.0,1.0,1.0,1.0,0.0,1.0,-1.0,0.0,f2206092-8c82-4eb1-8b61-42c4f258c335,13,122,down,rule_based
11.0,11.0,88.0,4.0,4.0,8.0,0.0,1.0,1.0,0.0,2.0,-1.0,-1.0,f2206092-8c82-4eb1-8b61-42c4f258c335,14,122,down,rule_based
11.0,11.0,87.0,4.0,4.0,7.0,0.0,1.0,1.0,1.0,1.0,-1.0,0.0,f2206092-8c82-4eb1-8b61-42c4f258c335,15,122,right,rule_based
11.0,11.0,86.0,4.0,5.0,7.0,1.0,1.0,0.0,1.0,2.0,0.0,-2.0,f2206092-8c82-4eb1-8b61-42c4f258c335,16,122,down,rule_based
11.0,11.0,85.0,4.0,5.0,6.0,0.0,1.0,1.0,1.0,1.0,0.0,-1.0,f2206092-8c82-4eb1-8b61-42c4f258c335,17,122,left,rule_based
11.0,11.0,84.0,4.0,4.0,6.0,0.0,1.0,1.0,0.0,2.0,1.0,-1.0,f2206092-8c82-4eb1-8b61-42c4f258c335,18,122,down,rule_based
11.0,11.0,83.0,4.0,4.0,5.0,0.0,1.0,1.0,1.0,1.0,1.0,0.0,f2206092-8c82-4eb1-8b61-42c4f258c335,19,122,left,rule_based
11.0,11.0,82.0,4.0,3.0,5.0,1.0,1.0,1.0,0.0,2.0,2.0,0.0,f2206092-8c82-4eb1-8b61-42c4f258c335,20,122,down,rule_based
11.0,11.0,81.0,4.0,3.0,4.0,0.0,1.0,1.0,1.0,1.0,1.0,0.0,f2206092-8c82-4eb1-8b61-42c4f258c335,21,122,left,rule_based
11.0,11.0,80.0,4.0,2.0,4.0,1.0,1.0,1.0,0.0,2.0,2.0,0.0,f2206092-8c82-4eb1-8b61-42c4f258c335,22,122,up,rule_based
11.0,11.0,79.0,4.0,2.0,5.0,1.0,0.0,1.0,0.0,3.0,3.0,0.0,f2206092-8c82-4eb1-8b61-42c4f258c335,23,122,left,rule_based
11.0,11.0,78.0,4.0,1.0,5.0,1.0,1.0,1.0,0.0,4.0,4.0,0.0,f2206092-8c82-4eb1-8b61-42c4f258c335,24,122,up,rule_based
11.0,11.0,77.0,4.0,1.0,6.0,1.0,0.0,1.0,1.0,3.0,2.0,1.0,f2206092-8c82-4eb1-8b61-42c4f258c335,25,122,right,rule_based
11.0,11.0,76.0,4.0,2.0,6.0,1.0,0.0,0.0,1.0,2.0,1.0,1.0,f2206092-8c82-4eb1-8b61-42c4f258c335,26,122,right,rule_based
11.0,11.0,75.0,4.0,3.0,6.0,1.0,1.0,0.0,1.0,1.0,0.0,1.0,f2206092-8c82-4eb1-8b61-42c4f258c335,27,122,right,rule_based
11.0,11.0,74.0,4.0,4.0,6.0,1.0,1.0,0.0,1.0,2.0,1.0,-1.0,f2206092-8c82-4eb1-8b61-42c4f258c335,28,122,up,rule_based
11.0,11.0,73.0,4.0,4.0,7.0,1.0,0.0,1.0,1.0,1.0,-1.0,0.0,f2206092-8c82-4eb1-8b61-42c4f258c335,29,122,right,rule_based
11.0,11.0,72.0,4.0,5.0,7.0,1.0,1.0,0.0,1.0,2.0,0.0,-2.0,f2206092-8c82-4eb1-8b61-42c4f258c335,30,122,right,rule_based
11.0,11.0,71.0,4.0,6.0,7.0,1.0,1.0,0.0,1.0,2.0,1.0,-1.0,f2206092-8c82-4eb1-8b61-42c4f258c335,31,122,down,rule_based
11.0,11.0,70.0,4.0,6.0,6.0,0.0,1.0,1.0,1.0,1.0,1.0,0.0,f2206092-8c82-4eb1-8b61-42c4f258c335,32,122,left,rule_based
11.0,11.0,69.0,4.0,5.0,6.0,0.0,1.0,1.0,0.0,1.0,0.0,-1.0,f2206092-8c82-4eb1-8b61-42c4f258c335,33,122,left,rule_based
11.0,11.0,68.0,4.0,4.0,6.0,1.0,1.0,1.0,0.0,2.0,1.0,-1.0,f2206092-8c82-4eb1-8b61-42c4f258c335,34,122,left,rule_based
11.0,11.0,67.0,4.0,3.0,6.0,1.0,1.0,1.0,0.0,1.0,0.0,1.0,f2206092-8c82-4eb1-8b61-42c4f258c335,35,122,up,rule_based
11.0,11.0,100.0,5.0,3.0,7.0,1.0,0.0,1.0,1.0,2.0,0.0,2.0,f2206092-8c82-4eb1-8b61-42c4f258c335,36,122,right,rule_based
11.0,11.0,99.0,5.0,4.0,7.0,1.0,0.0,0.0,1.0,3.0,1.0,-2.0,f2206092-8c82-4eb1-8b61-42c4f258c335,37,122,right,rule_based
11.0,11.0,98.0,5.0,5.0,7.0,1.0,1.0,0.0,1.0,2.0,0.0,-2.0,f2206092-8c82-4eb1-8b61-42c4f258c335,38,122,down,rule_based
11.0,11.0,97.0,5.0,5.0,6.0,0.0,1.0,1.0,1.0,1.0,0.0,-1.0,f2206092-8c82-4eb1-8b61-42c4f258c335,39,122,left,rule_based
11.0,11.0,96.0,5.0,4.0,6.0,0.0,1.0,1.0,0.0,2.0,1.0,-1.0,f2206092-8c82-4eb1-8b61-42c4f258c335,40,122,down,rule_based
11.0,11.0,95.0,5.0,4.0,5.0,0.0,1.0,1.0,1.0,1.0,1.0,0.0,f2206092-8c82-4eb1-8b61-42c4f258c335,41,122,right,rule_based
11.0,11.0,100.0,6.0,5.0,5.0,0.0,1.0,0.0,1.0,2.0,-1.0,-1.0,f2206092-8c82-4eb1-8b61-42c4f258c335,42,122,right,rule_based
11.0,11.0,99.0,6.0,6.0,5.0,1.0,1.0,0.0,1.0,2.0,1.0,1.0,f2206092-8c82-4eb1-8b61-42c4f258c335,43,122,down,rule_based
11.0,11.0,98.0,6.0,6.0,4.0,0.0,1.0,1.0,1.0,2.0,-2.0,0.0,f2206092-8c82-4eb1-8b61-42c4f258c335,44,122,down,rule_based
11.0,11.0,97.0,6.0,6.0,3.0,0.0,1.0,1.0,1.0,1.0,0.0,-1.0,f2206092-8c82-4eb1-8b61-42c4f258c335,45,122,left,rule_based
11.0,11.0,96.0,6.0,5.0,3.0,1.0,1.0,1.0,0.0,2.0,-1.0,1.0,f2206092-8c82-4eb1-8b61-42c4f258c335,46,122,up,rule_based
11.0,11.0,95.0,6.0,5.0,4.0,0.0,0.0,1.0,0.0,1.0,-1.0,0.0,f2206092-8c82-4eb1-8b61-42c4f258c335,47,122,left,rule_based
11.0,11.0,100.0,7.0,4.0,4.0,1.0,1.0,1.0,0.0,4.0,2.0,-2.0,f2206092-8c82-4eb1-8b61-42c4f258c335,48,122,up,rule_based
11.0,11.0,99.0,7.0,4.0,5.0,1.0,0.0,1.0,1.0,4.0,3.0,1.0,f2206092-8c82-4eb1-8b61-42c4f258c335,49,122,up,rule_based
11.0,11.0,98.0,7.0,4.0,6.0,1.0,0.0,1.0,1.0,3.0,3.0,0.0,f2206092-8c82-4eb1-8b61-42c4f258c335,50,122,left,rule_based
11.0,11.0,97.0,7.0,3.0,6.0,1.0,1.0,1.0,0.0,3.0,0.0,3.0,f2206092-8c82-4eb1-8b61-42c4f258c335,51,122,down,rule_based
11.0,11.0,96.0,7.0,3.0,5.0,0.0,1.0,1.0,0.0,4.0,0.0,4.0,f2206092-8c82-4eb1-8b61-42c4f258c335,52,122,left,rule_based
11.0,11.0,95.0,7.0,2.0,5.0,1.0,1.0,1.0,0.0,4.0,-1.0,3.0,f2206092-8c82-4eb1-8b61-42c4f258c335,53,122,down,rule_based
11.0,11.0,94.0,7.0,2.0,4.0,0.0,1.0,1.0,1.0,4.0,0.0,-4.0,f2206092-8c82-4eb1-8b61-42c4f258c335,54,122,left,rule_based
11.0,11.0,93.0,7.0,1.0,4.0,1.0,1.0,1.0,0.0,4.0,0.0,4.0,f2206092-8c82-4eb1-8b61-42c4f258c335,55,122,left,rule_based
11.0,11.0,92.0,7.0,0.0,4.0,1.0,1.0,0.0,0.0,4.0,1.0,3.0,f2206092-8c82-4eb1-8b61-42c4f258c335,56,122,up,rule_based
11.0,11.0,91.0,7.0,0.0,5.0,1.0,0.0,0.0,1.0,3.0,1.0,2.0,f2206092-8c82-4eb1-8b61-42c4f258c335,57,122,up,rule_based
11.0,11.0,90.0,7.0,0.0,6.0,1.0,0.0,0.0,1.0,2.0,1.0,1.0,f2206092-8c82-4eb1-8b61-42c4f258c335,58,122,up,rule_based
11.0,11.0,89.0,7.0,0.0,7.0,1.0,0.0,0.0,1.0,1.0,1.0,0.0,f2206092-8c82-4eb1-8b61-42c4f258c335,59,122,right,rule_based
11.0,11.0,100.0,8.0,1.0,7.0,1.0,1.0,0.0,1.0,1.0,0.0,1.0,f2206092-8c82-4eb1-8b61-42c4f258c335,60,122,down,rule_based
11.0,11.0,99.0,8.0,1.0,6.0,0.0,1.0,0.0,1.0,2.0,0.0,2.0,f2206092-8c82-4eb1-8b61-42c4f258c335,61,122,down,rule_based
11.0,11.0,98.0,8.0,1.0,5.0,0.0,0.0,0.0,1.0,3.0,0.0,3.0,f2206092-8c82-4eb1-8b61-42c4f258c335,62,122,right,rule_based
11.0,11.0,97.0,8.0,2.0,5.0,1.0,1.0,0.0,1.0,3.0,3.0,0.0,f2206092-8c82-4eb1-8b61-42c4f258c335,63,122,down,rule_based
11.0,11.0,96.0,8.0,2.0,4.0,0.0,1.0,1.0,1.0,4.0,0.0,-4.0,f2206092-8c82-4eb1-8b61-42c4f258c335,64,122,right,rule_based
11.0,11.0,95.0,8.0,3.0,4.0,1.0,1.0,0.0,1.0,3.0,2.0,1.0,f2206092-8c82-4eb1-8b61-42c4f258c335,65,122,right,rule_based
11.0,11.0,94.0,8.0,4.0,4.0,1.0,1.0,0.0,1.0,2.0,1.0,1.0,f2206092-8c82-4eb1-8b61-42c4f258c335,66,122,up,rule_based
11.0,11.0,93.0,8.0,4.0,5.0,1.0,0.0,1.0,1.0,1.0,1.0,0.0,f2206092-8c82-4eb1-8b61-42c4f258c335,67,122,up,rule_based
11.0,11.0,92.0,8.0,4.0,6.0,1.0,0.0,1.0,1.0,2.0,1.0,-1.0,f2206092-8c82-4eb1-8b61-42c4f258c335,68,122,up,rule_based
11.0,11.0,91.0,8.0,4.0,7.0,1.0,0.0,1.0,1.0,3.0,-1.0,2.0,f2206092-8c82-4eb1-8b61-42c4f258c335,69,122,left,rule_based
11.0,11.0,90.0,8.0,3.0,7.0,1.0,1.0,1.0,0.0,2.0,0.0,2.0,f2206092-8c82-4eb1-8b61-42c4f258c335,70,122,left,rule_based
11.0,11.0,89.0,8.0,2.0,7.0,1.0,1.0,1.0,0.0,2.0,-1.0,1.0,f2206092-8c82-4eb1-8b61-42c4f258c335,71,122,up,rule_based
11.0,11.0,88.0,8.0,2.0,8.0,1.0,0.0,1.0,1.0,1.0,-1.0,0.0,f2206092-8c82-4eb1-8b61-42c4f258c335,72,122,left,rule_based
11.0,11.0,100.0,9.0,1.0,8.0,1.0,1.0,1.0,0.0,3.0,2.0,1.0,f2206092-8c82-4eb1-8b61-42c4f258c335,73,122,left,rule_based
11.0,11.0,99.0,9.0,0.0,8.0,1.0,1.0,0.0,0.0,4.0,3.0,1.0,f2206092-8c82-4eb1-8b61-42c4f258c335,74,122,up,rule_based
11.0,11.0,98.0,9.0,0.0,9.0,1.0,0.0,0.0,1.0,3.0,3.0,0.0,f2206092-8c82-4eb1-8b61-42c4f258c335,75,122,right,rule_based
11.0,11.0,97.0,9.0,1.0,9.0,1.0,0.0,0.0,1.0,2.0,2.0,0.0,f2206092-8c82-4eb1-8b61-42c4f258c335,76,122,right,rule_based
11.0,11.0,96.0,9.0,2.0,9.0,1.0,0.0,0.0,1.0,1.0,1.0,0.0,f2206092-8c82-4eb1-8b61-42c4f258c335,77,122,up,rule_based
11.0,11.0,95.0,9.0,2.0,10.0,0.0,0.0,1.0,1.0,2.0,1.0,-1.0,f2206092-8c82-4eb1-8b61-42c4f258c335,78,122,right,rule_based
11.0,11.0,94.0,9.0,3.0,10.0,0.0,1.0,0.0,1.0,1.0,0.0,-1.0,f2206092-8c82-4eb1-8b61-42c4f258c335,79,122,down,rule_based
11.0,11.0,100.0,10.0,3.0,9.0,0.0,1.0,0.0,1.0,4.0,4.0,0.0,f2206092-8c82-4eb1-8b61-42c4f258c335,80,122,down,rule_based
11.0,11.0,99.0,10.0,3.0,8.0,0.0,1.0,0.0,1.0,5.0,4.0,1.0,f2206092-8c82-4eb1-8b61-42c4f258c335,81,122,down,rule_based
11.0,11.0,98.0,10.0,3.0,7.0,0.0,1.0,1.0,1.0,4.0,2.0,-2.0,f2206092-8c82-4eb1-8b61-42c4f258c335,82,122,right,rule_based
11.0,11.0,97.0,10.0,4.0,7.0,1.0,1.0,0.0,1.0,3.0,1.0,-2.0,f2206092-8c82-4eb1-8b61-42c4f258c335,83,122,up,rule_based
11.0,11.0,96.0,10.0,4.0,8.0,1.0,0.0,0.0,1.0,4.0,3.0,1.0,f2206092-8c82-4eb1-8b61-42c4f258c335,84,122,right,rule_based
11.0,11.0,95.0,10.0,5.0,8.0,1.0,1.0,0.0,1.0,3.0,2.0,1.0,f2206092-8c82-4eb1-8b61-42c4f258c335,85,122,down,rule_based
11.0,11.0,94.0,10.0,5.0,7.0,0.0,1.0,0.0,1.0,2.0,0.0,-2.0,f2206092-8c82-4eb1-8b61-42c4f258c335,86,122,right,rule_based
11.0,11.0,93.0,10.0,6.0,7.0,1.0,1.0,0.0,1.0,2.0,1.0,-1.0,f2206092-8c82-4eb1-8b61-42c4f258c335,87,122,down,rule_based
11.0,11.0,92.0,10.0,6.0,6.0,0.0,1.0,1.0,1.0,1.0,1.0,0.0,f2206092-8c82-4eb1-8b61-42c4f258c335,88,122,right,rule_based
11.0,11.0,100.0,11.0,7.0,6.0,1.0,1.0,0.0,1.0,3.0,0.0,3.0,f2206092-8c82-4eb1-8b61-42c4f258c335,89,122,up,rule_based
11.0,11.0,99.0,11.0,7.0,7.0,1.0,0.0,0.0,1.0,2.0,0.0,2.0,f2206092-8c82-4eb1-8b61-42c4f258c335,90,122,right,rule_based
11.0,11.0,98.0,11.0,8.0,7.0,1.0,1.0,0.0,1.0,2.0,0.0,2.0,f2206092-8c82-4eb1-8b61-42c4f258c335,91,122,down,rule_based
11.0,11.0,97.0,11.0,8.0,6.0,0.0,1.0,0.0,1.0,3.0,0.0,-3.0,f2206092-8c82-4eb1-8b61-42c4f258c335,92,122,down,rule_based
11.0,11.0,96.0,11.0,8.0,5.0,0.0,1.0,1.0,1.0,2.0,0.0,-2.0,f2206092-8c82-4eb1-8b61-42c4f258c335,93,122,left,rule_based
11.0,11.0,95.0,11.0,7.0,5.0,0.0,1.0,1.0,0.0,2.0,-2.0,0.0,f2206092-8c82-4eb1-8b61-42c4f258c335,94,122,down,rule_based
11.0,11.0,94.0,11.0,7.0,4.0,0.0,1.0,1.0,1.0,2.0,1.0,-1.0,f2206092-8c82-4eb1-8b61-42c4f258c335,95,122,right,rule_based
11.0,11.0,93.0,11.0,8.0,4.0,0.0,1.0,0.0,1.0,1.0,0.0,-1.0,f2206092-8c82-4eb1-8b61-42c4f258c335,96,122,right,rule_based
11.0,11.0,92.0,11.0,9.0,4.0,1.0,1.0,0.0,1.0,1.0,0.0,-1.0,f2206092-8c82-4eb1-8b61-42c4f258c335,97,122,right,rule_based
11.0,11.0,100.0,12.0,10.0,4.0,1.0,1.0,0.0,0.0,2.0,-1.0,-1.0,f2206092-8c82-4eb1-8b61-42c4f258c335,98,122,up,rule_based
11.0,11.0,99.0,12.0,10.0,5.0,1.0,0.0,1.0,0.0,3.0,-1.0,-2.0,f2206092-8c82-4eb1-8b61-42c4f258c335,99,122,up,rule_based
11.0,11.0,98.0,12.0,10.0,6.0,1.0,0.0,1.0,0.0,4.0,-1.0,-3.0,f2206092-8c82-4eb1-8b61-42c4f258c335,100,122,left,rule_based
11.0,11.0,97.0,12.0,9.0,6.0,1.0,1.0,0.0,0.0,3.0,0.0,-3.0,f2206092-8c82-4eb1-8b61-42c4f258c335,101,122,up,rule_based
11.0,11.0,96.0,12.0,9.0,7.0,1.0,0.0,0.0,1.0,3.0,-1.0,2.0,f2206092-8c82-4eb1-8b61-42c4f258c335,102,122,right,rule_based
11.0,11.0,95.0,12.0,10.0,7.0,1.0,0.0,0.0,0.0,4.0,-2.0,2.0,f2206092-8c82-4eb1-8b61-42c4f258c335,103,122,up,rule_based
11.0,11.0,94.0,12.0,10.0,8.0,1.0,0.0,1.0,0.0,3.0,-2.0,1.0,f2206092-8c82-4eb1-8b61-42c4f258c335,104,122,up,rule_based
11.0,11.0,93.0,12.0,10.0,9.0,1.0,0.0,1.0,0.0,2.0,-2.0,0.0,f2206092-8c82-4eb1-8b61-42c4f258c335,105,122,up,rule_based
11.0,11.0,92.0,12.0,10.0,10.0,0.0,0.0,1.0,0.0,3.0,-2.0,-1.0,f2206092-8c82-4eb1-8b61-42c4f258c335,106,122,left,rule_based
11.0,11.0,91.0,12.0,9.0,10.0,0.0,1.0,1.0,0.0,2.0,-1.0,-1.0,f2206092-8c82-4eb1-8b61-42c4f258c335,107,122,left,rule_based
11.0,11.0,90.0,12.0,8.0,10.0,0.0,1.0,1.0,0.0,1.0,0.0,-1.0,f2206092-8c82-4eb1-8b61-42c4f258c335,108,122,down,rule_based
11.0,11.0,100.0,13.0,8.0,9.0,0.0,1.0,1.0,1.0,1.0,-1.0,0.0,f2206092-8c82-4eb1-8b61-42c4f258c335,109,122,down,rule_based
11.0,11.0,99.0,13.0,8.0,8.0,0.0,1.0,1.0,1.0,2.0,-1.0,1.0,f2206092-8c82-4eb1-8b61-42c4f258c335,110,122,down,rule_based
11.0,11.0,98.0,13.0,8.0,7.0,0.0,1.0,1.0,0.0,3.0,-1.0,2.0,f2206092-8c82-4eb1-8b61-42c4f258c335,111,122,left,rule_based
11.0,11.0,97.0,13.0,7.0,7.0,1.0,1.0,1.0,0.0,2.0,0.0,2.0,f2206092-8c82-4eb1-8b61-42c4f258c335,112,122,left,rule_based
11.0,11.0,96.0,13.0,6.0,7.0,1.0,1.0,1.0,0.0,3.0,1.0,2.0,f2206092-8c82-4eb1-8b61-42c4f258c335,113,122,left,rule_based
11.0,11.0,95.0,13.0,5.0,7.0,1.0,1.0,1.0,0.0,2.0,0.0,-2.0,f2206092-8c82-4eb1-8b61-42c4f258c335,114,122,down,rule_based
11.0,11.0,94.0,13.0,5.0,6.0,0.0,1.0,1.0,1.0,1.0,0.0,-1.0,f2206092-8c82-4eb1-8b61-42c4f258c335,115,122,left,rule_based
11.0,11.0,93.0,13.0,4.0,6.0,1.0,1.0,1.0,0.0,2.0,1.0,-1.0,f2206092-8c82-4eb1-8b61-42c4f258c335,116,122,left,rule_based
11.0,11.0,92.0,13.0,3.0,6.0,1.0,1.0,1.0,0.0,3.0,2.0,-1.0,f2206092-8c82-4eb1-8b61-42c4f258c335,117,122,up,rule_based
11.0,11.0,91.0,13.0,3.0,7.0,1.0,0.0,1.0,1.0,4.0,2.0,-2.0,f2206092-8c82-4eb1-8b61-42c4f258c335,118,122,left,rule_based
11.0,11.0,90.0,13.0,2.0,7.0,1.0,1.0,1.0,0.0,5.0,3.0,-2.0,f2206092-8c82-4eb1-8b61-42c4f258c335,119,122,left,rule_based
11.0,11.0,89.0,13.0,1.0,7.0,1.0,1.0,1.0,0.0,6.0,4.0,-2.0,f2206092-8c82-4eb1-8b61-42c4f258c335,120,122,up,rule_based
11.0,11.0,88.0,13.0,1.0,8.0,1.0,0.0,1.0,1.0,7.0,6.0,1.0,f2206092-8c82-4eb1-8b61-42c4f258c335,121,122,right,rule_based
11.0,11.0,87.0,13.0,2.0,8.0,1.0,0.0,0.0,1.0,6.0,5.0,1.0,f2206092-8c82-4eb1-8b61-42c4f258c335,122,122,up,rule_based
11.0,11.0,86.0,13.0,2.0,9.0,1.0,0.0,1.0,1.0,5.0,5.0,0.0,f2206092-8c82-4eb1-8b61-42c4f258c335,123,122,left,rule_based
11.0,11.0,85.0,13.0,1.0,9.0,1.0,0.0,1.0,0.0,6.0,6.0,0.0,f2206092-8c82-4eb1-8b61-42c4f258c335,124,122,left,rule_based
11.0,11.0,84.0,13.0,0.0,9.0,1.0,1.0,0.0,0.0,7.0,7.0,0.0,f2206092-8c82-4eb1-8b61-42c4f258c335,125,122,up,rule_based
11.0,11.0,83.0,13.0,0.0,10.0,0.0,0.0,0.0,1.0,8.0,7.0,-1.0,f2206092-8c82-4eb1-8b61-42c4f258c335,126,122,right,rule_based
11.0,11.0,82.0,13.0,1.0,10.0,0.0,0.0,0.0,1.0,6.0,-1.0,-5.0,f2206092-8c82-4eb1-8b61-42c4f258c335,127,122,right,rule_based
11.0,11.0,81.0,13.0,2.0,10.0,0.0,0.0,0.0,1.0,6.0,5.0,-1.0,f2206092-8c82-4eb1-8b61-42c4f258c335,128,122,right,rule_based
11.0,11.0,80.0,13.0,3.0,10.0,0.0,1.0,0.0,1.0,5.0,4.0,-1.0,f2206092-8c82-4eb1-8b61-42c4f258c335,129,122,right,rule_based
11.0,11.0,79.0,13.0,4.0,10.0,0.0,1.0,0.0,1.0,4.0,3.0,-1.0,f2206092-8c82-4eb1-8b61-42c4f258c335,130,122,down,rule_based
11.0,11.0,78.0,13.0,4.0,9.0,0.0,1.0,1.0,1.0,3.0,3.0,0.0,f2206092-8c82-4eb1-8b61-42c4f258c335,131,122,down,rule_based
11.0,11.0,77.0,13.0,4.0,8.0,0.0,1.0,1.0,1.0,4.0,3.0,1.0,f2206092-8c82-4eb1-8b61-42c4f258c335,132,122,down,rule_based
11.0,11.0,76.0,13.0,4.0,7.0,0.0,1.0,1.0,1.0,3.0,1.0,-2.0,f2206092-8c82-4eb1-8b61-42c4f258c335,133,122,right,rule_based
11.0,11.0,75.0,13.0,5.0,7.0,1.0,1.0,0.0,1.0,2.0,0.0,-2.0,f2206092-8c82-4eb1-8b61-42c4f258c335,134,122,down,rule_based
11.0,11.0,74.0,13.0,5.0,6.0,0.0,1.0,1.0,1.0,1.0,0.0,-1.0,f2206092-8c82-4eb1-8b61-42c4f258c335,135,122,right,rule_based
11.0,11.0,73.0,13.0,6.0,6.0,1.0,1.0,0.0,1.0,2.0,-1.0,-1.0,f2206092-8c82-4eb1-8b61-42c4f258c335,136,122,down,rule_based
11.0,11.0,72.0,13.0,6.0,5.0,0.0,1.0,1.0,1.0,1.0,-1.0,0.0,f2206092-8c82-4eb1-8b61-42c4f258c335,137,122,right,rule_based
11.0,11.0,71.0,13.0,7.0,5.0,1.0,1.0,0.0,1.0,2.0,-2.0,0.0,f2206092-8c82-4eb1-8b61-42c4f258c335,138,122,up,rule_based
11.0,11.0,70.0,13.0,7.0,6.0,1.0,0.0,0.0,1.0,3.0,0.0,3.0,f2206092-8c82-4eb1-8b61-42c4f258c335,139,122,right,rule_based
11.0,11.0,69.0,13.0,8.0,6.0,1.0,1.0,0.0,1.0,3.0,0.0,-3.0,f2206092-8c82-4eb1-8b61-42c4f258c335,140,122,down,rule_based
11.0,11.0,68.0,13.0,8.0,5.0,0.0,1.0,0.0,1.0,2.0,0.0,-2.0,f2206092-8c82-4eb1-8b61-42c4f258c335,141,122,right,rule_based
11.0,11.0,67.0,13.0,9.0,5.0,1.0,1.0,0.0,1.0,2.0,0.0,-2.0,f2206092-8c82-4eb1-8b61-42c4f258c335,142,122,up,rule_based
11.0,11.0,66.0,13.0,9.0,6.0,1.0,0.0,0.0,1.0,3.0,0.0,-3.0,f2206092-8c82-4eb1-8b61-42c4f258c335,143,122,right,rule_based
11.0,11.0,65.0,13.0,10.0,6.0,1.0,1.0,0.0,0.0,4.0,-1.0,-3.0,f2206092-8c82-4eb1-8b61-42c4f258c335,144,122,up,rule_based
11.0,11.0,64.0,13.0,10.0,7.0,1.0,0.0,1.0,0.0,5.0,-1.0,-4.0,f2206092-8c82-4eb1-8b61-42c4f258c335,145,122,left,rule_based
11.0,11.0,63.0,13.0,9.0,7.0,1.0,0.0,1.0,0.0,4.0,0.0,-4.0,f2206092-8c82-4eb1-8b61-42c4f258c335,146,122,up,rule_based
11.0,11.0,62.0,13.0,9.0,8.0,1.0,0.0,1.0,1.0,3.0,-2.0,1.0,f2206092-8c82-4eb1-8b61-42c4f258c335,147,122,up,rule_based
11.0,11.0,61.0,13.0,9.0,9.0,1.0,0.0,1.0,1.0,2.0,-2.0,0.0,f2206092-8c82-4eb1-8b61-42c4f258c335,148,122,up,rule_based
11.0,11.0,60.0,13.0,9.0,10.0,0.0,0.0,1.0,1.0,3.0,-2.0,-1.0,f2206092-8c82-4eb1-8b61-42c4f258c335,149,122,left,rule_based
11.0,11.0,59.0,13.0,8.0,10.0,0.0,1.0,1.0,0.0,2.0,-1.0,-1.0,f2206092-8c82-4eb1-8b61-42c4f258c335,150,122,left,rule_based
11.0,11.0,58.0,13.0,7.0,10.0,0.0,1.0,1.0,0.0,1.0,0.0,-1.0,f2206092-8c82-4eb1-8b61-42c4f258c335,151,122,down,rule_based
11.0,11.0,100.0,14.0,7.0,9.0,0.0,1.0,1.0,1.0,6.0,-2.0,-4.0,f2206092-8c82-4eb1-8b61-42c4f258c335,152,122,down,rule_based
11.0,11.0,99.0,14.0,7.0,8.0,0.0,1.0,1.0,1.0,5.0,-2.0,-3.0,f2206092-8c82-4eb1-8b61-42c4f258c335,153,122,down,rule_based
11.0,11.0,98.0,14.0,7.0,7.0,0.0,1.0,1.0,1.0,4.0,-2.0,-2.0,f2206092-8c82-4eb1-8b61-42c4f258c335,154,122,left,rule_based
11.0,11.0,97.0,14.0,6.0,7.0,1.0,1.0,1.0,0.0,3.0,-1.0,-2.0,f2206092-8c82-4eb1-8b61-42c4f258c335,155,122,up,rule_based
11.0,11.0,96.0,14.0,6.0,8.0,1.0,0.0,1.0,0.0,4.0,-1.0,-3.0,f2206092-8c82-4eb1-8b61-42c4f258c335,156,122,left,rule_based
11.0,11.0,95.0,14.0,5.0,8.0,1.0,1.0,1.0,0.0,3.0,0.0,-3.0,f2206092-8c82-4eb1-8b61-42c4f258c335,157,122,down,rule_based
11.0,11.0,94.0,14.0,5.0,7.0,0.0,1.0,1.0,0.0,2.0,0.0,-2.0,f2206092-8c82-4eb1-8b61-42c4f258c335,158,122,left,rule_based
11.0,11.0,93.0,14.0,4.0,7.0,1.0,1.0,1.0,0.0,3.0,1.0,-2.0,f2206092-8c82-4eb1-8b61-42c4f258c335,159,122,down,rule_based
11.0,11.0,92.0,14.0,4.0,6.0,0.0,1.0,1.0,1.0,2.0,1.0,-1.0,f2206092-8c82-4eb1-8b61-42c4f258c335,160,122,left,rule_based
11.0,11.0,91.0,14.0,3.0,6.0,1.0,1.0,1.0,0.0,2.0,-2.0,0.0,f2206092-8c82-4eb1-8b61-42c4f258c335,161,122,up,rule_based
11.0,11.0,90.0,14.0,3.0,7.0,1.0,0.0,1.0,0.0,3.0,-2.0,-1.0,f2206092-8c82-4eb1-8b61-42c4f258c335,162,122,left,rule_based
11.0,11.0,89.0,14.0,2.0,7.0,1.0,1.0,1.0,0.0,2.0,-1.0,-1.0,f2206092-8c82-4eb1-8b61-42c4f258c335,163,122,up,rule_based
11.0,11.0,88.0,14.0,2.0,8.0,1.0,0.0,1.0,1.0,1.0,-1.0,0.0,f2206092-8c82-4eb1-8b61-42c4f258c335,164,122,right,rule_based
11.0,11.0,87.0,14.0,3.0,8.0,1.0,0.0,0.0,1.0,2.0,-2.0,0.0,f2206092-8c82-4eb1-8b61-42c4f258c335,165,122,right,rule_based
11.0,11.0,86.0,14.0,4.0,8.0,1.0,0.0,0.0,0.0,3.0,-3.0,0.0,f2206092-8c82-4eb1-8b61-42c4f258c335,166,122,up,rule_based
11.0,11.0,85.0,14.0,4.0,9.0,1.0,0.0,1.0,1.0,4.0,-3.0,-1.0,f2206092-8c82-4eb1-8b61-42c4f258c335,167,122,right,rule_based
11.0,11.0,84.0,14.0,5.0,9.0,1.0,0.0,0.0,1.0,4.0,0.0,-4.0,f2206092-8c82-4eb1-8b61-42c4f258c335,168,122,right,rule_based
11.0,11.0,83.0,14.0,6.0,9.0,1.0,0.0,0.0,1.0,5.0,-1.0,-4.0,f2206092-8c82-4eb1-8b61-42c4f258c335,169,122,right,rule_based
11.0,11.0,82.0,14.0,7.0,9.0,1.0,1.0,0.0,1.0,6.0,-2.0,-4.0,f2206092-8c82-4eb1-8b61-42c4f258c335,170,122,right,rule_based
11.0,11.0,81.0,14.0,8.0,9.0,1.0,1.0,0.0,1.0,6.0,0.0,-6.0,f2206092-8c82-4eb1-8b61-42c4f258c335,171,122,right,rule_based
11.0,11.0,80.0,14.0,9.0,9.0,1.0,1.0,0.0,1.0,6.0,0.0,-6.0,f2206092-8c82-4eb1-8b61-42c4f258c335,172,122,right,rule_based
11.0,11.0,79.0,14.0,10.0,9.0,1.0,1.0,0.0,0.0,5.0,0.0,-5.0,f2206092-8c82-4eb1-8b61-42c4f258c335,173,122,up,rule_based
11.0,11.0,78.0,14.0,10.0,10.0,0.0,0.0,1.0,0.0,6.0,0.0,-6.0,f2206092-8c82-4eb1-8b61-42c4f258c335,174,122,left,rule_based
11.0,11.0,77.0,14.0,9.0,10.0,0.0,0.0,1.0,0.0,7.0,0.0,-7.0,f2206092-8c82-4eb1-8b61-42c4f258c335,175,122,left,rule_based
11.0,11.0,76.0,14.0,8.0,10.0,0.0,0.0,1.0,0.0,7.0,0.0,-7.0,f2206092-8c82-4eb1-8b61-42c4f258c335,176,122,left,rule_based
11.0,11.0,75.0,14.0,7.0,10.0,0.0,0.0,1.0,0.0,7.0,-2.0,-5.0,f2206092-8c82-4eb1-8b61-42c4f258c335,177,122,left,rule_based
11.0,11.0,74.0,14.0,6.0,10.0,0.0,0.0,1.0,0.0,6.0,-1.0,-5.0,f2206092-8c82-4eb1-8b61-42c4f258c335,178,122,left,rule_based
11.0,11.0,73.0,14.0,5.0,10.0,0.0,0.0,1.0,0.0,5.0,0.0,-5.0,f2206092-8c82-4eb1-8b61-42c4f258c335,179,122,left,rule_based
11.0,11.0,72.0,14.0,4.0,10.0,0.0,0.0,1.0,0.0,5.0,-3.0,-2.0,f2206092-8c82-4eb1-8b61-42c4f258c335,180,122,left,rule_based
11.0,11.0,71.0,14.0,3.0,10.0,0.0,1.0,1.0,0.0,4.0,-2.0,-2.0,f2206092-8c82-4eb1-8b61-42c4f258c335,181,122,left,rule_based
11.0,11.0,70.0,14.0,2.0,10.0,0.0,1.0,1.0,0.0,3.0,-1.0,-2.0,f2206092-8c82-4eb1-8b61-42c4f258c335,182,122,down,rule_based
11.0,11.0,69.0,14.0,2.0,9.0,0.0,1.0,1.0,1.0,2.0,-1.0,-1.0,f2206092-8c82-4eb1-8b61-42c4f258c335,183,122,right,rule_based
11.0,11.0,68.0,14.0,3.0,9.0,0.0,1.0,0.0,1.0,3.0,-2.0,-1.0,f2206092-8c82-4eb1-8b61-42c4f258c335,184,122,down,rule_based
11.0,11.0,67.0,14.0,3.0,8.0,0.0,1.0,1.0,1.0,2.0,-2.0,0.0,f2206092-8c82-4eb1-8b61-42c4f258c335,185,122,left,rule_based
11.0,11.0,66.0,14.0,2.0,8.0,0.0,1.0,1.0,0.0,1.0,-1.0,0.0,f2206092-8c82-4eb1-8b61-42c4f258c335,186,122,down,rule_based
11.0,11.0,65.0,14.0,2.0,7.0,0.0,1.0,1.0,1.0,2.0,-1.0,-1.0,f2206092-8c82-4eb1-8b61-42c4f258c335,187,122,left,rule_based
11.0,11.0,64.0,14.0,1.0,7.0,1.0,1.0,1.0,0.0,1.0,0.0,-1.0,f2206092-8c82-4eb1-8b61-42c4f258c335,188,122,up,rule_based
11.0,11.0,100.0,15.0,1.0,8.0,1.0,0.0,1.0,0.0,2.0,0.0,-2.0,f2206092-8c82-4eb1-8b61-42c4f258c335,189,122,up,rule_based
11.0,11.0,99.0,15.0,1.0,9.0,1.0,0.0,1.0,0.0,3.0,0.0,-3.0,f2206092-8c82-4eb1-8b61-42c4f258c335,190,122,left,rule_based
11.0,11.0,98.0,15.0,0.0,9.0,1.0,1.0,0.0,0.0,4.0,0.0,-4.0,f2206092-8c82-4eb1-8b61-42c4f258c335,191,122,down,rule_based
11.0,11.0,97.0,15.0,0.0,8.0,0.0,1.0,0.0,0.0,3.0,0.0,-3.0,f2206092-8c82-4eb1-8b61-42c4f258c335,192,122,down,rule_based
11.0,11.0,96.0,15.0,0.0,7.0,0.0,1.0,0.0,0.0,2.0,0.0,-2.0,f2206092-8c82-4eb1-8b61-42c4f258c335,193,122,down,rule_based
11.0,11.0,95.0,15.0,0.0,6.0,0.0,1.0,0.0,1.0,1.0,0.0,-1.0,f2206092-8c82-4eb1-8b61-42c4f258c335,194,122,down,rule_based
11.0,11.0,100.0,16.0,0.0,5.0,0.0,1.0,0.0,1.0,2.0,1.0,1.0,f2206092-8c82-4eb1-8b61-42c4f258c335,195,122,right,rule_based
11.0,11.0,99.0,16.0,1.0,5.0,1.0,1.0,0.0,1.0,1.0,0.0,1.0,f2206092-8c82-4eb1-8b61-42c4f258c335,196,122,down,rule_based
11.0,11.0,98.0,16.0,1.0,4.0,0.0,1.0,1.0,1.0,2.0,0.0,2.0,f2206092-8c82-4eb1-8b61-42c4f258c335,197,122,right,rule_based
11.0,11.0,97.0,16.0,2.0,4.0,1.0,1.0,0.0,1.0,3.0,-1.0,2.0,f2206092-8c82-4eb1-8b61-42c4f258c335,198,122,down,rule_based
11.0,11.0,96.0,16.0,2.0,3.0,0.0,1.0,1.0,1.0,2.0,2.0,0.0,f2206092-8c82-4eb1-8b61-42c4f258c335,199,122,left,rule_based
11.0,11.0,95.0,16.0,1.0,3.0,0.0,1.0,1.0,0.0,3.0,0.0,3.0,f2206092-8c82-4eb1-8b61-42c4f258c335,200,122,down,rule_based
11.0,11.0,94.0,16.0,1.0,2.0,0.0,1.0,1.0,1.0,2.0,-1.0,-1.0,f2206092-8c82-4eb1-8b61-42c4f258c335,201,122,down,rule_based
11.0,11.0,93.0,16.0,1.0,1.0,0.0,1.0,1.0,1.0,1.0,-1.0,0.0,f2206092-8c82-4eb1-8b61-42c4f258c335,202,122,down,rule_based
11.0,11.0,92.0,16.0,1.0,0.0,0.0,0.0,1.0,1.0,1.0,1.0,0.0,f2206092-8c82-4eb1-8b61-42c4f258c335,203,122,left,rule_based
11.0,11.0,100.0,17.0,0.0,0.0,1.0,0.0,0.0,0.0,1.0,0.0,1.0,f2206092-8c82-4eb1-8b61-42c4f258c335,204,122,up,rule_based
11.0,11.0,100.0,18.0,0.0,1.0,1.0,0.0,0.0,0.0,3.0,2.0,-1.0,f2206092-8c82-4eb1-8b61-42c4f258c335,205,122,up,rule_based
11.0,11.0,99.0,18.0,0.0,2.0,1.0,0.0,0.0,0.0,4.0,2.0,-2.0,f2206092-8c82-4eb1-8b61-42c4f258c335,206,122,up,rule_based
11.0,11.0,98.0,18.0,0.0,3.0,1.0,0.0,0.0,0.0,4.0,1.0,3.0,f2206092-8c82-4eb1-8b61-42c4f258c335,207,122,up,rule_based
11.0,11.0,100.0,3.0,9.0,5.0,1.0,1.0,1.0,1.0,2.0,1.0,1.0,1c2218c4-39ae-45e5-82d1-795d90fbbf2b,0,123,up,rule_based
11.0,11.0,99.0,3.0,9.0,6.0,1.0,0.0,1.0,1.0,1.0,1.0,0.0,1c2218c4-39ae-45e5-82d1-795d90fbbf2b,1,123,left,rule_based
11.0,11.0,98.0,3.0,8.0,6.0,1.0,1.0,1.0,0.0,2.0,2.0,0.0,1c2218c4-39ae-45e5-82d1-795d90fbbf2b,2,123,up,rule_based
11.0,11.0,97.0,3.0,8.0,7.0,1.0,0.0,1.0,1.0,3.0,2.0,-1.0,1c2218c4-39ae-45e5-82d1-795d90fbbf2b,3,123,left,rule_based
11.0,11.0,96.0,3.0,7.0,7.0,1.0,1.0,1.0,0.0,4.0,3.0,-1.0,1c2218c4-39ae-45e5-82d1-795d90fbbf2b,4,123,down,rule_based
11.0,11.0,95.0,3.0,7.0,6.0,0.0,1.0,1.0,1.0,3.0,3.0,0.0,1c2218c4-39ae-45e5-82d1-795d90fbbf2b,5,123,down,rule_based
11.0,11.0,94.0,3.0,7.0,5.0,0.0,1.0,1.0,1.0,2.0,-2.0,0.0,1c2218c4-39ae-45e5-82d1-795d90fbbf2b,6,123,down,rule_based
11.0,11.0,93.0,3.0,7.0,4.0,0.0,1.0,1.0,1.0,2.0,1.0,-1.0,1c2218c4-39ae-45e5-82d1-795d90fbbf2b,7,123,left,rule_based
11.0,11.0,92.0,3.0,6.0,4.0,1.0,1.0,1.0,0.0,2.0,-1.0,1.0,1c2218c4-39ae-45e5-82d1-795d90fbbf2b,8,123,left,rule_based
11.0,11.0,91.0,3.0,5.0,4.0,1.0,1.0,1.0,0.0,1.0,0.0,1.0,1c2218c4-39ae-45e5-82d1-795d90fbbf2b,9,123,left,rule_based
11.0,11.0,90.0,3.0,4.0,4.0,1.0,1.0,1.0,0.0,2.0,1.0,1.0,1c2218c4-39ae-45e5-82d1-795d90fbbf2b,10,123,down,rule_based
11.0,11.0,89.0,3.0,4.0,3.0,0.0,1.0,1.0,1.0,3.0,1.0,2.0,1c2218c4-39ae-45e5-82d1-795d90fbbf2b,11,123,left,rule_based
11.0,11.0,88.0,3.0,3.0,3.0,1.0,1.0,1.0,0.0,4.0,2.0,2.0,1c2218c4-39ae-45e5-82d1-795d90fbbf2b,12,123,up,rule_based
11.0,11.0,87.0,3.0,3.0,4.0,1.0,0.0,1.0,1.0,3.0,2.0,1.0,1c2218c4-39ae-45e5-82d1-795d90fbbf2b,13,123,up,rule_based
11.0,11.0,86.0,3.0,3.0,5.0,1.0,0.0,1.0,1.0,2.0,2.0,0.0,1c2218c4-39ae-45e5-82d1-795d90fbbf2b,14,123,up,rule_based
11.0,11.0,85.0,3.0,3.0,6.0,1.0,0.0,1.0,1.0,3.0,2.0,-1.0,1c2218c4-39ae-45e5-82d1-795d90fbbf2b,15,123,left,rule_based
11.0,11.0,84.0,3.0,2.0,6.0,1.0,1.0,1.0,0.0,3.0,-2.0,-1.0,1c2218c4-39ae-45e5-82d1-795d90fbbf2b,16,123,left,rule_based
11.0,11.0,83.0,3.0,1.0,6.0,1.0,1.0,1.0,0.0,2.0,-1.0,-1.0,1c2218c4-39ae-45e5-82d1-795d90fbbf2b,17,123,down,rule_based
11.0,11.0,82.0,3.0,1.0,5.0,0.0,1.0,1.0,1.0,1.0,-1.0,0.0,1c2218c4-39ae-45e5-82d1-795d90fbbf2b,18,123,right,rule_based
11.0,11.0,81.0,3.0,2.0,5.0,1.0,1.0,0.0,1.0,2.0,-2.0,0.0,1c2218c4-39ae-45e5-82d1-795d90fbbf2b,19,123,up,rule_based
11.0,11.0,80.0,3.0,2.0,6.0,1.0,0.0,1.0,1.0,3.0,-2.0,-1.0,1c2218c4-39ae-45e5-82d1-795d90fbbf2b,20,123,up,rule_based
11.0,11.0,79.0,3.0,2.0,7.0,1.0,0.0,1.0,1.0,4.0,-2.0,-2.0,1c2218c4-39ae-45e5-82d1-795d90fbbf2b,21,123,up,rule_based
11.0,11.0,78.0,3.0,2.0,8.0,1.0,0.0,1.0,1.0,3.0,1.0,2.0,1c2218c4-39ae-45e5-82d1-795d90fbbf2b,22,123,left,rule_based
11.0,11.0,77.0,3.0,1.0,8.0,1.0,1.0,1.0,0.0,4.0,-1.0,-3.0,1c2218c4-39ae-45e5-82d1-795d90fbbf2b,23,123,up,rule_based
11.0,11.0,76.0,3.0,1.0,9.0,1.0,0.0,1.0,1.0,3.0,2.0,1.0,1c2218c4-39ae-45e5-82d1-795d90fbbf2b,24,123,right,rule_based
11.0,11.0,75.0,3.0,2.0,9.0,1.0,1.0,0.0,1.0,2.0,1.0,1.0,1c2218c4-39ae-45e5-82d1-795d90fbbf2b,25,123,down,rule_based
11.0,11.0,74.0,3.0,2.0,8.0,0.0,1.0,1.0,1.0,3.0,1.0,2.0,1c2218c4-39ae-45e5-82d1-795d90fbbf2b,26,123,down,rule_based
11.0,11.0,73.0,3.0,2.0,7.0,0.0,1.0,1.0,1.0,4.0,-2.0,-2.0,1c2218c4-39ae-45e5-82d1-795d90fbbf2b,27,123,down,rule_based
11.0,11.0,72.0,3.0,2.0,6.0,0.0,1.0,1.0,1.0,3.0,-2.0,-1.0,1c2218c4-39ae-45e5-82d1-795d90fbbf2b,28,123,left,rule_based
11.0,11.0,71.0,3.0,1.0,6.0,1.0,1.0,1.0,0.0,2.0,-1.0,-1.0,1c2218c4-39ae-45e5-82d1-795d90fbbf2b,29,123,left,rule_based
11.0,11.0,70.0,3.0,0.0,6.0,1.0,1.0,0.0,0.0,1.0,0.0,-1.0,1c2218c4-39ae-45e5-82d1-795d90fbbf2b,30,123,down,rule_based
11.0,11.0,100.0,4.0,0.0,5.0,0.0,1.0,0.0,1.0,2.0,0.0,-2.0,1c2218c4-39ae-45e5-82d1-795d90fbbf2b,31,123,down,rule_based
11.0,11.0,99.0,4.0,0.0,4.0,0.0,1.0,0.0,1.0,1.0,0.0,-1.0,1c2218c4-39ae-45e5-82d1-795d90fbbf2b,32,123,down,rule_based
11.0,11.0,100.0,5.0,0.0,3.0,0.0,1.0,0.0,1.0,7.0,5.0,2.0,1c2218c4-39ae-45e5-82d1-795d90fbbf2b,33,123,down,rule_based
11.0,11.0,99.0,5.0,0.0,2.0,0.0,1.0,0.0,1.0,8.0,5.0,3.0,1c2218c4-39ae-45e5-82d1-795d90fbbf2b,34,123,down,rule_based
11.0,11.0,98.0,5.0,0.0,1.0,0.0,1.0,0.0,1.0,2.0,1.0,-1.0,1c2218c4-39ae-45e5-82d1-795d90fbbf2b,35,123,down,rule_based
11.0,11.0,97.0,5.0,0.0,0.0,0.0,0.0,0.0,1.0,1.0,1.0,0.0,1c2218c4-39ae-45e5-82d1-795d90fbbf2b,36,123,right,rule_based
11.0,11.0,100.0,6.0,1.0,0.0,1.0,0.0,0.0,1.0,7.0,6.0,1.0,1c2218c4-39ae-45e5-82d1-795d90fbbf2b,37,123,right,rule_based
11.0,11.0,99.0,6.0,2.0,0.0,1.0,0.0,0.0,1.0,6.0,5.0,1.0,1c2218c4-39ae-45e5-82d1-795d90fbbf2b,38,123,right,rule_based
11.0,11.0,98.0,6.0,3.0,0.0,1.0,0.0,0.0,1.0,5.0,4.0,1.0,1c2218c4-39ae-45e5-82d1-795d90fbbf2b,39,123,right,rule_based
11.0,11.0,97.0,6.0,4.0,0.0,1.0,0.0,0.0,1.0,4.0,3.0,1.0,1c2218c4-39ae-45e5-82d1-795d90fbbf2b,40,123,right,rule_based
11.0,11.0,96.0,6.0,5.0,0.0,1.0,0.0,0.0,1.0,3.0,2.0,1.0,1c2218c4-39ae-45e5-82d1-795d90fbbf2b,41,123,right,rule_based
11.0,11.0,95.0,6.0,6.0,0.0,1.0,0.0,0.0,1.0,2.0,1.0,1.0,1c2218c4-39ae-45e5-82d1-795d90fbbf2b,42,123,up,rule_based
11.0,11.0,94.0,6.0,6.0,1.0,1.0,0.0,1.0,1.0,1.0,1.0,0.0,1c2218c4-39ae-45e5-82d1-795d90fbbf2b,43,123,left,rule_based
11.0,11.0,93.0,6.0,5.0,1.0,1.0,0.0,1.0,0.0,2.0,2.0,0.0,1c2218c4-39ae-45e5-82d1-795d90fbbf2b,44,123,left,rule_based
11.0,11.0,92.0,6.0,4.0,1.0,1.0,0.0,1.0,0.0,3.0,3.0,0.0,1c2218c4-39ae-45e5-82d1-795d90fbbf2b,45,123,left,rule_based
11.0,11.0,91.0,6.0,3.0,1.0,1.0,1.0,1.0,0.0,4.0,4.0,0.0,1c2218c4-39ae-45e5-82d1-795d90fbbf2b,46,123,up,rule_based
11.0,11.0,90.0,6.0,3.0,2.0,1.0,0.0,1.0,1.0,5.0,2.0,3.0,1c2218c4-39ae-45e5-82d1-795d90fbbf2b,47,123,right,rule_based
11.0,11.0,89.0,6.0,4.0,2.0,1.0,0.0,0.0,1.0,4.0,1.0,3.0,1c2218c4-39ae-45e5-82d1-795d90fbbf2b,48,123,right,rule_based
11.0,11.0,88.0,6.0,5.0,2.0,1.0,0.0,0.0,1.0,3.0,0.0,3.0,1c2218c4-39ae-45e5-82d1-795d90fbbf2b,49,123,up,rule_based
11.0,11.0,87.0,6.0,5.0,3.0,1.0,0.0,1.0,1.0,2.0,0.0,2.0,1c2218c4-39ae-45e5-82d1-795d90fbbf2b,50,123,left,rule_based
11.0,11.0,86.0,6.0,4.0,3.0,1.0,0.0,1.0,0.0,3.0,1.0,2.0,1c2218c4-39ae-45e5-82d1-795d90fbbf2b,51,123,left,rule_based
11.0,11.0,85.0,6.0,3.0,3.0,1.0,0.0,1.0,0.0,4.0,2.0,2.0,1c2218c4-39ae-45e5-82d1-795d90fbbf2b,52,123,left,rule_based
11.0,11.0,84.0,6.0,2.0,3.0,1.0,1.0,1.0,0.0,5.0,3.0,2.0,1c2218c4-39ae-45e5-82d1-795d90fbbf2b,53,123,left,rule_based
11.0,11.0,83.0,6.0,1.0,3.0,1.0,1.0,1.0,0.0,5.0,2.0,3.0,1c2218c4-39ae-45e5-82d1-795d90fbbf2b,54,123,left,rule_based
11.0,11.0,82.0,6.0,0.0,3.0,1.0,1.0,0.0,0.0,5.0,4.0,1.0,1c2218c4-39ae-45e5-82d1-795d90fbbf2b,55,123,down,rule_based
11.0,11.0,81.0,6.0,0.0,2.0,0.0,1.0,0.0,1.0,6.0,4.0,2.0,1c2218c4-39ae-45e5-82d1-795d90fbbf2b,56,123,right,rule_based
11.0,11.0,80.0,6.0,1.0,2.0,0.0,1.0,0.0,1.0,5.0,3.0,2.0,1c2218c4-39ae-45e5-82d1-795d90fbbf2b,57,123,down,rule_based
11.0,11.0,79.0,6.0,1.0,1.0,0.0,1.0,1.0,1.0,5.0,4.0,1.0,1c2218c4-39ae-45e5-82d1-795d90fbbf2b,58,123,right,rule_based
11.0,11.0,78.0,6.0,2.0,1.0,1.0,1.0,0.0,1.0,4.0,3.0,1.0,1c2218c4-39ae-45e5-82d1-795d90fbbf2b,59,123,up,rule_based
11.0,11.0,77.0,6.0,2.0,2.0,1.0,0.0,0.0,1.0,3.0,3.0,0.0,1c2218c4-39ae-45e5-82d1-795d90fbbf2b,60,123,up,rule_based
11.0,11.0,76.0,6.0,2.0,3.0,1.0,0.0,1.0,1.0,3.0,2.0,1.0,1c2218c4-39ae-45e5-82d1-795d90fbbf2b,61,123,left,rule_based
11.0,11.0,75.0,6.0,1.0,3.0,1.0,0.0,1.0,0.0,4.0,3.0,1.0,1c2218c4-39ae-45e5-82d1-795d90fbbf2b,62,123,left,rule_based
11.0,11.0,74.0,6.0,0.0,3.0,1.0,1.0,0.0,0.0,5.0,4.0,1.0,1c2218c4-39ae-45e5-82d1-795d90fbbf2b,63,123,up,rule_based
11.0,11.0,73.0,6.0,0.0,4.0,1.0,0.0,0.0,1.0,4.0,4.0,0.0,1c2218c4-39ae-45e5-82d1-795d90fbbf2b,64,123,right,rule_based
11.0,11.0,72.0,6.0,1.0,4.0,1.0,0.0,0.0,1.0,3.0,3.0,0.0,1c2218c4-39ae-45e5-82d1-795d90fbbf2b,65,123,right,rule_based
11.0,11.0,71.0,6.0,2.0,4.0,1.0,0.0,0.0,1.0,2.0,2.0,0.0,1c2218c4-39ae-45e5-82d1-795d90fbbf2b,66,123,right,rule_based
11.0,11.0,70.0,6.0,3.0,4.0,1.0,1.0,0.0,1.0,1.0,1.0,0.0,1c2218c4-39ae-45e5-82d1-795d90fbbf2b,67,123,up,rule_based
11.0,11.0,69.0,6.0,3.0,5.0,1.0,0.0,1.0,1.0,1.0,0.0,1.0,1c2218c4-39ae-45e5-82d1-795d90fbbf2b,68,123,right,rule_based
11.0,11.0,68.0,6.0,4.0,5.0,1.0,1.0,0.0,1.0,1.0,1.0,0.0,1c2218c4-39ae-45e5-82d1-795d90fbbf2b,69,123,down,rule_based
11.0,11.0,100.0,7.0,4.0,4.0,0.0,1.0,0.0,1.0,2.0,1.0,1.0,1c2218c4-39ae-45e5-82d1-795d90fbbf2b,70,123,right,rule_based
11.0,11.0,99.0,7.0,5.0,4.0,1.0,1.0,0.0,1.0,1.0,0.0,1.0,1c2218c4-39ae-45e5-82d1-795d90fbbf2b,71,123,right,rule_based
11.0,11.0,98.0,7.0,6.0,4.0,1.0,1.0,0.0,1.0,2.0,-1.0,1.0,1c2218c4-39ae-45e5-82d1-795d90fbbf2b,72,123,down,rule_based
11.0,11.0,97.0,7.0,6.0,3.0,0.0,1.0,1.0,1.0,2.0,2.0,0.0,1c2218c4-39ae-45e5-82d1-795d90fbbf2b,73,123,down,rule_based
11.0,11.0,96.0,7.0,6.0,2.0,0.0,1.0,1.0,1.0,1.0,-1.0,0.0,1c2218c4-39ae-45e5-82d1-795d90fbbf2b,74,123,down,rule_based
11.0,11.0,95.0,7.0,6.0,1.0,0.0,1.0,1.0,1.0,1.0,1.0,0.0,1c2218c4-39ae-45e5-82d1-795d90fbbf2b,75,123,right,rule_based
11.0,11.0,100.0,8.0,7.0,1.0,1.0,1.0,0.0,1.0,3.0,1.0,2.0,1c2218c4-39ae-45e5-82d1-795d90fbbf2b,76,123,up,rule_based
11.0,11.0,99.0,8.0,7.0,2.0,1.0,0.0,0.0,1.0,2.0,1.0,1.0,1c2218c4-39ae-45e5-82d1-795d90fbbf2b,77,123,right,rule_based
11.0,11.0,98.0,8.0,8.0,2.0,1.0,1.0,0.0,1.0,1.0,0.0,1.0,1c2218c4-39ae-45e5-82d1-795d90fbbf2b,78,123,up,rule_based
11.0,11.0,100.0,9.0,8.0,3.0,1.0,0.0,1.0,1.0,3.0,2.0,-1.0,1c2218c4-39ae-45e5-82d1-795d90fbbf2b,79,123,left,rule_based
11.0,11.0,99.0,9.0,7.0,3.0,1.0,0.0,0.0,0.0,3.0,-2.0,-1.0,1c2218c4-39ae-45e5-82d1-795d90fbbf2b,80,123,up,rule_based
11.0,11.0,98.0,9.0,7.0,4.0,1.0,0.0,1.0,1.0,3.0,-2.0,1.0,1c2218c4-39ae-45e5-82d1-795d90fbbf2b,81,123,left,rule_based
11.0,11.0,97.0,9.0,6.0,4.0,1.0,1.0,1.0,0.0,2.0,-1.0,1.0,1c2218c4-39ae-45e5-82d1-795d90fbbf2b,82,123,left,rule_based
11.0,11.0,96.0,9.0,5.0,4.0,1.0,1.0,1.0,0.0,1.0,0.0,1.0,1c2218c4-39ae-45e5-82d1-795d90fbbf2b,83,123,left,rule_based
11.0,11.0,95.0,9.0,4.0,4.0,1.0,1.0,1.0,0.0,2.0,1.0,1.0,1c2218c4-39ae-45e5-82d1-795d90fbbf2b,84,123,left,rule_based
11.0,11.0,94.0,9.0,3.0,4.0,1.0,1.0,1.0,0.0,2.0,0.0,2.0,1c2218c4-39ae-45e5-82d1-795d90fbbf2b,85,123,up,rule_based
11.0,11.0,93.0,9.0,3.0,5.0,1.0,0.0,1.0,1.0,1.0,0.0,1.0,1c2218c4-39ae-45e5-82d1-795d90fbbf2b,86,123,right,rule_based
11.0,11.0,92.0,9.0,4.0,5.0,1.0,0.0,0.0,1.0,1.0,1.0,0.0,1c2218c4-39ae-45e5-82d1-795d90fbbf2b,87,123,right,rule_based
11.0,11.0,100.0,10.0,5.0,5.0,1.0,0.0,0.0,1.0,2.0,1.0,1.0,1c2218c4-39ae-45e5-82d1-795d90fbbf2b,88,123,right,rule_based
11.0,11.0,99.0,10.0,6.0,5.0,1.0,0.0,0.0,1.0,1.0,0.0,1.0,1c2218c4-39ae-45e5-82d1-795d90fbbf2b,89,123,up,rule_based
11.0,11.0,100.0,11.0,6.0,6.0,1.0,0.0,1.0,1.0,2.0,-2.0,0.0,1c2218c4-39ae-45e5-82d1-795d90fbbf2b,90,123,right,rule_based
11.0,11.0,99.0,11.0,7.0,6.0,1.0,1.0,0.0,1.0,3.0,3.0,0.0,1c2218c4-39ae-45e5-82d1-795d90fbbf2b,91,123,down,rule_based
11.0,11.0,98.0,11.0,7.0,5.0,0.0,1.0,0.0,1.0,4.0,3.0,1.0,1c2218c4-39ae-45e5-82d1-795d90fbbf2b,92,123,down,rule_based
11.0,11.0,97.0,11.0,7.0,4.0,0.0,1.0,1.0,1.0,4.0,-2.0,-2.0,1c2218c4-39ae-45e5-82d1-795d90fbbf2b,93,123,down,rule_based
11.0,11.0,96.0,11.0,7.0,3.0,0.0,1.0,1.0,1.0,3.0,-2.0,-1.0,1c2218c4-39ae-45e5-82d1-795d90fbbf2b,94,123,right,rule_based
11.0,11.0,95.0,11.0,8.0,3.0,1.0,1.0,0.0,1.0,3.0,2.0,-1.0,1c2218c4-39ae-45e5-82d1-795d90fbbf2b,95,123,down,rule_based
11.0,11.0,94.0,11.0,8.0,2.0,0.0,1.0,1.0,1.0,2.0,2.0,0.0,1c2218c4-39ae-45e5-82d1-795d90fbbf2b,96,123,left,rule_based
11.0,11.0,93.0,11.0,7.0,2.0,0.0,1.0,1.0,0.0,2.0,-2.0,0.0,1c2218c4-39ae-45e5-82d1-795d90fbbf2b,97,123,left,rule_based
11.0,11.0,92.0,11.0,6.0,2.0,1.0,1.0,1.0,0.0,1.0,-1.0,0.0,1c2218c4-39ae-45e5-82d1-795d90fbbf2b,98,123,up,rule_based
11.0,11.0,91.0,11.0,6.0,3.0,1.0,0.0,1.0,0.0,2.0,-1.0,-1.0,1c2218c4-39ae-45e5-82d1-795d90fbbf2b,99,123,up,rule_based
11.0,11.0,90.0,11.0,6.0,4.0,1.0,0.0,1.0,0.0,3.0,-1.0,-2.0,1c2218c4-39ae-45e5-82d1-795d90fbbf2b,100,123,up,rule_based
11.0,11.0,89.0,11.0,6.0,5.0,1.0,0.0,1.0,0.0,3.0,-2.0,1.0,1c2218c4-39ae-45e5-82d1-795d90fbbf2b,101,123,left,rule_based
11.0,11.0,88.0,11.0,5.0,5.0,1.0,1.0,1.0,0.0,2.0,-1.0,1.0,1c2218c4-39ae-45e5-82d1-795d90fbbf2b,102,123,up,rule_based
11.0,11.0,87.0,11.0,5.0,6.0,1.0,0.0,1.0,1.0,1.0,-1.0,0.0,1c2218c4-39ae-45e5-82d1-795d90fbbf2b,103,123,up,rule_based
11.0,11.0,86.0,11.0,5.0,7.0,1.0,0.0,1.0,1.0,2.0,0.0,2.0,1c2218c4-39ae-45e5-82d1-795d90fbbf2b,104,123,left,rule_based
11.0,11.0,85.0,11.0,4.0,7.0,1.0,1.0,1.0,0.0,1.0,0.0,-1.0,1c2218c4-39ae-45e5-82d1-795d90fbbf2b,105,123,down,rule_based
11.0,11.0,100.0,12.0,4.0,6.0,0.0,1.0,1.0,0.0,1.0,-1.0,0.0,1c2218c4-39ae-45e5-82d1-795d90fbbf2b,106,123,left,rule_based
11.0,11.0,100.0,13.0,3.0,6.0,1.0,1.0,1.0,0.0,3.0,0.0,3.0,1c2218c4-39ae-45e5-82d1-795d90fbbf2b,107,123,down,rule_based
11.0,11.0,99.0,13.0,3.0,5.0,0.0,1.0,1.0,1.0,4.0,0.0,4.0,1c2218c4-39ae-45e5-82d1-795d90fbbf2b,108,123,right,rule_based
11.0,11.0,98.0,13.0,4.0,5.0,0.0,1.0,0.0,0.0,4.0,1.0,-3.0,1c2218c4-39ae-45e5-82d1-795d90fbbf2b,109,123,down,rule_based
11.0,11.0,97.0,13.0,4.0,4.0,0.0,1.0,1.0,1.0,3.0,1.0,-2.0,1c2218c4-39ae-45e5-82d1-795d90fbbf2b,110,123,down,rule_based
11.0,11.0,96.0,13.0,4.0,3.0,0.0,1.0,1.0,1.0,2.0,1.0,-1.0,1c2218c4-39ae-45e5-82d1-795d90fbbf2b,111,123,down,rule_based
11.0,11.0,95.0,13.0,4.0,2.0,0.0,1.0,1.0,1.0,1.0,1.0,0.0,1c2218c4-39ae-45e5-82d1-795d90fbbf2b,112,123,right,rule_based
11.0,11.0,100.0,14.0,5.0,2.0,1.0,1.0,0.0,1.0,5.0,5.0,0.0,1c2218c4-39ae-45e5-82d1-795d90fbbf2b,113,123,up,rule_based
11.0,11.0,99.0,14.0,5.0,3.0,1.0,0.0,0.0,1.0,6.0,5.0,-1.0,1c2218c4-39ae-45e5-82d1-795d90fbbf2b,114,123,right,rule_based
11.0,11.0,98.0,14.0,6.0,3.0,1.0,1.0,0.0,1.0,5.0,4.0,-1.0,1c2218c4-39ae-45e5-82d1-795d90fbbf2b,115,123,right,rule_based
11.0,11.0,97.0,14.0,7.0,3.0,1.0,1.0,0.0,1.0,4.0,3.0,-1.0,1c2218c4-39ae-45e5-82d1-795d90fbbf2b,116,123,up,rule_based
11.0,11.0,96.0,14.0,7.0,4.0,1.0,0.0,1.0,1.0,5.0,3.0,2.0,1c2218c4-39ae-45e5-82d1-795d90fbbf2b,117,123,up,rule_based
11.0,11.0,95.0,14.0,7.0,5.0,1.0,0.0,1.0,1.0,4.0,3.0,1.0,1c2218c4-39ae-45e5-82d1-795d90fbbf2b,118,123,left,rule_based
11.0,11.0,94.0,14.0,6.0,5.0,1.0,1.0,1.0,0.0,5.0,4.0,1.0,1c2218c4-39ae-45e5-82d1-795d90fbbf2b,119,123,up,rule_based
11.0,11.0,93.0,14.0,6.0,6.0,1.0,0.0,1.0,1.0,4.0,4.0,0.0,1c2218c4-39ae-45e5-82d1-795d90fbbf2b,120,123,right,rule_based
11.0,11.0,92.0,14.0,7.0,6.0,1.0,0.0,0.0,1.0,3.0,3.0,0.0,1c2218c4-39ae-45e5-82d1-795d90fbbf2b,121,123,right,rule_based
11.0,11.0,91.0,14.0,8.0,6.0,1.0,1.0,0.0,1.0,2.0,2.0,0.0,1c2218c4-39ae-45e5-82d1-795d90fbbf2b,122,123,up,rule_based
11.0,11.0,90.0,14.0,8.0,7.0,1.0,0.0,1.0,1.0,3.0,2.0,-1.0,1c2218c4-39ae-45e5-82d1-795d90fbbf2b,123,123,right,rule_based
11.0,11.0,89.0,14.0,9.0,7.0,1.0,1.0,0.0,1.0,2.0,1.0,-1.0,1c2218c4-39ae-45e5-82d1-795d90fbbf2b,124,123,right,rule_based
11.0,11.0,88.0,14.0,10.0,7.0,1.0,1.0,0.0,0.0,1.0,0.0,-1.0,1c2218c4-39ae-45e5-82d1-795d90fbbf2b,125,123,down,rule_based
11.0,11.0,100.0,15.0,10.0,6.0,0.0,1.0,1.0,0.0,3.0,0.0,3.0,1c2218c4-39ae-45e5-82d1-795d90fbbf2b,126,123,down,rule_based
11.0,11.0,99.0,15.0,10.0,5.0,0.0,1.0,1.0,0.0,3.0,0.0,-3.0,1c2218c4-39ae-45e5-82d1-795d90fbbf2b,127,123,left,rule_based
11.0,11.0,98.0,15.0,9.0,5.0,1.0,1.0,1.0,0.0,4.0,1.0,-3.0,1c2218c4-39ae-45e5-82d1-795d90fbbf2b,128,123,down,rule_based
11.0,11.0,97.0,15.0,9.0,4.0,0.0,1.0,1.0,1.0,3.0,1.0,-2.0,1c2218c4-39ae-45e5-82d1-795d90fbbf2b,129,123,left,rule_based
11.0,11.0,96.0,15.0,8.0,4.0,1.0,1.0,0.0,0.0,4.0,2.0,-2.0,1c2218c4-39ae-45e5-82d1-795d90fbbf2b,130,123,up,rule_based
11.0,11.0,100.0,3.0,1.0,5.0,1.0,1.0,1.0,1.0,2.0,-1.0,1.0,df474798-532e-4ce2-8e7e-1021e5bf34bd,0,124,left,rule_based
11.0,11.0,99.0,3.0,0.0,5.0,1.0,1.0,0.0,0.0,1.0,0.0,1.0,df474798-532e-4ce2-8e7e-1021e5bf34bd,1,124,up,rule_based
11.0,11.0,100.0,4.0,0.0,6.0,1.0,0.0,0.0,1.0,3.0,1.0,2.0,df474798-532e-4ce2-8e7e-1021e5bf34bd,2,124,up,rule_based
11.0,11.0,99.0,4.0,0.0,7.0,1.0,0.0,0.0,1.0,2.0,1.0,1.0,df474798-532e-4ce2-8e7e-1021e5bf34bd,3,124,up,rule_based
11.0,11.0,98.0,4.0,0.0,8.0,1.0,0.0,0.0,1.0,1.0,1.0,0.0,df474798-532e-4ce2-8e7e-1021e5bf34bd,4,124,right,rule_based
11.0,11.0,100.0,5.0,1.0,8.0,1.0,1.0,0.0,1.0,7.0,4.0,-3.0,df474798-532e-4ce2-8e7e-1021e5bf34bd,5,124,down,rule_based
11.0,11.0,99.0,5.0,1.0,7.0,0.0,1.0,0.0,1.0,6.0,4.0,-2.0,df474798-532e-4ce2-8e7e-1021e5bf34bd,6,124,right,rule_based
11.0,11.0,98.0,5.0,2.0,7.0,1.0,1.0,0.0,1.0,5.0,3.0,-2.0,df474798-532e-4ce2-8e7e-1021e5bf34bd,7,124,up,rule_based
11.0,11.0,97.0,5.0,2.0,8.0,1.0,0.0,0.0,1.0,5.0,4.0,1.0,df474798-532e-4ce2-8e7e-1021e5bf34bd,8,124,right,rule_based
11.0,11.0,96.0,5.0,3.0,8.0,1.0,1.0,0.0,1.0,4.0,3.0,1.0,df474798-532e-4ce2-8e7e-1021e5bf34bd,9,124,up,rule_based
11.0,11.0,95.0,5.0,3.0,9.0,1.0,0.0,1.0,1.0,3.0,3.0,0.0,df474798-532e-4ce2-8e7e-1021e5bf34bd,10,124,left,rule_based
11.0,11.0,94.0,5.0,2.0,9.0,1.0,0.0,1.0,0.0,4.0,4.0,0.0,df474798-532e-4ce2-8e7e-1021e5bf34bd,11,124,left,rule_based
11.0,11.0,93.0,5.0,1.0,9.0,1.0,1.0,1.0,0.0,5.0,5.0,0.0,df474798-532e-4ce2-8e7e-1021e5bf34bd,12,124,down,rule_based
11.0,11.0,92.0,5.0,1.0,8.0,0.0,1.0,1.0,1.0,6.0,5.0,1.0,df474798-532e-4ce2-8e7e-1021e5bf34bd,13,124,down,rule_based
11.0,11.0,91.0,5.0,1.0,7.0,0.0,1.0,1.0,1.0,6.0,4.0,-2.0,df474798-532e-4ce2-8e7e-1021e5bf34bd,14,124,right,rule_based
11.0,11.0,90.0,5.0,2.0,7.0,1.0,1.0,0.0,1.0,5.0,3.0,-2.0,df474798-532e-4ce2-8e7e-1021e5bf34bd,15,124,down,rule_based
11.0,11.0,89.0,5.0,2.0,6.0,0.0,1.0,1.0,1.0,4.0,3.0,-1.0,df474798-532e-4ce2-8e7e-1021e5bf34bd,16,124,right,rule_based
11.0,11.0,88.0,5.0,3.0,6.0,1.0,1.0,0.0,1.0,3.0,2.0,-1.0,df474798-532e-4ce2-8e7e-1021e5bf34bd,17,124,down,rule_based
11.0,11.0,87.0,5.0,3.0,5.0,0.0,1.0,1.0,1.0,2.0,2.0,0.0,df474798-532e-4ce2-8e7e-1021e5bf34bd,18,124,down,rule_based
11.0,11.0,86.0,5.0,3.0,4.0,0.0,1.0,1.0,1.0,1.0,1.0,0.0,df474798-532e-4ce2-8e7e-1021e5bf34bd,19,124,down,rule_based
11.0,11.0,85.0,5.0,3.0,3.0,0.0,1.0,1.0,1.0,2.0,1.0,1.0,df474798-532e-4ce2-8e7e-1021e5bf34bd,20,124,down,rule_based
11.0,11.0,84.0,5.0,3.0,2.0,0.0,1.0,1.0,1.0,3.0,1.0,2.0,df474798-532e-4ce2-8e7e-1021e5bf34bd,21,124,down,rule_based
11.0,11.0,83.0,5.0,3.0,1.0,0.0,1.0,1.0,1.0,4.0,1.0,3.0,df474798-532e-4ce2-8e7e-1021e5bf34bd,22,124,left,rule_based
11.0,11.0,82.0,5.0,2.0,1.0,1.0,1.0,1.0,0.0,5.0,2.0,3.0,df474798-532e-4ce2-8e7e-1021e5bf34bd,23,124,down,rule_based
11.0,11.0,81.0,5.0,2.0,0.0,0.0,0.0,1.0,1.0,6.0,2.0,4.0,df474798-532e-4ce2-8e7e-1021e5bf34bd,24,124,left,rule_based
11.0,11.0,80.0,5.0,1.0,0.0,1.0,0.0,1.0,0.0,7.0,3.0,4.0,df474798-532e-4ce2-8e7e-1021e5bf34bd,25,124,up,rule_based
11.0,11.0,79.0,5.0,1.0,1.0,1.0,0.0,1.0,0.0,3.0,-1.0,2.0,df474798-532e-4ce2-8e7e-1021e5bf34bd,26,124,left,rule_based
11.0,11.0,78.0,5.0,0.0,1.0,1.0,1.0,0.0,0.0,2.0,0.0,2.0,df474798-532e-4ce2-8e7e-1021e5bf34bd,27,124,up,rule_based
11.0,11.0,77.0,5.0,0.0,2.0,1.0,0.0,0.0,1.0,1.0,0.0,1.0,df474798-532e-4ce2-8e7e-1021e5bf34bd,28,124,right,rule_based
11.0,11.0,76.0,5.0,1.0,2.0,1.0,0.0,0.0,1.0,2.0,-1.0,1.0,df474798-532e-4ce2-8e7e-1021e5bf34bd,29,124,right,rule_based
11.0,11.0,75.0,5.0,2.0,2.0,1.0,1.0,0.0,1.0,3.0,-2.0,1.0,df474798-532e-4ce2-8e7e-1021e5bf34bd,30,124,down,rule_based
11.0,11.0,74.0,5.0,2.0,1.0,0.0,1.0,1.0,1.0,4.0,-2.0,2.0,df474798-532e-4ce2-8e7e-1021e5bf34bd,31,124,down,rule_based
11.0,11.0,73.0,5.0,2.0,0.0,0.0,0.0,1.0,1.0,5.0,-2.0,3.0,df474798-532e-4ce2-8e7e-1021e5bf34bd,32,124,left,rule_based
11.0,11.0,72.0,5.0,1.0,0.0,1.0,0.0,1.0,0.0,4.0,-1.0,3.0,df474798-532e-4ce2-8e7e-1021e5bf34bd,33,124,left,rule_based
11.0,11.0,71.0,5.0,0.0,0.0,1.0,0.0,0.0,0.0,3.0,0.0,3.0,df474798-532e-4ce2-8e7e-1021e5bf34bd,34,124,up,rule_based
11.0,11.0,70.0,5.0,0.0,1.0,1.0,0.0,0.0,1.0,2.0,0.0,2.0,df474798-532e-4ce2-8e7e-1021e5bf34bd,35,124,right,rule_based
11.0,11.0,69.0,5.0,1.0,1.0,1.0,0.0,0.0,1.0,3.0,-1.0,2.0,df474798-532e-4ce2-8e7e-1021e5bf34bd,36,124,right,rule_based
11.0,11.0,68.0,5.0,2.0,1.0,1.0,1.0,0.0,1.0,4.0,-2.0,2.0,df474798-532e-4ce2-8e7e-1021e5bf34bd,37,124,up,rule_based
11.0,11.0,67.0,5.0,2.0,2.0,1.0,0.0,1.0,1.0,3.0,-2.0,1.0,df474798-532e-4ce2-8e7e-1021e5bf34bd,38,124,right,rule_based
11.0,11.0,66.0,5.0,3.0,2.0,1.0,1.0,0.0,1.0,3.0,1.0,2.0,df474798-532e-4ce2-8e7e-1021e5bf34bd,39,124,down,rule_based
11.0,11.0,65.0,5.0,3.0,1.0,0.0,1.0,0.0,1.0,4.0,1.0,3.0,df474798-532e-4ce2-8e7e-1021e5bf34bd,40,124,down,rule_based
11.0,11.0,64.0,5.0,3.0,0.0,0.0,0.0,1.0,1.0,5.0,1.0,4.0,df474798-532e-4ce2-8e7e-1021e5bf34bd,41,124,left,rule_based
11.0,11.0,63.0,5.0,2.0,0.0,1.0,0.0,1.0,0.0,5.0,-2.0,3.0,df474798-532e-4ce2-8e7e-1021e5bf34bd,42,124,left,rule_based
11.0,11.0,62.0,5.0,1.0,0.0,1.0,0.0,1.0,0.0,4.0,-1.0,3.0,df474798-532e-4ce2-8e7e-1021e5bf34bd,43,124,up,rule_based
11.0,11.0,61.0,5.0,1.0,1.0,1.0,0.0,1.0,1.0,3.0,-1.0,2.0,df474798-532e-4ce2-8e7e-1021e5bf34bd,44,124,up,rule_based
11.0,11.0,60.0,5.0,1.0,2.0,1.0,0.0,1.0,1.0,2.0,-1.0,1.0,df474798-532e-4ce2-8e7e-1021e5bf34bd,45,124,left,rule_based
11.0,11.0,59.0,5.0,0.0,2.0,1.0,1.0,0.0,0.0,1.0,0.0,1.0,df474798-532e-4ce2-8e7e-1021e5bf34bd,46,124,up,rule_based
11.0,11.0,100.0,6.0,0.0,3.0,1.0,0.0,0.0,1.0,5.0,4.0,1.0,df474798-532e-4ce2-8e7e-1021e5bf34bd,47,124,right,rule_based
11.0,11.0,99.0,6.0,1.0,3.0,1.0,0.0,0.0,1.0,4.0,3.0,1.0,df474798-532e-4ce2-8e7e-1021e5bf34bd,48,124,right,rule_based
11.0,11.0,98.0,6.0,2.0,3.0,1.0,1.0,0.0,1.0,3.0,2.0,1.0,df474798-532e-4ce2-8e7e-1021e5bf34bd,49,124,right,rule_based
11.0,11.0,97.0,6.0,3.0,3.0,1.0,1.0,0.0,1.0,2.0,1.0,1.0,df474798-532e-4ce2-8e7e-1021e5bf34bd,50,124,right,rule_based
11.0,11.0,96.0,6.0,4.0,3.0,1.0,1.0,0.0,1.0,1.0,0.0,1.0,df474798-532e-4ce2-8e7e-1021e5bf34bd,51,124,down,rule_based
11.0,11.0,95.0,6.0,4.0,2.0,0.0,1.0,1.0,1.0,2.0,0.0,2.0,df474798-532e-4ce2-8e7e-1021e5bf34bd,52,124,right,rule_based
11.0,11.0,94.0,6.0,5.0,2.0,1.0,1.0,0.0,1.0,2.0,-2.0,0.0,df474798-532e-4ce2-8e7e-1021e5bf34bd,53,124,down,rule_based
11.0,11.0,93.0,6.0,5.0,1.0,0.0,1.0,1.0,1.0,3.0,-2.0,1.0,df474798-532e-4ce2-8e7e-1021e5bf34bd,54,124,down,rule_based
11.0,11.0,92.0,6.0,5.0,0.0,0.0,0.0,1.0,1.0,4.0,-2.0,2.0,df474798-532e-4ce2-8e7e-1021e5bf34bd,55,124,left,rule_based
11.0,11.0,91.0,6.0,4.0,0.0,1.0,0.0,1.0,0.0,3.0,-1.0,2.0,df474798-532e-4ce2-8e7e-1021e5bf34bd,56,124,up,rule_based
11.0,11.0,90.0,6.0,4.0,1.0,0.0,0.0,1.0,0.0,2.0,-1.0,1.0,df474798-532e-4ce2-8e7e-1021e5bf34bd,57,124,left,rule_based
11.0,11.0,89.0,6.0,3.0,1.0,1.0,1.0,1.0,0.0,1.0,0.0,1.0,df474798-532e-4ce2-8e7e-1021e5bf34bd,58,124,up,rule_based
11.0,11.0,100.0,7.0,3.0,2.0,1.0,0.0,1.0,1.0,3.0,1.0,2.0,df474798-532e-4ce2-8e7e-1021e5bf34bd,59,124,up,rule_based
11.0,11.0,99.0,7.0,3.0,3.0,1.0,0.0,1.0,1.0,2.0,1.0,1.0,df474798-532e-4ce2-8e7e-1021e5bf34bd,60,124,right,rule_based
11.0,11.0,98.0,7.0,4.0,3.0,1.0,1.0,0.0,1.0,1.0,0.0,1.0,df474798-532e-4ce2-8e7e-1021e5bf34bd,61,124,right,rule_based
11.0,11.0,97.0,7.0,5.0,3.0,1.0,1.0,0.0,1.0,2.0,0.0,2.0,df474798-532e-4ce2-8e7e-1021e5bf34bd,62,124,up,rule_based
11.0,11.0,96.0,7.0,5.0,4.0,1.0,0.0,1.0,1.0,1.0,0.0,1.0,df474798-532e-4ce2-8e7e-1021e5bf34bd,63,124,right,rule_based
11.0,11.0,95.0,7.0,6.0,4.0,1.0,1.0,0.0,1.0,2.0,-1.0,1.0,df474798-532e-4ce2-8e7e-1021e5bf34bd,64,124,right,rule_based
11.0,11.0,94.0,7.0,7.0,4.0,1.0,1.0,0.0,1.0,3.0,-2.0,1.0,df474798-532e-4ce2-8e7e-1021e5bf34bd,65,124,down,rule_based
11.0,11.0,93.0,7.0,7.0,3.0,0.0,1.0,1.0,1.0,3.0,3.0,0.0,df474798-532e-4ce2-8e7e-1021e5bf34bd,66,124,left,rule_based
11.0,11.0,92.0,7.0,6.0,3.0,0.0,1.0,0.0,0.0,3.0,-1.0,2.0,df474798-532e-4ce2-8e7e-1021e5bf34bd,67,124,down,rule_based
11.0,11.0,91.0,7.0,6.0,2.0,0.0,1.0,1.0,1.0,4.0,-1.0,3.0,df474798-532e-4ce2-8e7e-1021e5bf34bd,68,124,down,rule_based
11.0,11.0,90.0,7.0,6.0,1.0,0.0,1.0,1.0,1.0,5.0,-1.0,4.0,df474798-532e-4ce2-8e7e-1021e5bf34bd,69,124,right,rule_based
11.0,11.0,89.0,7.0,7.0,1.0,1.0,1.0,0.0,1.0,5.0,3.0,2.0,df474798-532e-4ce2-8e7e-1021e5bf34bd,70,124,down,rule_based
11.0,11.0,88.0,7.0,7.0,0.0,0.0,0.0,1.0,1.0,6.0,3.0,3.0,df474798-532e-4ce2-8e7e-1021e5bf34bd,71,124,left,rule_based
11.0,11.0,87.0,7.0,6.0,0.0,0.0,0.0,1.0,0.0,6.0,-1.0,5.0,df474798-532e-4ce2-8e7e-1021e5bf34bd,72,124,left,rule_based
11.0,11.0,86.0,7.0,5.0,0.0,1.0,0.0,1.0,0.0,5.0,0.0,5.0,df474798-532e-4ce2-8e7e-1021e5bf34bd,73,124,up,rule_based
11.0,11.0,85.0,7.0,5.0,1.0,1.0,0.0,1.0,0.0,4.0,0.0,4.0,df474798-532e-4ce2-8e7e-1021e5bf34bd,74,124,left,rule_based
11.0,11.0,84.0,7.0,4.0,1.0,1.0,1.0,1.0,0.0,3.0,0.0,3.0,df474798-532e-4ce2-8e7e-1021e5bf34bd,75,124,left,rule_based
11.0,11.0,83.0,7.0,3.0,1.0,1.0,1.0,1.0,0.0,4.0,1.0,3.0,df474798-532e-4ce2-8e7e-1021e5bf34bd,76,124,up,rule_based
11.0,11.0,82.0,7.0,3.0,2.0,1.0,0.0,1.0,1.0,3.0,1.0,2.0,df474798-532e-4ce2-8e7e-1021e5bf34bd,77,124,up,rule_based
11.0,11.0,81.0,7.0,3.0,3.0,1.0,0.0,1.0,1.0,2.0,1.0,1.0,df474798-532e-4ce2-8e7e-1021e5bf34bd,78,124,up,rule_based
11.0,11.0,80.0,7.0,3.0,4.0,1.0,0.0,1.0,1.0,1.0,1.0,0.0,df474798-532e-4ce2-8e7e-1021e5bf34bd,79,124,left,rule_based
11.0,11.0,79.0,7.0,2.0,4.0,1.0,1.0,1.0,0.0,2.0,2.0,0.0,df474798-532e-4ce2-8e7e-1021e5bf34bd,80,124,left,rule_based
11.0,11.0,78.0,7.0,1.0,4.0,1.0,1.0,1.0,0.0,1.0,0.0,-1.0,df474798-532e-4ce2-8e7e-1021e5bf34bd,81,124,down,rule_based
11.0,11.0,100.0,8.0,1.0,3.0,0.0,1.0,1.0,1.0,4.0,3.0,1.0,df474798-532e-4ce2-8e7e-1021e5bf34bd,82,124,left,rule_based
11.0,11.0,99.0,8.0,0.0,3.0,1.0,1.0,0.0,0.0,5.0,4.0,1.0,df474798-532e-4ce2-8e7e-1021e5bf34bd,83,124,down,rule_based
11.0,11.0,98.0,8.0,0.0,2.0,0.0,1.0,0.0,1.0,6.0,4.0,2.0,df474798-532e-4ce2-8e7e-1021e5bf34bd,84,124,down,rule_based
11.0,11.0,97.0,8.0,0.0,1.0,0.0,1.0,0.0,1.0,7.0,4.0,3.0,df474798-532e-4ce2-8e7e-1021e5bf34bd,85,124,right,rule_based
11.0,11.0,96.0,8.0,1.0,1.0,1.0,1.0,0.0,1.0,6.0,3.0,3.0,df474798-532e-4ce2-8e7e-1021e5bf34bd,86,124,right,rule_based
11.0,11.0,95.0,8.0,2.0,1.0,1.0,1.0,0.0,1.0,5.0,2.0,3.0,df474798-532e-4ce2-8e7e-1021e5bf34bd,87,124,right,rule_based
11.0,11.0,94.0,8.0,3.0,1.0,1.0,1.0,0.0,1.0,4.0,1.0,3.0,df474798-532e-4ce2-8e7e-1021e5bf34bd,88,124,down,rule_based
11.0,11.0,93.0,8.0,3.0,0.0,0.0,0.0,1.0,1.0,5.0,1.0,4.0,df474798-532e-4ce2-8e7e-1021e5bf34bd,89,124,right,rule_based
11.0,11.0,92.0,8.0,4.0,0.0,1.0,0.0,0.0,1.0,4.0,0.0,4.0,df474798-532e-4ce2-8e7e-1021e5bf34bd,90,124,up,rule_based
11.0,11.0,91.0,8.0,4.0,1.0,1.0,0.0,0.0,1.0,3.0,0.0,3.0,df474798-532e-4ce2-8e7e-1021e5bf34bd,91,124,up,rule_based
11.0,11.0,90.0,8.0,4.0,2.0,1.0,0.0,1.0,1.0,2.0,0.0,2.0,df474798-532e-4ce2-8e7e-1021e5bf34bd,92,124,left,rule_based
11.0,11.0,89.0,8.0,3.0,2.0,1.0,0.0,1.0,0.0,3.0,1.0,2.0,df474798-532e-4ce2-8e7e-1021e5bf34bd,93,124,left,rule_based
11.0,11.0,88.0,8.0,2.0,2.0,1.0,0.0,1.0,0.0,4.0,2.0,2.0,df474798-532e-4ce2-8e7e-1021e5bf34bd,94,124,up,rule_based
11.0,11.0,87.0,8.0,2.0,3.0,1.0,0.0,1.0,1.0,3.0,2.0,1.0,df474798-532e-4ce2-8e7e-1021e5bf34bd,95,124,up,rule_based
11.0,11.0,86.0,8.0,2.0,4.0,1.0,0.0,1.0,1.0,2.0,2.0,0.0,df474798-532e-4ce2-8e7e-1021e5bf34bd,96,124,left,rule_based
11.0,11.0,85.0,8.0,1.0,4.0,1.0,1.0,1.0,0.0,3.0,3.0,0.0,df474798-532e-4ce2-8e7e-1021e5bf34bd,97,124,up,rule_based
11.0,11.0,84.0,8.0,1.0,5.0,1.0,0.0,1.0,1.0,2.0,2.0,0.0,df474798-532e-4ce2-8e7e-1021e5bf34bd,98,124,right,rule_based
11.0,11.0,83.0,8.0,2.0,5.0,1.0,0.0,0.0,1.0,1.0,1.0,0.0,df474798-532e-4ce2-8e7e-1021e5bf34bd,99,124,up,rule_based
11.0,11.0,82.0,8.0,2.0,6.0,1.0,0.0,1.0,1.0,2.0,1.0,-1.0,df474798-532e-4ce2-8e7e-1021e5bf34bd,100,124,left,rule_based
11.0,11.0,81.0,8.0,1.0,6.0,1.0,0.0,1.0,0.0,3.0,2.0,-1.0,df474798-532e-4ce2-8e7e-1021e5bf34bd,101,124,up,rule_based
11.0,11.0,80.0,8.0,1.0,7.0,1.0,0.0,1.0,1.0,2.0,-1.0,1.0,df474798-532e-4ce2-8e7e-1021e5bf34bd,102,124,up,rule_based
11.0,11.0,79.0,8.0,1.0,8.0,1.0,0.0,1.0,1.0,1.0,-1.0,0.0,df474798-532e-4ce2-8e7e-1021e5bf34bd,103,124,up,rule_based
11.0,11.0,78.0,8.0,1.0,9.0,1.0,0.0,1.0,1.0,2.0,-1.0,-1.0,df474798-532e-4ce2-8e7e-1021e5bf34bd,104,124,up,rule_based
11.0,11.0,77.0,8.0,1.0,10.0,0.0,0.0,1.0,1.0,3.0,3.0,0.0,df474798-532e-4ce2-8e7e-1021e5bf34bd,105,124,left,rule_based
11.0,11.0,76.0,8.0,0.0,10.0,0.0,1.0,0.0,0.0,2.0,0.0,-2.0,df474798-532e-4ce2-8e7e-1021e5bf34bd,106,124,down,rule_based
11.0,11.0,75.0,8.0,0.0,9.0,0.0,1.0,0.0,0.0,1.0,0.0,-1.0,df474798-532e-4ce2-8e7e-1021e5bf34bd,107,124,down,rule_based
11.0,11.0,100.0,9.0,0.0,8.0,0.0,1.0,0.0,0.0,4.0,4.0,0.0,df474798-532e-4ce2-8e7e-1021e5bf34bd,108,124,down,rule_based
11.0,11.0,99.0,9.0,0.0,7.0,0.0,1.0,0.0,0.0,5.0,3.0,-2.0,df474798-532e-4ce2-8e7e-1021e5bf34bd,109,124,down,rule_based
11.0,11.0,98.0,9.0,0.0,6.0,0.0,1.0,0.0,1.0,4.0,3.0,-1.0,df474798-532e-4ce2-8e7e-1021e5bf34bd,110,124,down,rule_based
11.0,11.0,97.0,9.0,0.0,5.0,0.0,1.0,0.0,1.0,3.0,3.0,0.0,df474798-532e-4ce2-8e7e-1021e5bf34bd,111,124,down,rule_based
11.0,11.0,96.0,9.0,0.0,4.0,0.0,1.0,0.0,1.0,4.0,4.0,0.0,df474798-532e-4ce2-8e7e-1021e5bf34bd,112,124,down,rule_based
11.0,11.0,95.0,9.0,0.0,3.0,0.0,1.0,0.0,1.0,5.0,4.0,1.0,df474798-532e-4ce2-8e7e-1021e5bf34bd,113,124,down,rule_based
11.0,11.0,94.0,9.0,0.0,2.0,0.0,1.0,0.0,1.0,6.0,4.0,2.0,df474798-532e-4ce2-8e7e-1021e5bf34bd,114,124,right,rule_based
11.0,11.0,93.0,9.0,1.0,2.0,1.0,1.0,0.0,1.0,5.0,3.0,2.0,df474798-532e-4ce2-8e7e-1021e5bf34bd,115,124,down,rule_based
11.0,11.0,92.0,9.0,1.0,1.0,0.0,1.0,1.0,1.0,6.0,3.0,3.0,df474798-532e-4ce2-8e7e-1021e5bf34bd,116,124,left,rule_based
11.0,11.0,91.0,9.0,0.0,1.0,0.0,1.0,0.0,0.0,7.0,4.0,3.0,df474798-532e-4ce2-8e7e-1021e5bf34bd,117,124,down,rule_based
11.0,11.0,90.0,9.0,0.0,0.0,0.0,0.0,0.0,1.0,8.0,4.0,4.0,df474798-532e-4ce2-8e7e-1021e5bf34bd,118,124,right,rule_based
11.0,11.0,89.0,9.0,1.0,0.0,0.0,0.0,0.0,1.0,7.0,3.0,4.0,df474798-532e-4ce2-8e7e-1021e5bf34bd,119,124,right,rule_based
11.0,11.0,88.0,9.0,2.0,0.0,1.0,0.0,0.0,1.0,6.0,2.0,4.0,df474798-532e-4ce2-8e7e-1021e5bf34bd,120,124,right,rule_based
11.0,11.0,87.0,9.0,3.0,0.0,1.0,0.0,0.0,1.0,5.0,1.0,4.0,df474798-532e-4ce2-8e7e-1021e5bf34bd,121,124,right,rule_based
11.0,11.0,86.0,9.0,4.0,0.0,1.0,0.0,0.0,1.0,4.0,0.0,4.0,df474798-532e-4ce2-8e7e-1021e5bf34bd,122,124,up,rule_based
11.0,11.0,85.0,9.0,4.0,1.0,1.0,0.0,1.0,1.0,3.0,0.0,3.0,df474798-532e-4ce2-8e7e-1021e5bf34bd,123,124,up,rule_based
11.0,11.0,84.0,9.0,4.0,2.0,1.0,0.0,1.0,1.0,2.0,0.0,2.0,df474798-532e-4ce2-8e7e-1021e5bf34bd,124,124,right,rule_based
11.0,11.0,83.0,9.0,5.0,2.0,1.0,1.0,0.0,1.0,3.0,0.0,3.0,df474798-532e-4ce2-8e7e-1021e5bf34bd,125,124,down,rule_based
11.0,11.0,82.0,9.0,5.0,1.0,0.0,1.0,0.0,1.0,4.0,0.0,4.0,df474798-532e-4ce2-8e7e-1021e5bf34bd,126,124,right,rule_based
11.0,11.0,81.0,9.0,6.0,1.0,1.0,1.0,0.0,1.0,3.0,3.0,0.0,df474798-532e-4ce2-8e7e-1021e5bf34bd,127,124,up,rule_based
11.0,11.0,80.0,9.0,6.0,2.0,1.0,0.0,0.0,1.0,4.0,-1.0,3.0,df474798-532e-4ce2-8e7e-1021e5bf34bd,128,124,right,rule_based
11.0,11.0,79.0,9.0,7.0,2.0,1.0,1.0,0.0,1.0,3.0,2.0,-1.0,df474798-532e-4ce2-8e7e-1021e5bf34bd,129,124,up,rule_based
11.0,11.0,78.0,9.0,7.0,3.0,1.0,0.0,1.0,1.0,3.0,3.0,0.0,df474798-532e-4ce2-8e7e-1021e5bf34bd,130,124,left,rule_based
11.0,11.0,77.0,9.0,6.0,3.0,1.0,0.0,1.0,0.0,3.0,-1.0,2.0,df474798-532e-4ce2-8e7e-1021e5bf34bd,131,124,left,rule_based
11.0,11.0,76.0,9.0,5.0,3.0,1.0,0.0,1.0,0.0,2.0,0.0,2.0,df474798-532e-4ce2-8e7e-1021e5bf34bd,132,124,up,rule_based
11.0,11.0,75.0,9.0,5.0,4.0,1.0,0.0,1.0,1.0,1.0,0.0,1.0,df474798-532e-4ce2-8e7e-1021e5bf34bd,133,124,left,rule_based
11.0,11.0,100.0,10.0,4.0,4.0,1.0,1.0,1.0,0.0,2.0,1.0,1.0,df474798-532e-4ce2-8e7e-1021e5bf34bd,134,124,up,rule_based
11.0,11.0,99.0,10.0,4.0,5.0,1.0,0.0,1.0,1.0,1.0,1.0,0.0,df474798-532e-4ce2-8e7e-1021e5bf34bd,135,124,left,rule_based
11.0,11.0,100.0,11.0,3.0,5.0,1.0,1.0,1.0,0.0,2.0,2.0,0.0,df474798-532e-4ce2-8e7e-1021e5bf34bd,136,124,left,rule_based
11.0,11.0,99.0,11.0,2.0,5.0,1.0,1.0,1.0,0.0,3.0,3.0,0.0,df474798-532e-4ce2-8e7e-1021e5bf34bd,137,124,left,rule_based
11.0,11.0,98.0,11.0,1.0,5.0,1.0,1.0,1.0,0.0,4.0,4.0,0.0,df474798-532e-4ce2-8e7e-1021e5bf34bd,138,124,left,rule_based
11.0,11.0,97.0,11.0,0.0,5.0,1.0,1.0,0.0,0.0,5.0,5.0,0.0,df474798-532e-4ce2-8e7e-1021e5bf34bd,139,124,down,rule_based
11.0,11.0,96.0,11.0,0.0,4.0,0.0,1.0,0.0,1.0,6.0,5.0,1.0,df474798-532e-4ce2-8e7e-1021e5bf34bd,140,124,down,rule_based
11.0,11.0,95.0,11.0,0.0,3.0,0.0,1.0,0.0,1.0,7.0,5.0,2.0,df474798-532e-4ce2-8e7e-1021e5bf34bd,141,124,right,rule_based
11.0,11.0,94.0,11.0,1.0,3.0,1.0,1.0,0.0,1.0,6.0,4.0,2.0,df474798-532e-4ce2-8e7e-1021e5bf34bd,142,124,down,rule_based
11.0,11.0,93.0,11.0,1.0,2.0,0.0,1.0,1.0,1.0,7.0,4.0,3.0,df474798-532e-4ce2-8e7e-1021e5bf34bd,143,124,right,rule_based
11.0,11.0,92.0,11.0,2.0,2.0,1.0,1.0,0.0,1.0,6.0,3.0,3.0,df474798-532e-4ce2-8e7e-1021e5bf34bd,144,124,up,rule_based
11.0,11.0,91.0,11.0,2.0,3.0,1.0,0.0,0.0,1.0,5.0,3.0,2.0,df474798-532e-4ce2-8e7e-1021e5bf34bd,145,124,right,rule_based
11.0,11.0,90.0,11.0,3.0,3.0,1.0,1.0,0.0,1.0,4.0,2.0,2.0,df474798-532e-4ce2-8e7e-1021e5bf34bd,146,124,down,rule_based
11.0,11.0,89.0,11.0,3.0,2.0,0.0,1.0,0.0,1.0,5.0,2.0,3.0,df474798-532e-4ce2-8e7e-1021e5bf34bd,147,124,down,rule_based
11.0,11.0,88.0,11.0,3.0,1.0,0.0,1.0,1.0,1.0,6.0,2.0,4.0,df474798-532e-4ce2-8e7e-1021e5bf34bd,148,124,down,rule_based
11.0,11.0,87.0,11.0,3.0,0.0,0.0,0.0,1.0,1.0,7.0,2.0,5.0,df474798-532e-4ce2-8e7e-1021e5bf34bd,149,124,right,rule_based
11.0,11.0,86.0,11.0,4.0,0.0,1.0,0.0,0.0,1.0,6.0,1.0,5.0,df474798-532e-4ce2-8e7e-1021e5bf34bd,150,124,up,rule_based
11.0,11.0,85.0,11.0,4.0,1.0,1.0,0.0,0.0,1.0,5.0,1.0,4.0,df474798-532e-4ce2-8e7e-1021e5bf34bd,151,124,right,rule_based
11.0,11.0,84.0,11.0,5.0,1.0,1.0,1.0,0.0,1.0,4.0,0.0,4.0,df474798-532e-4ce2-8e7e-1021e5bf34bd,152,124,down,rule_based
11.0,11.0,83.0,11.0,5.0,0.0,0.0,0.0,0.0,1.0,5.0,0.0,5.0,df474798-532e-4ce2-8e7e-1021e5bf34bd,153,124,right,rule_based
11.0,11.0,82.0,11.0,6.0,0.0,1.0,0.0,0.0,1.0,4.0,3.0,1.0,df474798-532e-4ce2-8e7e-1021e5bf34bd,154,124,right,rule_based
11.0,11.0,81.0,11.0,7.0,0.0,1.0,0.0,0.0,1.0,3.0,2.0,1.0,df474798-532e-4ce2-8e7e-1021e5bf34bd,155,124,up,rule_based
11.0,11.0,80.0,11.0,7.0,1.0,1.0,0.0,1.0,1.0,2.0,2.0,0.0,df474798-532e-4ce2-8e7e-1021e5bf34bd,156,124,up,rule_based
11.0,11.0,79.0,11.0,7.0,2.0,1.0,0.0,1.0,1.0,3.0,2.0,-1.0,df474798-532e-4ce2-8e7e-1021e5bf34bd,157,124,right,rule_based
11.0,11.0,78.0,11.0,8.0,2.0,1.0,1.0,0.0,1.0,2.0,1.0,-1.0,df474798-532e-4ce2-8e7e-1021e5bf34bd,158,124,up,rule_based
11.0,11.0,77.0,11.0,8.0,3.0,1.0,0.0,1.0,1.0,2.0,2.0,0.0,df474798-532e-4ce2-8e7e-1021e5bf34bd,159,124,right,rule_based
11.0,11.0,76.0,11.0,9.0,3.0,1.0,1.0,0.0,1.0,1.0,1.0,0.0,df474798-532e-4ce2-8e7e-1021e5bf34bd,160,124,right,rule_based
11.0,11.0,100.0,12.0,10.0,3.0,1.0,1.0,0.0,0.0,3.0,-1.0,-2.0,df474798-532e-4ce2-8e7e-1021e5bf34bd,161,124,down,rule_based
11.0,11.0,99.0,12.0,10.0,2.0,0.0,1.0,1.0,0.0,2.0,-1.0,-1.0,df474798-532e-4ce2-8e7e-1021e5bf34bd,162,124,left,rule_based
11.0,11.0,98.0,12.0,9.0,2.0,0.0,1.0,0.0,0.0,1.0,0.0,-1.0,df474798-532e-4ce2-8e7e-1021e5bf34bd,163,124,down,rule_based
11.0,11.0,100.0,13.0,9.0,1.0,0.0,1.0,1.0,1.0,4.0,1.0,3.0,df474798-532e-4ce2-8e7e-1021e5bf34bd,164,124,down,rule_based
11.0,11.0,99.0,13.0,9.0,0.0,0.0,0.0,1.0,1.0,5.0,1.0,4.0,df474798-532e-4ce2-8e7e-1021e5bf34bd,165,124,right,rule_based
11.0,11.0,98.0,13.0,10.0,0.0,1.0,0.0,0.0,0.0,4.0,0.0,4.0,df474798-532e-4ce2-8e7e-1021e5bf34bd,166,124,up,rule_based
11.0,11.0,100.0,3.0,1.0,1.0,1.0,1.0,1.0,1.0,2.0,-1.0,1.0,98ef6073-7a74-467b-a9bc-660ff4c7fdef,0,125,down,rule_based
11.0,11.0,99.0,3.0,1.0,0.0,0.0,0.0,1.0,1.0,3.0,-1.0,2.0,98ef6073-7a74-467b-a9bc-660ff4c7fdef,1,125,left,rule_based
11.0,11.0,98.0,3.0,0.0,0.0,1.0,0.0,0.0,0.0,2.0,0.0,2.0,98ef6073-7a74-467b-a9bc-660ff4c7fdef,2,125,up,rule_based
11.0,11.0,97.0,3.0,0.0,1.0,1.0,0.0,0.0,1.0,1.0,0.0,1.0,98ef6073-7a74-467b-a9bc-660ff4c7fdef,3,125,up,rule_based
11.0,11.0,100.0,4.0,0.0,2.0,1.0,0.0,0.0,1.0,8.0,5.0,3.0,98ef6073-7a74-467b-a9bc-660ff4c7fdef,4,125,right,rule_based
11.0,11.0,99.0,4.0,1.0,2.0,1.0,1.0,0.0,1.0,7.0,4.0,3.0,98ef6073-7a74-467b-a9bc-660ff4c7fdef,5,125,up,rule_based
11.0,11.0,98.0,4.0,1.0,3.0,1.0,0.0,1.0,1.0,6.0,4.0,2.0,98ef6073-7a74-467b-a9bc-660ff4c7fdef,6,125,right,rule_based
11.0,11.0,97.0,4.0,2.0,3.0,1.0,1.0,0.0,1.0,5.0,3.0,2.0,98ef6073-7a74-467b-a9bc-660ff4c7fdef,7,125,down,rule_based
11.0,11.0,96.0,4.0,2.0,2.0,0.0,1.0,0.0,1.0,6.0,3.0,3.0,98ef6073-7a74-467b-a9bc-660ff4c7fdef,8,125,down,rule_based
11.0,11.0,95.0,4.0,2.0,1.0,0.0,1.0,1.0,1.0,7.0,3.0,4.0,98ef6073-7a74-467b-a9bc-660ff4c7fdef,9,125,down,rule_based
11.0,11.0,94.0,4.0,2.0,0.0,0.0,0.0,1.0,1.0,6.0,6.0,0.0,98ef6073-7a74-467b-a9bc-660ff4c7fdef,10,125,left,rule_based
11.0,11.0,93.0,4.0,1.0,0.0,1.0,0.0,1.0,0.0,7.0,7.0,0.0,98ef6073-7a74-467b-a9bc-660ff4c7fdef,11,125,left,rule_based
11.0,11.0,92.0,4.0,0.0,0.0,1.0,0.0,0.0,0.0,8.0,8.0,0.0,98ef6073-7a74-467b-a9bc-660ff4c7fdef,12,125,up,rule_based
11.0,11.0,91.0,4.0,0.0,1.0,1.0,0.0,0.0,1.0,9.0,5.0,4.0,98ef6073-7a74-467b-a9bc-660ff4c7fdef,13,125,up,rule_based
11.0,11.0,90.0,4.0,0.0,2.0,1.0,0.0,0.0,1.0,8.0,5.0,3.0,98ef6073-7a74-467b-a9bc-660ff4c7fdef,14,125,right,rule_based
11.0,11.0,89.0,4.0,1.0,2.0,1.0,1.0,0.0,1.0,7.0,4.0,3.0,98ef6073-7a74-467b-a9bc-660ff4c7fdef,15,125,down,rule_based
11.0,11.0,88.0,4.0,1.0,1.0,0.0,1.0,0.0,1.0,8.0,4.0,4.0,98ef6073-7a74-467b-a9bc-660ff4c7fdef,16,125,down,rule_based
11.0,11.0,87.0,4.0,1.0,0.0,0.0,0.0,1.0,1.0,7.0,7.0,0.0,98ef6073-7a74-467b-a9bc-660ff4c7fdef,17,125,right,rule_based
11.0,11.0,86.0,4.0,2.0,0.0,1.0,0.0,0.0,1.0,6.0,6.0,0.0,98ef6073-7a74-467b-a9bc-660ff4c7fdef,18,125,up,rule_based
11.0,11.0,85.0,4.0,2.0,1.0,1.0,0.0,0.0,1.0,7.0,3.0,4.0,98ef6073-7a74-467b-a9bc-660ff4c7fdef,19,125,right,rule_based
11.0,11.0,84.0,4.0,3.0,1.0,1.0,1.0,0.0,1.0,6.0,2.0,4.0,98ef6073-7a74-467b-a9bc-660ff4c7fdef,20,125,up,rule_based
11.0,11.0,83.0,4.0,3.0,2.0,1.0,0.0,1.0,1.0,5.0,2.0,3.0,98ef6073-7a74-467b-a9bc-660ff4c7fdef,21,125,up,rule_based
11.0,11.0,82.0,4.0,3.0,3.0,1.0,0.0,1.0,1.0,4.0,2.0,2.0,98ef6073-7a74-467b-a9bc-660ff4c7fdef,22,125,left,rule_based
11.0,11.0,81.0,4.0,2.0,3.0,1.0,1.0,1.0,0.0,5.0,3.0,2.0,98ef6073-7a74-467b-a9bc-660ff4c7fdef,23,125,left,rule_based
11.0,11.0,80.0,4.0,1.0,3.0,1.0,1.0,1.0,0.0,6.0,4.0,2.0,98ef6073-7a74-467b-a9bc-660ff4c7fdef,24,125,left,rule_based
11.0,11.0,79.0,4.0,0.0,3.0,1.0,1.0,0.0,0.0,7.0,5.0,2.0,98ef6073-7a74-467b-a9bc-660ff4c7fdef,25,125,down,rule_based
11.0,11.0,78.0,4.0,0.0,2.0,0.0,1.0,0.0,1.0,8.0,5.0,3.0,98ef6073-7a74-467b-a9bc-660ff4c7fdef,26,125,down,rule_based
11.0,11.0,77.0,4.0,0.0,1.0,0.0,1.0,0.0,1.0,9.0,5.0,4.0,98ef6073-7a74-467b-a9bc-660ff4c7fdef,27,125,down,rule_based
11.0,11.0,76.0,4.0,0.0,0.0,0.0,0.0,0.0,1.0,8.0,8.0,0.0,98ef6073-7a74-467b-a9bc-660ff4c7fdef,28,125,right,rule_based
11.0,11.0,75.0,4.0,1.0,0.0,1.0,0.0,0.0,1.0,7.0,7.0,0.0,98ef6073-7a74-467b-a9bc-660ff4c7fdef,29,125,up,rule_based
11.0,11.0,74.0,4.0,1.0,1.0,1.0,0.0,0.0,1.0,6.0,-1.0,5.0,98ef6073-7a74-467b-a9bc-660ff4c7fdef,30,125,up,rule_based
11.0,11.0,73.0,4.0,1.0,2.0,1.0,0.0,1.0,1.0,5.0,-1.0,4.0,98ef6073-7a74-467b-a9bc-660ff4c7fdef,31,125,left,rule_based
11.0,11.0,72.0,4.0,0.0,2.0,1.0,1.0,0.0,0.0,4.0,0.0,4.0,98ef6073-7a74-467b-a9bc-660ff4c7fdef,32,125,up,rule_based
11.0,11.0,71.0,4.0,0.0,3.0,1.0,0.0,0.0,1.0,3.0,0.0,3.0,98ef6073-7a74-467b-a9bc-660ff4c7fdef,33,125,right,rule_based
11.0,11.0,70.0,4.0,1.0,3.0,1.0,0.0,0.0,1.0,4.0,-1.0,3.0,98ef6073-7a74-467b-a9bc-660ff4c7fdef,34,125,right,rule_based
11.0,11.0,69.0,4.0,2.0,3.0,1.0,1.0,0.0,1.0,4.0,1.0,3.0,98ef6073-7a74-467b-a9bc-660ff4c7fdef,35,125,right,rule_based
11.0,11.0,68.0,4.0,3.0,3.0,1.0,1.0,0.0,1.0,3.0,0.0,3.0,98ef6073-7a74-467b-a9bc-660ff4c7fdef,36,125,right,rule_based
11.0,11.0,67.0,4.0,4.0,3.0,1.0,1.0,0.0,1.0,3.0,1.0,2.0,98ef6073-7a74-467b-a9bc-660ff4c7fdef,37,125,up,rule_based
11.0,11.0,66.0,4.0,4.0,4.0,1.0,0.0,1.0,1.0,2.0,1.0,1.0,98ef6073-7a74-467b-a9bc-660ff4c7fdef,38,125,left,rule_based
11.0,11.0,65.0,4.0,3.0,4.0,1.0,0.0,1.0,0.0,2.0,0.0,2.0,98ef6073-7a74-467b-a9bc-660ff4c7fdef,39,125,up,rule_based
11.0,11.0,64.0,4.0,3.0,5.0,1.0,0.0,1.0,1.0,1.0,0.0,1.0,98ef6073-7a74-467b-a9bc-660ff4c7fdef,40,125,right,rule_based
11.0,11.0,63.0,4.0,4.0,5.0,1.0,0.0,0.0,1.0,1.0,1.0,0.0,98ef6073-7a74-467b-a9bc-660ff4c7fdef,41,125,up,rule_based
11.0,11.0,62.0,4.0,4.0,6.0,1.0,0.0,1.0,1.0,1.0,-1.0,0.0,98ef6073-7a74-467b-a9bc-660ff4c7fdef,42,125,right,rule_based
11.0,11.0,61.0,4.0,5.0,6.0,1.0,1.0,0.0,1.0,1.0,0.0,-1.0,98ef6073-7a74-467b-a9bc-660ff4c7fdef,43,125,down,rule_based
11.0,11.0,100.0,5.0,5.0,5.0,0.0,1.0,0.0,1.0,2.0,1.0,1.0,98ef6073-7a74-467b-a9bc-660ff4c7fdef,44,125,right,rule_based
11.0,11.0,99.0,5.0,6.0,5.0,1.0,1.0,0.0,1.0,1.0,0.0,1.0,98ef6073-7a74-467b-a9bc-660ff4c7fdef,45,125,up,rule_based
11.0,11.0,100.0,6.0,6.0,6.0,1.0,0.0,0.0,1.0,3.0,-3.0,0.0,98ef6073-7a74-467b-a9bc-660ff4c7fdef,46,125,up,rule_based
11.0,11.0,99.0,6.0,6.0,7.0,1.0,0.0,1.0,1.0,3.0,1.0,2.0,98ef6073-7a74-467b-a9bc-660ff4c7fdef,47,125,left,rule_based
11.0,11.0,98.0,6.0,5.0,7.0,1.0,0.0,1.0,0.0,2.0,-2.0,0.0,98ef6073-7a74-467b-a9bc-660ff4c7fdef,48,125,up,rule_based
11.0,11.0,97.0,6.0,5.0,8.0,1.0,0.0,1.0,1.0,3.0,-3.0,0.0,98ef6073-7a74-467b-a9bc-660ff4c7fdef,49,125,right,rule_based
11.0,11.0,96.0,6.0,6.0,8.0,1.0,0.0,0.0,1.0,2.0,1.0,1.0,98ef6073-7a74-467b-a9bc-660ff4c7fdef,50,125,right,rule_based
11.0,11.0,95.0,6.0,7.0,8.0,1.0,1.0,0.0,1.0,1.0,0.0,1.0,98ef6073-7a74-467b-a9bc-660ff4c7fdef,51,125,right,rule_based
11.0,11.0,94.0,6.0,8.0,8.0,1.0,1.0,0.0,1.0,2.0,-1.0,1.0,98ef6073-7a74-467b-a9bc-660ff4c7fdef,52,125,down,rule_based
11.0,11.0,93.0,6.0,8.0,7.0,0.0,1.0,1.0,1.0,3.0,-1.0,2.0,98ef6073-7a74-467b-a9bc-660ff4c7fdef,53,125,right,rule_based
11.0,11.0,92.0,6.0,9.0,7.0,1.0,1.0,0.0,1.0,4.0,-2.0,2.0,98ef6073-7a74-467b-a9bc-660ff4c7fdef,54,125,up,rule_based
11.0,11.0,91.0,6.0,9.0,8.0,1.0,0.0,0.0,1.0,3.0,-2.0,1.0,98ef6073-7a74-467b-a9bc-660ff4c7fdef,55,125,right,rule_based
11.0,11.0,90.0,6.0,10.0,8.0,1.0,1.0,0.0,0.0,4.0,-3.0,1.0,98ef6073-7a74-467b-a9bc-660ff4c7fdef,56,125,down,rule_based
11.0,11.0,89.0,6.0,10.0,7.0,0.0,1.0,0.0,0.0,5.0,-3.0,2.0,98ef6073-7a74-467b-a9bc-660ff4c7fdef,57,125,down,rule_based
11.0,11.0,88.0,6.0,10.0,6.0,0.0,1.0,1.0,0.0,6.0,-3.0,3.0,98ef6073-7a74-467b-a9bc-660ff4c7fdef,58,125,left,rule_based
11.0,11.0,87.0,6.0,9.0,6.0,0.0,1.0,1.0,0.0,5.0,-2.0,3.0,98ef6073-7a74-467b-a9bc-660ff4c7fdef,59,125,left,rule_based
11.0,11.0,86.0,6.0,8.0,6.0,1.0,1.0,1.0,0.0,4.0,-1.0,3.0,98ef6073-7a74-467b-a9bc-660ff4c7fdef,60,125,up,rule_based
11.0,11.0,85.0,6.0,8.0,7.0,1.0,0.0,1.0,1.0,3.0,-1.0,2.0,98ef6073-7a74-467b-a9bc-660ff4c7fdef,61,125,up,rule_based
11.0,11.0,84.0,6.0,8.0,8.0,1.0,0.0,1.0,1.0,2.0,-1.0,1.0,98ef6073-7a74-467b-a9bc-660ff4c7fdef,62,125,up,rule_based
11.0,11.0,83.0,6.0,8.0,9.0,1.0,0.0,1.0,1.0,1.0,-1.0,0.0,98ef6073-7a74-467b-a9bc-660ff4c7fdef,63,125,left,rule_based
11.0,11.0,100.0,7.0,7.0,9.0,1.0,1.0,1.0,0.0,4.0,-3.0,1.0,98ef6073-7a74-467b-a9bc-660ff4c7fdef,64,125,down,rule_based
11.0,11.0,99.0,7.0,7.0,8.0,0.0,1.0,1.0,0.0,5.0,-5.0,0.0,98ef6073-7a74-467b-a9bc-660ff4c7fdef,65,125,down,rule_based
11.0,11.0,98.0,7.0,7.0,7.0,0.0,1.0,1.0,0.0,4.0,-4.0,0.0,98ef6073-7a74-467b-a9bc-660ff4c7fdef,66,125,left,rule_based
11.0,11.0,97.0,7.0,6.0,7.0,1.0,1.0,1.0,0.0,3.0,-3.0,0.0,98ef6073-7a74-467b-a9bc-660ff4c7fdef,67,125,left,rule_based
11.0,11.0,96.0,7.0,5.0,7.0,1.0,1.0,1.0,0.0,2.0,-2.0,0.0,98ef6073-7a74-467b-a9bc-660ff4c7fdef,68,125,up,rule_based
11.0,11.0,95.0,7.0,5.0,8.0,1.0,0.0,1.0,1.0,3.0,-3.0,0.0,98ef6073-7a74-467b-a9bc-660ff4c7fdef,69,125,left,rule_based
11.0,11.0,94.0,7.0,4.0,8.0,1.0,1.0,1.0,0.0,2.0,-2.0,0.0,98ef6073-7a74-467b-a9bc-660ff4c7fdef,70,125,down,rule_based
11.0,11.0,93.0,7.0,4.0,7.0,0.0,1.0,1.0,0.0,1.0,-1.0,0.0,98ef6073-7a74-467b-a9bc-660ff4c7fdef,71,125,left,rule_based
11.0,11.0,100.0,8.0,3.0,7.0,1.0,1.0,1.0,0.0,1.0,0.0,-1.0,98ef6073-7a74-467b-a9bc-660ff4c7fdef,72,125,up,rule_based
11.0,11.0,99.0,8.0,3.0,8.0,1.0,0.0,1.0,0.0,1.0,-1.0,0.0,98ef6073-7a74-467b-a9bc-660ff4c7fdef,73,125,left,rule_based
11.0,11.0,100.0,9.0,2.0,8.0,1.0,1.0,1.0,0.0,3.0,1.0,-2.0,98ef6073-7a74-467b-a9bc-660ff4c7fdef,74,125,up,rule_based
11.0,11.0,99.0,9.0,2.0,9.0,1.0,0.0,1.0,1.0,2.0,1.0,1.0,98ef6073-7a74-467b-a9bc-660ff4c7fdef,75,125,right,rule_based
11.0,11.0,98.0,9.0,3.0,9.0,1.0,0.0,0.0,1.0,1.0,0.0,1.0,98ef6073-7a74-467b-a9bc-660ff4c7fdef,76,125,up,rule_based
11.0,11.0,100.0,10.0,3.0,10.0,0.0,0.0,1.0,1.0,1.0,1.0,0.0,98ef6073-7a74-467b-a9bc-660ff4c7fdef,77,125,right,rule_based
11.0,11.0,100.0,11.0,4.0,10.0,0.0,1.0,0.0,1.0,5.0,-1.0,-4.0,98ef6073-7a74-467b-a9bc-660ff4c7fdef,78,125,right,rule_based
11.0,11.0,99.0,11.0,5.0,10.0,0.0,1.0,0.0,1.0,6.0,-2.0,-4.0,98ef6073-7a74-467b-a9bc-660ff4c7fdef,79,125,right,rule_based
11.0,11.0,98.0,11.0,6.0,10.0,0.0,1.0,0.0,1.0,7.0,-3.0,-4.0,98ef6073-7a74-467b-a9bc-660ff4c7fdef,80,125,down,rule_based
11.0,11.0,97.0,11.0,6.0,9.0,0.0,1.0,1.0,1.0,6.0,-3.0,-3.0,98ef6073-7a74-467b-a9bc-660ff4c7fdef,81,125,down,rule_based
11.0,11.0,96.0,11.0,6.0,8.0,0.0,1.0,1.0,1.0,5.0,-3.0,-2.0,98ef6073-7a74-467b-a9bc-660ff4c7fdef,82,125,down,rule_based
11.0,11.0,95.0,11.0,6.0,7.0,0.0,1.0,1.0,1.0,4.0,-3.0,-1.0,98ef6073-7a74-467b-a9bc-660ff4c7fdef,83,125,right,rule_based
11.0,11.0,94.0,11.0,7.0,7.0,1.0,1.0,0.0,1.0,5.0,-4.0,-1.0,98ef6073-7a74-467b-a9bc-660ff4c7fdef,84,125,up,rule_based
11.0,11.0,93.0,11.0,7.0,8.0,1.0,0.0,0.0,1.0,6.0,-4.0,-2.0,98ef6073-7a74-467b-a9bc-660ff4c7fdef,85,125,up,rule_based
11.0,11.0,92.0,11.0,7.0,9.0,1.0,0.0,0.0,1.0,7.0,-4.0,-3.0,98ef6073-7a74-467b-a9bc-660ff4c7fdef,86,125,up,rule_based
11.0,11.0,91.0,11.0,7.0,10.0,0.0,0.0,0.0,1.0,8.0,-4.0,-4.0,98ef6073-7a74-467b-a9bc-660ff4c7fdef,87,125,right,rule_based
11.0,11.0,90.0,11.0,8.0,10.0,0.0,1.0,0.0,1.0,9.0,-5.0,-4.0,98ef6073-7a74-467b-a9bc-660ff4c7fdef,88,125,down,rule_based
11.0,11.0,89.0,11.0,8.0,9.0,0.0,1.0,0.0,1.0,8.0,-5.0,-3.0,98ef6073-7a74-467b-a9bc-660ff4c7fdef,89,125,right,rule_based
11.0,11.0,88.0,11.0,9.0,9.0,1.0,1.0,0.0,1.0,7.0,0.0,-7.0,98ef6073-7a74-467b-a9bc-660ff4c7fdef,90,125,down,rule_based
11.0,11.0,87.0,11.0,9.0,8.0,0.0,1.0,1.0,1.0,6.0,0.0,-6.0,98ef6073-7a74-467b-a9bc-660ff4c7fdef,91,125,right,rule_based
11.0,11.0,86.0,11.0,10.0,8.0,1.0,1.0,0.0,0.0,7.0,-1.0,-6.0,98ef6073-7a74-467b-a9bc-660ff4c7fdef,92,125,down,rule_based
11.0,11.0,85.0,11.0,10.0,7.0,0.0,1.0,1.0,0.0,6.0,-1.0,-5.0,98ef6073-7a74-467b-a9bc-660ff4c7fdef,93,125,left,rule_based
11.0,11.0,84.0,11.0,9.0,7.0,0.0,1.0,1.0,0.0,5.0,0.0,-5.0,98ef6073-7a74-467b-a9bc-660ff4c7fdef,94,125,left,rule_based
11.0,11.0,83.0,11.0,8.0,7.0,1.0,1.0,1.0,0.0,6.0,-5.0,-1.0,98ef6073-7a74-467b-a9bc-660ff4c7fdef,95,125,left,rule_based
11.0,11.0,82.0,11.0,7.0,7.0,1.0,1.0,1.0,0.0,5.0,-4.0,-1.0,98ef6073-7a74-467b-a9bc-660ff4c7fdef,96,125,down,rule_based
11.0,11.0,81.0,11.0,7.0,6.0,0.0,1.0,1.0,1.0,4.0,-4.0,0.0,98ef6073-7a74-467b-a9bc-660ff4c7fdef,97,125,left,rule_based
11.0,11.0,80.0,11.0,6.0,6.0,1.0,1.0,1.0,0.0,3.0,-3.0,0.0,98ef6073-7a74-467b-a9bc-660ff4c7fdef,98,125,left,rule_based
11.0,11.0,79.0,11.0,5.0,6.0,1.0,1.0,1.0,0.0,2.0,-2.0,0.0,98ef6073-7a74-467b-a9bc-660ff4c7fdef,99,125,left,rule_based
11.0,11.0,78.0,11.0,4.0,6.0,1.0,1.0,1.0,0.0,1.0,-1.0,0.0,98ef6073-7a74-467b-a9bc-660ff4c7fdef,100,125,down,rule_based
11.0,11.0,77.0,11.0,4.0,5.0,0.0,1.0,1.0,1.0,2.0,-1.0,1.0,98ef6073-7a74-467b-a9bc-660ff4c7fdef,101,125,down,rule_based
11.0,11.0,76.0,11.0,4.0,4.0,0.0,1.0,1.0,1.0,3.0,-1.0,2.0,98ef6073-7a74-467b-a9bc-660ff4c7fdef,102,125,right,rule_based
11.0,11.0,75.0,11.0,5.0,4.0,1.0,1.0,0.0,1.0,4.0,-2.0,2.0,98ef6073-7a74-467b-a9bc-660ff4c7fdef,103,125,right,rule_based
11.0,11.0,74.0,11.0,6.0,4.0,1.0,1.0,0.0,1.0,4.0,0.0,-4.0,98ef6073-7a74-467b-a9bc-660ff4c7fdef,104,125,up,rule_based
11.0,11.0,73.0,11.0,6.0,5.0,0.0,0.0,1.0,1.0,4.0,-3.0,1.0,98ef6073-7a74-467b-a9bc-660ff4c7fdef,105,125,right,rule_based
11.0,11.0,72.0,11.0,7.0,5.0,0.0,1.0,0.0,1.0,5.0,-4.0,1.0,98ef6073-7a74-467b-a9bc-660ff4c7fdef,106,125,right,rule_based
11.0,11.0,71.0,11.0,8.0,5.0,1.0,1.0,0.0,1.0,4.0,1.0,-3.0,98ef6073-7a74-467b-a9bc-660ff4c7fdef,107,125,right,rule_based
11.0,11.0,70.0,11.0,9.0,5.0,1.0,1.0,0.0,1.0,3.0,0.0,-3.0,98ef6073-7a74-467b-a9bc-660ff4c7fdef,108,125,right,rule_based
11.0,11.0,69.0,11.0,10.0,5.0,1.0,1.0,0.0,0.0,4.0,-1.0,-3.0,98ef6073-7a74-467b-a9bc-660ff4c7fdef,109,125,down,rule_based
11.0,11.0,68.0,11.0,10.0,4.0,0.0,1.0,1.0,0.0,3.0,-1.0,-2.0,98ef6073-7a74-467b-a9bc-660ff4c7fdef,110,125,left,rule_based
11.0,11.0,67.0,11.0,9.0,4.0,0.0,1.0,1.0,0.0,2.0,0.0,-2.0,98ef6073-7a74-467b-a9bc-660ff4c7fdef,111,125,down,rule_based
11.0,11.0,66.0,11.0,9.0,3.0,0.0,1.0,1.0,1.0,1.0,0.0,-1.0,98ef6073-7a74-467b-a9bc-660ff4c7fdef,112,125,right,rule_based
11.0,11.0,65.0,11.0,10.0,3.0,0.0,1.0,0.0,0.0,2.0,-1.0,-1.0,98ef6073-7a74-467b-a9bc-660ff4c7fdef,113,125,down,rule_based
11.0,11.0,64.0,11.0,10.0,2.0,0.0,1.0,1.0,0.0,1.0,-1.0,0.0,98ef6073-7a74-467b-a9bc-660ff4c7fdef,114,125,left,rule_based
11.0,11.0,100.0,12.0,9.0,2.0,0.0,1.0,1.0,0.0,2.0,0.0,-2.0,98ef6073-7a74-467b-a9bc-660ff4c7fdef,115,125,left,rule_based
11.0,11.0,99.0,12.0,8.0,2.0,1.0,1.0,1.0,0.0,2.0,0.0,-2.0,98ef6073-7a74-467b-a9bc-660ff4c7fdef,116,125,down,rule_based
11.0,11.0,98.0,12.0,8.0,1.0,0.0,1.0,1.0,1.0,1.0,0.0,-1.0,98ef6073-7a74-467b-a9bc-660ff4c7fdef,117,125,down,rule_based
11.0,11.0,100.0,13.0,8.0,0.0,0.0,0.0,1.0,1.0,1.0,1.0,0.0,98ef6073-7a74-467b-a9bc-660ff4c7fdef,118,125,left,rule_based
11.0,11.0,99.0,13.0,7.0,0.0,1.0,0.0,1.0,0.0,1.0,-1.0,0.0,98ef6073-7a74-467b-a9bc-660ff4c7fdef,119,125,left,rule_based
11.0,11.0,100.0,14.0,6.0,0.0,1.0,0.0,1.0,0.0,2.0,-2.0,0.0,98ef6073-7a74-467b-a9bc-660ff4c7fdef,120,125,up,rule_based
11.0,11.0,99.0,14.0,6.0,1.0,1.0,0.0,1.0,1.0,3.0,-2.0,-1.0,98ef6073-7a74-467b-a9bc-660ff4c7fdef,121,125,up,rule_based
11.0,11.0,98.0,14.0,6.0,2.0,1.0,0.0,1.0,1.0,4.0,-4.0,0.0,98ef6073-7a74-467b-a9bc-660ff4c7fdef,122,125,left,rule_based
11.0,11.0,97.0,14.0,5.0,2.0,1.0,1.0,1.0,0.0,3.0,-3.0,0.0,98ef6073-7a74-467b-a9bc-660ff4c7fdef,123,125,up,rule_based
11.0,11.0,96.0,14.0,5.0,3.0,1.0,0.0,1.0,1.0,4.0,-3.0,-1.0,98ef6073-7a74-467b-a9bc-660ff4c7fdef,124,125,left,rule_based
11.0,11.0,95.0,14.0,4.0,3.0,1.0,1.0,1.0,0.0,3.0,-2.0,-1.0,98ef6073-7a74-467b-a9bc-660ff4c7fdef,125,125,down,rule_based
11.0,11.0,94.0,14.0,4.0,2.0,0.0,1.0,1.0,0.0,2.0,-2.0,0.0,98ef6073-7a74-467b-a9bc-660ff4c7fdef,126,125,down,rule_based
11.0,11.0,93.0,14.0,4.0,1.0,0.0,1.0,1.0,1.0,1.0,0.0,-1.0,98ef6073-7a74-467b-a9bc-660ff4c7fdef,127,125,down,rule_based
11.0,11.0,100.0,15.0,4.0,0.0,0.0,0.0,1.0,1.0,4.0,-2.0,2.0,98ef6073-7a74-467b-a9bc-660ff4c7fdef,128,125,right,rule_based
11.0,11.0,99.0,15.0,5.0,0.0,1.0,0.0,0.0,0.0,4.0,4.0,0.0,98ef6073-7a74-467b-a9bc-660ff4c7fdef,129,125,up,rule_based
11.0,11.0,100.0,3.0,5.0,9.0,1.0,1.0,1.0,1.0,2.0,-1.0,1.0,b0ea043c-ba49-4a3d-a91d-4b0015eee6f2,0,126,up,rule_based
11.0,11.0,99.0,3.0,5.0,10.0,0.0,0.0,1.0,1.0,1.0,-1.0,0.0,b0ea043c-ba49-4a3d-a91d-4b0015eee6f2,1,126,right,rule_based
11.0,11.0,98.0,3.0,6.0,10.0,0.0,1.0,0.0,1.0,2.0,-2.0,0.0,b0ea043c-ba49-4a3d-a91d-4b0015eee6f2,2,126,down,rule_based
11.0,11.0,97.0,3.0,6.0,9.0,0.0,1.0,1.0,1.0,3.0,-2.0,1.0,b0ea043c-ba49-4a3d-a91d-4b0015eee6f2,3,126,right,rule_based
11.0,11.0,96.0,3.0,7.0,9.0,1.0,1.0,0.0,1.0,4.0,-3.0,1.0,b0ea043c-ba49-4a3d-a91d-4b0015eee6f2,4,126,up,rule_based
11.0,11.0,95.0,3.0,7.0,10.0,0.0,0.0,1.0,1.0,3.0,-3.0,0.0,b0ea043c-ba49-4a3d-a91d-4b0015eee6f2,5,126,right,rule_based
11.0,11.0,94.0,3.0,8.0,10.0,0.0,1.0,0.0,1.0,4.0,-4.0,0.0,b0ea043c-ba49-4a3d-a91d-4b0015eee6f2,6,126,right,rule_based
11.0,11.0,93.0,3.0,9.0,10.0,0.0,1.0,0.0,1.0,5.0,-5.0,0.0,b0ea043c-ba49-4a3d-a91d-4b0015eee6f2,7,126,down,rule_based
11.0,11.0,92.0,3.0,9.0,9.0,0.0,1.0,1.0,1.0,4.0,1.0,-3.0,b0ea043c-ba49-4a3d-a91d-4b0015eee6f2,8,126,down,rule_based
11.0,11.0,91.0,3.0,9.0,8.0,0.0,1.0,1.0,1.0,3.0,1.0,-2.0,b0ea043c-ba49-4a3d-a91d-4b0015eee6f2,9,126,right,rule_based
11.0,11.0,90.0,3.0,10.0,8.0,1.0,1.0,0.0,0.0,2.0,0.0,-2.0,b0ea043c-ba49-4a3d-a91d-4b0015eee6f2,10,126,up,rule_based
11.0,11.0,89.0,3.0,10.0,9.0,1.0,0.0,1.0,0.0,3.0,0.0,-3.0,b0ea043c-ba49-4a3d-a91d-4b0015eee6f2,11,126,left,rule_based
11.0,11.0,88.0,3.0,9.0,9.0,1.0,1.0,1.0,0.0,4.0,1.0,-3.0,b0ea043c-ba49-4a3d-a91d-4b0015eee6f2,12,126,up,rule_based
11.0,11.0,87.0,3.0,9.0,10.0,0.0,0.0,1.0,1.0,5.0,-5.0,0.0,b0ea043c-ba49-4a3d-a91d-4b0015eee6f2,13,126,right,rule_based
11.0,11.0,86.0,3.0,10.0,10.0,0.0,1.0,0.0,0.0,4.0,0.0,-4.0,b0ea043c-ba49-4a3d-a91d-4b0015eee6f2,14,126,down,rule_based
11.0,11.0,85.0,3.0,10.0,9.0,0.0,1.0,1.0,0.0,3.0,0.0,-3.0,b0ea043c-ba49-4a3d-a91d-4b0015eee6f2,15,126,left,rule_based
11.0,11.0,84.0,3.0,9.0,9.0,1.0,1.0,1.0,0.0,4.0,1.0,-3.0,b0ea043c-ba49-4a3d-a91d-4b0015eee6f2,16,126,up,rule_based
11.0,11.0,83.0,3.0,9.0,10.0,0.0,0.0,1.0,1.0,5.0,-5.0,0.0,b0ea043c-ba49-4a3d-a91d-4b0015eee6f2,17,126,right,rule_based
11.0,11.0,82.0,3.0,10.0,10.0,0.0,1.0,0.0,0.0,4.0,0.0,-4.0,b0ea043c-ba49-4a3d-a91d-4b0015eee6f2,18,126,down,rule_based
11.0,11.0,81.0,3.0,10.0,9.0,0.0,1.0,1.0,0.0,3.0,0.0,-3.0,b0ea043c-ba49-4a3d-a91d-4b0015eee6f2,19,126,down,rule_based
11.0,11.0,80.0,3.0,10.0,8.0,0.0,1.0,1.0,0.0,2.0,0.0,-2.0,b0ea043c-ba49-4a3d-a91d-4b0015eee6f2,20,126,left,rule_based
11.0,11.0,79.0,3.0,9.0,8.0,1.0,1.0,1.0,0.0,3.0,1.0,-2.0,b0ea043c-ba49-4a3d-a91d-4b0015eee6f2,21,126,down,rule_based
11.0,11.0,78.0,3.0,9.0,7.0,0.0,1.0,1.0,1.0,2.0,1.0,-1.0,b0ea043c-ba49-4a3d-a91d-4b0015eee6f2,22,126,left,rule_based
11.0,11.0,77.0,3.0,8.0,7.0,1.0,1.0,1.0,0.0,3.0,2.0,-1.0,b0ea043c-ba49-4a3d-a91d-4b0015eee6f2,23,126,down,rule_based
11.0,11.0,76.0,3.0,8.0,6.0,0.0,1.0,1.0,1.0,2.0,2.0,0.0,b0ea043c-ba49-4a3d-a91d-4b0015eee6f2,24,126,left,rule_based
11.0,11.0,75.0,3.0,7.0,6.0,1.0,1.0,1.0,0.0,3.0,-2.0,-1.0,b0ea043c-ba49-4a3d-a91d-4b0015eee6f2,25,126,left,rule_based
11.0,11.0,74.0,3.0,6.0,6.0,1.0,1.0,1.0,0.0,2.0,-1.0,-1.0,b0ea043c-ba49-4a3d-a91d-4b0015eee6f2,26,126,up,rule_based
11.0,11.0,73.0,3.0,6.0,7.0,1.0,0.0,1.0,1.0,3.0,-1.0,-2.0,b0ea043c-ba49-4a3d-a91d-4b0015eee6f2,27,126,right,rule_based
11.0,11.0,72.0,3.0,7.0,7.0,1.0,1.0,0.0,1.0,4.0,-2.0,-2.0,b0ea043c-ba49-4a3d-a91d-4b0015eee6f2,28,126,up,rule_based
11.0,11.0,71.0,3.0,7.0,8.0,1.0,0.0,1.0,1.0,5.0,-3.0,2.0,b0ea043c-ba49-4a3d-a91d-4b0015eee6f2,29,126,left,rule_based
11.0,11.0,70.0,3.0,6.0,8.0,1.0,1.0,1.0,0.0,4.0,-2.0,2.0,b0ea043c-ba49-4a3d-a91d-4b0015eee6f2,30,126,up,rule_based
11.0,11.0,69.0,3.0,6.0,9.0,1.0,0.0,1.0,1.0,3.0,-2.0,1.0,b0ea043c-ba49-4a3d-a91d-4b0015eee6f2,31,126,up,rule_based
11.0,11.0,68.0,3.0,6.0,10.0,0.0,0.0,1.0,1.0,2.0,-2.0,0.0,b0ea043c-ba49-4a3d-a91d-4b0015eee6f2,32,126,left,rule_based
11.0,11.0,67.0,3.0,5.0,10.0,0.0,1.0,1.0,0.0,1.0,-1.0,0.0,b0ea043c-ba49-4a3d-a91d-4b0015eee6f2,33,126,left,rule_based
11.0,11.0,100.0,4.0,4.0,10.0,0.0,1.0,1.0,0.0,5.0,-1.0,-4.0,b0ea043c-ba49-4a3d-a91d-4b0015eee6f2,34,126,left,rule_based
11.0,11.0,99.0,4.0,3.0,10.0,0.0,1.0,1.0,0.0,4.0,0.0,-4.0,b0ea043c-ba49-4a3d-a91d-4b0015eee6f2,35,126,down,rule_based
11.0,11.0,98.0,4.0,3.0,9.0,0.0,1.0,1.0,1.0,3.0,0.0,-3.0,b0ea043c-ba49-4a3d-a91d-4b0015eee6f2,36,126,left,rule_based
11.0,11.0,97.0,4.0,2.0,9.0,1.0,1.0,1.0,0.0,4.0,1.0,-3.0,b0ea043c-ba49-4a3d-a91d-4b0015eee6f2,37,126,up,rule_based
11.0,11.0,96.0,4.0,2.0,10.0,0.0,0.0,1.0,0.0,5.0,1.0,-4.0,b0ea043c-ba49-4a3d-a91d-4b0015eee6f2,38,126,left,rule_based
11.0,11.0,95.0,4.0,1.0,10.0,0.0,1.0,1.0,0.0,6.0,2.0,-4.0,b0ea043c-ba49-4a3d-a91d-4b0015eee6f2,39,126,left,rule_based
11.0,11.0,94.0,4.0,0.0,10.0,0.0,1.0,0.0,0.0,7.0,0.0,-7.0,b0ea043c-ba49-4a3d-a91d-4b0015eee6f2,40,126,down,rule_based
11.0,11.0,93.0,4.0,0.0,9.0,0.0,1.0,0.0,1.0,6.0,0.0,-6.0,b0ea043c-ba49-4a3d-a91d-4b0015eee6f2,41,126,down,rule_based
11.0,11.0,92.0,4.0,0.0,8.0,0.0,1.0,0.0,1.0,5.0,0.0,-5.0,b0ea043c-ba49-4a3d-a91d-4b0015eee6f2,42,126,down,rule_based
11.0,11.0,91.0,4.0,0.0,7.0,0.0,1.0,0.0,1.0,4.0,0.0,-4.0,b0ea043c-ba49-4a3d-a91d-4b0015eee6f2,43,126,down,rule_based
11.0,11.0,90.0,4.0,0.0,6.0,0.0,1.0,0.0,1.0,3.0,0.0,-3.0,b0ea043c-ba49-4a3d-a91d-4b0015eee6f2,44,126,down,rule_based
11.0,11.0,89.0,4.0,0.0,5.0,0.0,1.0,0.0,1.0,2.0,0.0,-2.0,b0ea043c-ba49-4a3d-a91d-4b0015eee6f2,45,126,right,rule_based
11.0,11.0,88.0,4.0,1.0,5.0,1.0,1.0,0.0,1.0,3.0,-1.0,-2.0,b0ea043c-ba49-4a3d-a91d-4b0015eee6f2,46,126,right,rule_based
11.0,11.0,87.0,4.0,2.0,5.0,1.0,1.0,0.0,1.0,2.0,1.0,1.0,b0ea043c-ba49-4a3d-a91d-4b0015eee6f2,47,126,up,rule_based
11.0,11.0,86.0,4.0,2.0,6.0,1.0,0.0,1.0,1.0,1.0,1.0,0.0,b0ea043c-ba49-4a3d-a91d-4b0015eee6f2,48,126,right,rule_based
11.0,11.0,100.0,5.0,3.0,6.0,1.0,1.0,0.0,1.0,3.0,2.0,-1.0,b0ea043c-ba49-4a3d-a91d-4b0015eee6f2,49,126,right,rule_based
11.0,11.0,99.0,5.0,4.0,6.0,1.0,1.0,0.0,1.0,2.0,1.0,-1.0,b0ea043c-ba49-4a3d-a91d-4b0015eee6f2,50,126,down,rule_based
11.0,11.0,98.0,5.0,4.0,5.0,0.0,1.0,1.0,1.0,1.0,1.0,0.0,b0ea043c-ba49-4a3d-a91d-4b0015eee6f2,51,126,right,rule_based
11.0,11.0,100.0,6.0,5.0,5.0,1.0,1.0,0.0,1.0,2.0,1.0,-1.0,b0ea043c-ba49-4a3d-a91d-4b0015eee6f2,52,126,up,rule_based
11.0,11.0,99.0,6.0,5.0,6.0,1.0,0.0,0.0,1.0,3.0,1.0,-2.0,b0ea043c-ba49-4a3d-a91d-4b0015eee6f2,53,126,up,rule_based
11.0,11.0,98.0,6.0,5.0,7.0,1.0,0.0,1.0,1.0,4.0,1.0,-3.0,b0ea043c-ba49-4a3d-a91d-4b0015eee6f2,54,126,left,rule_based
11.0,11.0,97.0,6.0,4.0,7.0,1.0,0.0,1.0,0.0,2.0,0.0,2.0,b0ea043c-ba49-4a3d-a91d-4b0015eee6f2,55,126,left,rule_based
11.0,11.0,96.0,6.0,3.0,7.0,1.0,1.0,1.0,0.0,3.0,1.0,2.0,b0ea043c-ba49-4a3d-a91d-4b0015eee6f2,56,126,down,rule_based
11.0,11.0,95.0,6.0,3.0,6.0,0.0,1.0,1.0,1.0,4.0,0.0,-4.0,b0ea043c-ba49-4a3d-a91d-4b0015eee6f2,57,126,left,rule_based
11.0,11.0,94.0,6.0,2.0,6.0,1.0,1.0,1.0,0.0,3.0,-2.0,-1.0,b0ea043c-ba49-4a3d-a91d-4b0015eee6f2,58,126,down,rule_based
11.0,11.0,93.0,6.0,2.0,5.0,0.0,1.0,1.0,1.0,2.0,-2.0,0.0,b0ea043c-ba49-4a3d-a91d-4b0015eee6f2,59,126,right,rule_based
11.0,11.0,92.0,6.0,3.0,5.0,0.0,1.0,0.0,1.0,3.0,0.0,-3.0,b0ea043c-ba49-4a3d-a91d-4b0015eee6f2,60,126,right,rule_based
11.0,11.0,91.0,6.0,4.0,5.0,1.0,1.0,0.0,1.0,3.0,2.0,-1.0,b0ea043c-ba49-4a3d-a91d-4b0015eee6f2,61,126,right,rule_based
11.0,11.0,90.0,6.0,5.0,5.0,1.0,1.0,0.0,1.0,2.0,1.0,-1.0,b0ea043c-ba49-4a3d-a91d-4b0015eee6f2,62,126,up,rule_based
11.0,11.0,89.0,6.0,5.0,6.0,1.0,0.0,1.0,1.0,3.0,1.0,-2.0,b0ea043c-ba49-4a3d-a91d-4b0015eee6f2,63,126,left,rule_based
11.0,11.0,88.0,6.0,4.0,6.0,1.0,0.0,1.0,0.0,3.0,0.0,3.0,b0ea043c-ba49-4a3d-a91d-4b0015eee6f2,64,126,up,rule_based
11.0,11.0,87.0,6.0,4.0,7.0,1.0,0.0,1.0,1.0,2.0,0.0,2.0,b0ea043c-ba49-4a3d-a91d-4b0015eee6f2,65,126,left,rule_based
11.0,11.0,86.0,6.0,3.0,7.0,1.0,1.0,1.0,0.0,3.0,1.0,2.0,b0ea043c-ba49-4a3d-a91d-4b0015eee6f2,66,126,left,rule_based
11.0,11.0,85.0,6.0,2.0,7.0,1.0,1.0,1.0,0.0,4.0,-2.0,-2.0,b0ea043c-ba49-4a3d-a91d-4b0015eee6f2,67,126,left,rule_based
11.0,11.0,84.0,6.0,1.0,7.0,1.0,1.0,1.0,0.0,3.0,-1.0,-2.0,b0ea043c-ba49-4a3d-a91d-4b0015eee6f2,68,126,up,rule_based
11.0,11.0,83.0,6.0,1.0,8.0,1.0,0.0,1.0,1.0,4.0,-1.0,-3.0,b0ea043c-ba49-4a3d-a91d-4b0015eee6f2,69,126,left,rule_based
11.0,11.0,82.0,6.0,0.0,8.0,1.0,1.0,0.0,0.0,3.0,0.0,-3.0,b0ea043c-ba49-4a3d-a91d-4b0015eee6f2,70,126,up,rule_based
11.0,11.0,81.0,6.0,0.0,9.0,1.0,0.0,0.0,1.0,4.0,0.0,-4.0,b0ea043c-ba49-4a3d-a91d-4b0015eee6f2,71,126,up,rule_based
11.0,11.0,80.0,6.0,0.0,10.0,0.0,0.0,0.0,1.0,5.0,0.0,-5.0,b0ea043c-ba49-4a3d-a91d-4b0015eee6f2,72,126,right,rule_based
11.0,11.0,79.0,6.0,1.0,10.0,0.0,1.0,0.0,1.0,4.0,3.0,-1.0,b0ea043c-ba49-4a3d-a91d-4b0015eee6f2,73,126,down,rule_based
11.0,11.0,78.0,6.0,1.0,9.0,0.0,0.0,0.0,1.0,3.0,3.0,0.0,b0ea043c-ba49-4a3d-a91d-4b0015eee6f2,74,126,right,rule_based
11.0,11.0,77.0,6.0,2.0,9.0,1.0,1.0,0.0,1.0,2.0,2.0,0.0,b0ea043c-ba49-4a3d-a91d-4b0015eee6f2,75,126,down,rule_based
11.0,11.0,76.0,6.0,2.0,8.0,0.0,1.0,1.0,1.0,3.0,2.0,1.0,b0ea043c-ba49-4a3d-a91d-4b0015eee6f2,76,126,left,rule_based
11.0,11.0,75.0,6.0,1.0,8.0,0.0,1.0,1.0,0.0,4.0,-1.0,-3.0,b0ea043c-ba49-4a3d-a91d-4b0015eee6f2,77,126,down,rule_based
11.0,11.0,74.0,6.0,1.0,7.0,0.0,1.0,1.0,1.0,3.0,-1.0,-2.0,b0ea043c-ba49-4a3d-a91d-4b0015eee6f2,78,126,right,rule_based
11.0,11.0,73.0,6.0,2.0,7.0,0.0,1.0,0.0,1.0,4.0,-2.0,-2.0,b0ea043c-ba49-4a3d-a91d-4b0015eee6f2,79,126,down,rule_based
11.0,11.0,72.0,6.0,2.0,6.0,0.0,1.0,1.0,1.0,3.0,-2.0,-1.0,b0ea043c-ba49-4a3d-a91d-4b0015eee6f2,80,126,left,rule_based
11.0,11.0,71.0,6.0,1.0,6.0,0.0,1.0,1.0,0.0,2.0,-1.0,-1.0,b0ea043c-ba49-4a3d-a91d-4b0015eee6f2,81,126,down,rule_based
11.0,11.0,70.0,6.0,1.0,5.0,0.0,1.0,1.0,1.0,1.0,-1.0,0.0,b0ea043c-ba49-4a3d-a91d-4b0015eee6f2,82,126,down,rule_based
11.0,11.0,69.0,6.0,1.0,4.0,0.0,1.0,1.0,1.0,2.0,-1.0,-1.0,b0ea043c-ba49-4a3d-a91d-4b0015eee6f2,83,126,right,rule_based
11.0,11.0,68.0,6.0,2.0,4.0,1.0,1.0,0.0,1.0,3.0,1.0,-2.0,b0ea043c-ba49-4a3d-a91d-4b0015eee6f2,84,126,down,rule_based
11.0,11.0,67.0,6.0,2.0,3.0,0.0,1.0,1.0,1.0,2.0,1.0,-1.0,b0ea043c-ba49-4a3d-a91d-4b0015eee6f2,85,126,left,rule_based
11.0,11.0,66.0,6.0,1.0,3.0,0.0,1.0,1.0,0.0,1.0,-1.0,0.0,b0ea043c-ba49-4a3d-a91d-4b0015eee6f2,86,126,down,rule_based
11.0,11.0,65.0,6.0,1.0,2.0,0.0,1.0,1.0,1.0,2.0,2.0,0.0,b0ea043c-ba49-4a3d-a91d-4b0015eee6f2,87,126,right,rule_based
11.0,11.0,64.0,6.0,2.0,2.0,0.0,1.0,0.0,1.0,1.0,1.0,0.0,b0ea043c-ba49-4a3d-a91d-4b0015eee6f2,88,126,down,rule_based
11.0,11.0,63.0,6.0,2.0,1.0,0.0,1.0,1.0,1.0,1.0,0.0,-1.0,b0ea043c-ba49-4a3d-a91d-4b0015eee6f2,89,126,right,rule_based
11.0,11.0,62.0,6.0,3.0,1.0,1.0,1.0,0.0,1.0,1.0,0.0,1.0,b0ea043c-ba49-4a3d-a91d-4b0015eee6f2,90,126,down,rule_based
11.0,11.0,100.0,7.0,3.0,0.0,0.0,0.0,1.0,1.0,1.0,-1.0,0.0,b0ea043c-ba49-4a3d-a91d-4b0015eee6f2,91,126,right,rule_based
11.0,11.0,99.0,7.0,4.0,0.0,1.0,0.0,0.0,1.0,2.0,-2.0,0.0,b0ea043c-ba49-4a3d-a91d-4b0015eee6f2,92,126,right,rule_based
11.0,11.0,98.0,7.0,5.0,0.0,1.0,0.0,0.0,1.0,2.0,0.0,2.0,b0ea043c-ba49-4a3d-a91d-4b0015eee6f2,93,126,up,rule_based
11.0,11.0,97.0,7.0,5.0,1.0,1.0,0.0,1.0,1.0,1.0,0.0,1.0,b0ea043c-ba49-4a3d-a91d-4b0015eee6f2,94,126,left,rule_based
11.0,11.0,96.0,7.0,4.0,1.0,1.0,0.0,0.0,0.0,2.0,1.0,1.0,b0ea043c-ba49-4a3d-a91d-4b0015eee6f2,95,126,up,rule_based
11.0,11.0,95.0,7.0,4.0,2.0,1.0,0.0,1.0,1.0,1.0,1.0,0.0,b0ea043c-ba49-4a3d-a91d-4b0015eee6f2,96,126,up,rule_based
11.0,11.0,94.0,7.0,4.0,3.0,1.0,0.0,1.0,1.0,2.0,1.0,-1.0,b0ea043c-ba49-4a3d-a91d-4b0015eee6f2,97,126,left,rule_based
11.0,11.0,93.0,7.0,3.0,3.0,1.0,1.0,1.0,0.0,1.0,0.0,-1.0,b0ea043c-ba49-4a3d-a91d-4b0015eee6f2,98,126,left,rule_based
11.0,11.0,92.0,7.0,2.0,3.0,1.0,1.0,1.0,0.0,2.0,1.0,-1.0,b0ea043c-ba49-4a3d-a91d-4b0015eee6f2,99,126,left,rule_based
11.0,11.0,91.0,7.0,1.0,3.0,1.0,1.0,1.0,0.0,1.0,-1.0,0.0,b0ea043c-ba49-4a3d-a91d-4b0015eee6f2,100,126,left,rule_based
11.0,11.0,100.0,8.0,0.0,3.0,1.0,1.0,0.0,0.0,2.0,0.0,2.0,b0ea043c-ba49-4a3d-a91d-4b0015eee6f2,101,126,down,rule_based
11.0,11.0,99.0,8.0,0.0,2.0,0.0,1.0,0.0,1.0,3.0,3.0,0.0,b0ea043c-ba49-4a3d-a91d-4b0015eee6f2,102,126,right,rule_based
11.0,11.0,98.0,8.0,1.0,2.0,0.0,1.0,0.0,1.0,2.0,2.0,0.0,b0ea043c-ba49-4a3d-a91d-4b0015eee6f2,103,126,right,rule_based
11.0,11.0,97.0,8.0,2.0,2.0,0.0,1.0,0.0,1.0,1.0,1.0,0.0,b0ea043c-ba49-4a3d-a91d-4b0015eee6f2,104,126,down,rule_based
11.0,11.0,96.0,8.0,2.0,1.0,0.0,1.0,1.0,1.0,1.0,0.0,-1.0,b0ea043c-ba49-4a3d-a91d-4b0015eee6f2,105,126,right,rule_based
11.0,11.0,95.0,8.0,3.0,1.0,1.0,1.0,0.0,1.0,1.0,0.0,1.0,b0ea043c-ba49-4a3d-a91d-4b0015eee6f2,106,126,up,rule_based
11.0,11.0,100.0,9.0,3.0,2.0,1.0,0.0,0.0,1.0,2.0,2.0,0.0,b0ea043c-ba49-4a3d-a91d-4b0015eee6f2,107,126,up,rule_based
11.0,11.0,99.0,9.0,3.0,3.0,1.0,0.0,1.0,1.0,3.0,2.0,-1.0,b0ea043c-ba49-4a3d-a91d-4b0015eee6f2,108,126,right,rule_based
11.0,11.0,98.0,9.0,4.0,3.0,1.0,1.0,0.0,1.0,2.0,1.0,-1.0,b0ea043c-ba49-4a3d-a91d-4b0015eee6f2,109,126,right,rule_based
11.0,11.0,97.0,9.0,5.0,3.0,1.0,1.0,0.0,1.0,1.0,0.0,-1.0,b0ea043c-ba49-4a3d-a91d-4b0015eee6f2,110,126,down,rule_based
11.0,11.0,100.0,10.0,5.0,2.0,0.0,1.0,1.0,1.0,3.0,1.0,2.0,b0ea043c-ba49-4a3d-a91d-4b0015eee6f2,111,126,right,rule_based
11.0,11.0,99.0,10.0,6.0,2.0,1.0,1.0,0.0,1.0,2.0,0.0,2.0,b0ea043c-ba49-4a3d-a91d-4b0015eee6f2,112,126,down,rule_based
11.0,11.0,98.0,10.0,6.0,1.0,0.0,1.0,1.0,1.0,3.0,2.0,-1.0,b0ea043c-ba49-4a3d-a91d-4b0015eee6f2,113,126,right,rule_based
11.0,11.0,97.0,10.0,7.0,1.0,1.0,1.0,0.0,1.0,2.0,1.0,-1.0,b0ea043c-ba49-4a3d-a91d-4b0015eee6f2,114,126,right,rule_based
11.0,11.0,96.0,10.0,8.0,1.0,1.0,1.0,0.0,1.0,1.0,0.0,-1.0,b0ea043c-ba49-4a3d-a91d-4b0015eee6f2,115,126,down,rule_based
11.0,11.0,100.0,11.0,8.0,0.0,0.0,0.0,1.0,1.0,5.0,0.0,5.0,b0ea043c-ba49-4a3d-a91d-4b0015eee6f2,116,126,right,rule_based
11.0,11.0,99.0,11.0,9.0,0.0,1.0,0.0,0.0,1.0,6.0,-1.0,5.0,b0ea043c-ba49-4a3d-a91d-4b0015eee6f2,117,126,up,rule_based
11.0,11.0,98.0,11.0,9.0,1.0,1.0,0.0,0.0,1.0,5.0,-1.0,4.0,b0ea043c-ba49-4a3d-a91d-4b0015eee6f2,118,126,right,rule_based
11.0,11.0,97.0,11.0,10.0,1.0,1.0,1.0,0.0,0.0,5.0,0.0,5.0,b0ea043c-ba49-4a3d-a91d-4b0015eee6f2,119,126,up,rule_based
11.0,11.0,96.0,11.0,10.0,2.0,1.0,0.0,1.0,0.0,4.0,0.0,4.0,b0ea043c-ba49-4a3d-a91d-4b0015eee6f2,120,126,up,rule_based
11.0,11.0,95.0,11.0,10.0,3.0,1.0,0.0,1.0,0.0,3.0,0.0,3.0,b0ea043c-ba49-4a3d-a91d-4b0015eee6f2,121,126,up,rule_based
11.0,11.0,94.0,11.0,10.0,4.0,1.0,0.0,1.0,0.0,2.0,0.0,2.0,b0ea043c-ba49-4a3d-a91d-4b0015eee6f2,122,126,up,rule_based
11.0,11.0,93.0,11.0,10.0,5.0,1.0,0.0,1.0,0.0,1.0,0.0,1.0,b0ea043c-ba49-4a3d-a91d-4b0015eee6f2,123,126,up,rule_based
11.0,11.0,100.0,12.0,10.0,6.0,1.0,0.0,1.0,0.0,2.0,0.0,2.0,b0ea043c-ba49-4a3d-a91d-4b0015eee6f2,124,126,up,rule_based
11.0,11.0,99.0,12.0,10.0,7.0,1.0,0.0,1.0,0.0,1.0,0.0,1.0,b0ea043c-ba49-4a3d-a91d-4b0015eee6f2,125,126,left,rule_based
11.0,11.0,98.0,12.0,9.0,7.0,1.0,1.0,1.0,0.0,2.0,1.0,1.0,b0ea043c-ba49-4a3d-a91d-4b0015eee6f2,126,126,down,rule_based
11.0,11.0,97.0,12.0,9.0,6.0,0.0,1.0,1.0,0.0,2.0,-1.0,-1.0,b0ea043c-ba49-4a3d-a91d-4b0015eee6f2,127,126,down,rule_based
11.0,11.0,96.0,12.0,9.0,5.0,0.0,1.0,1.0,0.0,1.0,-1.0,0.0,b0ea043c-ba49-4a3d-a91d-4b0015eee6f2,128,126,left,rule_based
11.0,11.0,100.0,13.0,8.0,5.0,1.0,1.0,1.0,0.0,2.0,1.0,-1.0,b0ea043c-ba49-4a3d-a91d-4b0015eee6f2,129,126,up,rule_based
11.0,11.0,99.0,13.0,8.0,6.0,1.0,0.0,1.0,0.0,3.0,1.0,-2.0,b0ea043c-ba49-4a3d-a91d-4b0015eee6f2,130,126,left,rule_based
11.0,11.0,98.0,13.0,7.0,6.0,1.0,1.0,1.0,0.0,3.0,-1.0,-2.0,b0ea043c-ba49-4a3d-a91d-4b0015eee6f2,131,126,down,rule_based
11.0,11.0,97.0,13.0,7.0,5.0,0.0,1.0,1.0,0.0,2.0,-1.0,-1.0,b0ea043c-ba49-4a3d-a91d-4b0015eee6f2,132,126,left,rule_based
11.0,11.0,96.0,13.0,6.0,5.0,1.0,1.0,1.0,0.0,1.0,0.0,-1.0,b0ea043c-ba49-4a3d-a91d-4b0015eee6f2,133,126,up,rule_based
11.0,11.0,95.0,13.0,6.0,6.0,1.0,0.0,1.0,0.0,2.0,0.0,-2.0,b0ea043c-ba49-4a3d-a91d-4b0015eee6f2,134,126,up,rule_based
11.0,11.0,94.0,13.0,6.0,7.0,1.0,0.0,1.0,1.0,3.0,0.0,-3.0,b0ea043c-ba49-4a3d-a91d-4b0015eee6f2,135,126,up,rule_based
11.0,11.0,93.0,13.0,6.0,8.0,1.0,0.0,1.0,1.0,3.0,-2.0,1.0,b0ea043c-ba49-4a3d-a91d-4b0015eee6f2,136,126,right,rule_based
11.0,11.0,92.0,13.0,7.0,8.0,1.0,1.0,0.0,1.0,2.0,0.0,2.0,b0ea043c-ba49-4a3d-a91d-4b0015eee6f2,137,126,up,rule_based
11.0,11.0,91.0,13.0,7.0,9.0,1.0,0.0,1.0,1.0,1.0,0.0,1.0,b0ea043c-ba49-4a3d-a91d-4b0015eee6f2,138,126,right,rule_based
11.0,11.0,90.0,13.0,8.0,9.0,1.0,1.0,0.0,1.0,2.0,-1.0,1.0,b0ea043c-ba49-4a3d-a91d-4b0015eee6f2,139,126,up,rule_based
11.0,11.0,89.0,13.0,8.0,10.0,0.0,0.0,1.0,1.0,1.0,-1.0,0.0,b0ea043c-ba49-4a3d-a91d-4b0015eee6f2,140,126,left,rule_based
11.0,11.0,100.0,14.0,7.0,10.0,0.0,0.0,1.0,0.0,4.0,-3.0,-1.0,b0ea043c-ba49-4a3d-a91d-4b0015eee6f2,141,126,left,rule_based
11.0,11.0,99.0,14.0,6.0,10.0,0.0,1.0,1.0,0.0,3.0,-2.0,-1.0,b0ea043c-ba49-4a3d-a91d-4b0015eee6f2,142,126,left,rule_based
11.0,11.0,98.0,14.0,5.0,10.0,0.0,1.0,1.0,0.0,2.0,-1.0,-1.0,b0ea043c-ba49-4a3d-a91d-4b0015eee6f2,143,126,left,rule_based
11.0,11.0,97.0,14.0,4.0,10.0,0.0,1.0,1.0,0.0,1.0,0.0,-1.0,b0ea043c-ba49-4a3d-a91d-4b0015eee6f2,144,126,down,rule_based
11.0,11.0,100.0,15.0,4.0,9.0,0.0,1.0,1.0,1.0,7.0,2.0,-5.0,b0ea043c-ba49-4a3d-a91d-4b0015eee6f2,145,126,left,rule_based
11.0,11.0,99.0,15.0,3.0,9.0,1.0,1.0,1.0,0.0,7.0,-3.0,-4.0,b0ea043c-ba49-4a3d-a91d-4b0015eee6f2,146,126,down,rule_based
11.0,11.0,98.0,15.0,3.0,8.0,0.0,1.0,1.0,1.0,6.0,-3.0,-3.0,b0ea043c-ba49-4a3d-a91d-4b0015eee6f2,147,126,right,rule_based
11.0,11.0,97.0,15.0,4.0,8.0,0.0,1.0,0.0,1.0,6.0,2.0,-4.0,b0ea043c-ba49-4a3d-a91d-4b0015eee6f2,148,126,down,rule_based
11.0,11.0,96.0,15.0,4.0,7.0,0.0,1.0,1.0,1.0,5.0,2.0,-3.0,b0ea043c-ba49-4a3d-a91d-4b0015eee6f2,149,126,down,rule_based
11.0,11.0,95.0,15.0,4.0,6.0,0.0,1.0,1.0,1.0,4.0,2.0,-2.0,b0ea043c-ba49-4a3d-a91d-4b0015eee6f2,150,126,down,rule_based
11.0,11.0,94.0,15.0,4.0,5.0,0.0,1.0,1.0,1.0,3.0,2.0,-1.0,b0ea043c-ba49-4a3d-a91d-4b0015eee6f2,151,126,right,rule_based
11.0,11.0,93.0,15.0,5.0,5.0,1.0,1.0,0.0,1.0,2.0,1.0,-1.0,b0ea043c-ba49-4a3d-a91d-4b0015eee6f2,152,126,down,rule_based
11.0,11.0,92.0,15.0,5.0,4.0,0.0,1.0,1.0,1.0,1.0,1.0,0.0,b0ea043c-ba49-4a3d-a91d-4b0015eee6f2,153,126,down,rule_based
11.0,11.0,91.0,15.0,5.0,3.0,0.0,1.0,1.0,1.0,2.0,1.0,1.0,b0ea043c-ba49-4a3d-a91d-4b0015eee6f2,154,126,right,rule_based
11.0,11.0,90.0,15.0,6.0,3.0,1.0,1.0,0.0,1.0,1.0,0.0,1.0,b0ea043c-ba49-4a3d-a91d-4b0015eee6f2,155,126,up,rule_based
11.0,11.0,100.0,16.0,6.0,4.0,1.0,0.0,0.0,1.0,3.0,3.0,0.0,b0ea043c-ba49-4a3d-a91d-4b0015eee6f2,156,126,up,rule_based
11.0,11.0,99.0,16.0,6.0,5.0,1.0,0.0,0.0,1.0,4.0,3.0,-1.0,b0ea043c-ba49-4a3d-a91d-4b0015eee6f2,157,126,right,rule_based
11.0,11.0,98.0,16.0,7.0,5.0,1.0,1.0,0.0,1.0,3.0,2.0,-1.0,b0ea043c-ba49-4a3d-a91d-4b0015eee6f2,158,126,right,rule_based
11.0,11.0,97.0,16.0,8.0,5.0,1.0,1.0,0.0,1.0,2.0,1.0,-1.0,b0ea043c-ba49-4a3d-a91d-4b0015eee6f2,159,126,right,rule_based
11.0,11.0,96.0,16.0,9.0,5.0,1.0,1.0,0.0,1.0,1.0,0.0,-1.0,b0ea043c-ba49-4a3d-a91d-4b0015eee6f2,160,126,up,rule_based
11.0,11.0,95.0,16.0,9.0,6.0,1.0,0.0,1.0,1.0,2.0,0.0,-2.0,b0ea043c-ba49-4a3d-a91d-4b0015eee6f2,161,126,up,rule_based
11.0,11.0,94.0,16.0,9.0,7.0,1.0,0.0,1.0,1.0,2.0,1.0,1.0,b0ea043c-ba49-4a3d-a91d-4b0015eee6f2,162,126,up,rule_based
11.0,11.0,93.0,16.0,9.0,8.0,1.0,0.0,1.0,1.0,1.0,1.0,0.0,b0ea043c-ba49-4a3d-a91d-4b0015eee6f2,163,126,right,rule_based
11.0,11.0,100.0,17.0,10.0,8.0,1.0,1.0,0.0,0.0,5.0,-1.0,-4.0,b0ea043c-ba49-4a3d-a91d-4b0015eee6f2,164,126,down,rule_based
11.0,11.0,99.0,17.0,10.0,7.0,0.0,1.0,0.0,0.0,4.0,-1.0,-3.0,b0ea043c-ba49-4a3d-a91d-4b0015eee6f2,165,126,down,rule_based
11.0,11.0,98.0,17.0,10.0,6.0,0.0,1.0,0.0,0.0,3.0,-1.0,-2.0,b0ea043c-ba49-4a3d-a91d-4b0015eee6f2,166,126,down,rule_based
11.0,11.0,97.0,17.0,10.0,5.0,0.0,1.0,0.0,0.0,2.0,-1.0,-1.0,b0ea043c-ba49-4a3d-a91d-4b0015eee6f2,167,126,down,rule_based
11.0,11.0,96.0,17.0,10.0,4.0,0.0,1.0,1.0,0.0,1.0,-1.0,0.0,b0ea043c-ba49-4a3d-a91d-4b0015eee6f2,168,126,left,rule_based
11.0,11.0,100.0,18.0,9.0,4.0,0.0,1.0,1.0,0.0,6.0,-4.0,2.0,b0ea043c-ba49-4a3d-a91d-4b0015eee6f2,169,126,left,rule_based
11.0,11.0,99.0,18.0,8.0,4.0,0.0,1.0,1.0,0.0,5.0,-3.0,2.0,b0ea043c-ba49-4a3d-a91d-4b0015eee6f2,170,126,down,rule_based
11.0,11.0,98.0,18.0,8.0,3.0,0.0,1.0,1.0,1.0,6.0,-3.0,3.0,b0ea043c-ba49-4a3d-a91d-4b0015eee6f2,171,126,down,rule_based
11.0,11.0,97.0,18.0,8.0,2.0,0.0,1.0,1.0,1.0,7.0,-5.0,-2.0,b0ea043c-ba49-4a3d-a91d-4b0015eee6f2,172,126,down,rule_based
11.0,11.0,96.0,18.0,8.0,1.0,0.0,1.0,1.0,1.0,6.0,-5.0,-1.0,b0ea043c-ba49-4a3d-a91d-4b0015eee6f2,173,126,left,rule_based
11.0,11.0,95.0,18.0,7.0,1.0,1.0,1.0,1.0,0.0,5.0,-4.0,-1.0,b0ea043c-ba49-4a3d-a91d-4b0015eee6f2,174,126,up,rule_based
11.0,11.0,94.0,18.0,7.0,2.0,1.0,0.0,1.0,0.0,6.0,-4.0,-2.0,b0ea043c-ba49-4a3d-a91d-4b0015eee6f2,175,126,up,rule_based
11.0,11.0,93.0,18.0,7.0,3.0,1.0,0.0,1.0,0.0,5.0,-2.0,3.0,b0ea043c-ba49-4a3d-a91d-4b0015eee6f2,176,126,up,rule_based
11.0,11.0,92.0,18.0,7.0,4.0,1.0,0.0,1.0,0.0,4.0,-2.0,2.0,b0ea043c-ba49-4a3d-a91d-4b0015eee6f2,177,126,left,rule_based
11.0,11.0,91.0,18.0,6.0,4.0,1.0,1.0,1.0,0.0,3.0,-1.0,2.0,b0ea043c-ba49-4a3d-a91d-4b0015eee6f2,178,126,up,rule_based
11.0,11.0,90.0,18.0,6.0,5.0,1.0,0.0,1.0,1.0,2.0,-1.0,1.0,b0ea043c-ba49-4a3d-a91d-4b0015eee6f2,179,126,up,rule_based
11.0,11.0,89.0,18.0,6.0,6.0,1.0,0.0,1.0,1.0,1.0,-1.0,0.0,b0ea043c-ba49-4a3d-a91d-4b0015eee6f2,180,126,left,rule_based
11.0,11.0,100.0,19.0,5.0,6.0,1.0,1.0,1.0,0.0,6.0,-5.0,-1.0,b0ea043c-ba49-4a3d-a91d-4b0015eee6f2,181,126,left,rule_based
11.0,11.0,99.0,19.0,4.0,6.0,1.0,1.0,1.0,0.0,5.0,-4.0,-1.0,b0ea043c-ba49-4a3d-a91d-4b0015eee6f2,182,126,up,rule_based
11.0,11.0,98.0,19.0,4.0,7.0,1.0,0.0,1.0,1.0,6.0,-4.0,-2.0,b0ea043c-ba49-4a3d-a91d-4b0015eee6f2,183,126,left,rule_based
11.0,11.0,97.0,19.0,3.0,7.0,1.0,1.0,1.0,0.0,5.0,-3.0,-2.0,b0ea043c-ba49-4a3d-a91d-4b0015eee6f2,184,126,up,rule_based
11.0,11.0,96.0,19.0,3.0,8.0,1.0,0.0,1.0,1.0,6.0,-3.0,-3.0,b0ea043c-ba49-4a3d-a91d-4b0015eee6f2,185,126,right,rule_based
11.0,11.0,95.0,19.0,4.0,8.0,1.0,0.0,0.0,1.0,7.0,-4.0,-3.0,b0ea043c-ba49-4a3d-a91d-4b0015eee6f2,186,126,right,rule_based
11.0,11.0,94.0,19.0,5.0,8.0,1.0,1.0,0.0,1.0,8.0,-5.0,-3.0,b0ea043c-ba49-4a3d-a91d-4b0015eee6f2,187,126,up,rule_based
11.0,11.0,93.0,19.0,5.0,9.0,1.0,0.0,1.0,1.0,3.0,-2.0,1.0,b0ea043c-ba49-4a3d-a91d-4b0015eee6f2,188,126,right,rule_based
11.0,11.0,92.0,19.0,6.0,9.0,1.0,1.0,0.0,1.0,4.0,-3.0,1.0,b0ea043c-ba49-4a3d-a91d-4b0015eee6f2,189,126,down,rule_based
11.0,11.0,91.0,19.0,6.0,8.0,0.0,1.0,0.0,1.0,4.0,3.0,-1.0,b0ea043c-ba49-4a3d-a91d-4b0015eee6f2,190,126,right,rule_based
11.0,11.0,90.0,19.0,7.0,8.0,1.0,1.0,0.0,1.0,3.0,2.0,-1.0,b0ea043c-ba49-4a3d-a91d-4b0015eee6f2,191,126,up,rule_based
11.0,11.0,89.0,19.0,7.0,9.0,1.0,0.0,0.0,1.0,4.0,2.0,-2.0,b0ea043c-ba49-4a3d-a91d-4b0015eee6f2,192,126,up,rule_based
11.0,11.0,88.0,19.0,7.0,10.0,0.0,0.0,1.0,1.0,4.0,-4.0,0.0,b0ea043c-ba49-4a3d-a91d-4b0015eee6f2,193,126,right,rule_based
11.0,11.0,87.0,19.0,8.0,10.0,0.0,1.0,0.0,1.0,4.0,1.0,-3.0,b0ea043c-ba49-4a3d-a91d-4b0015eee6f2,194,126,right,rule_based
11.0,11.0,86.0,19.0,9.0,10.0,0.0,1.0,0.0,1.0,3.0,0.0,-3.0,b0ea043c-ba49-4a3d-a91d-4b0015eee6f2,195,126,down,rule_based
11.0,11.0,85.0,19.0,9.0,9.0,0.0,1.0,1.0,1.0,2.0,0.0,-2.0,b0ea043c-ba49-4a3d-a91d-4b0015eee6f2,196,126,right,rule_based
11.0,11.0,84.0,19.0,10.0,9.0,1.0,1.0,0.0,0.0,3.0,-1.0,-2.0,b0ea043c-ba49-4a3d-a91d-4b0015eee6f2,197,126,down,rule_based
11.0,11.0,83.0,19.0,10.0,8.0,0.0,1.0,1.0,0.0,2.0,-1.0,-1.0,b0ea043c-ba49-4a3d-a91d-4b0015eee6f2,198,126,down,rule_based
11.0,11.0,82.0,19.0,10.0,7.0,0.0,1.0,1.0,0.0,1.0,-1.0,0.0,b0ea043c-ba49-4a3d-a91d-4b0015eee6f2,199,126,left,rule_based
11.0,11.0,100.0,20.0,9.0,7.0,1.0,1.0,1.0,0.0,5.0,0.0,-5.0,b0ea043c-ba49-4a3d-a91d-4b0015eee6f2,200,126,left,rule_based
11.0,11.0,99.0,20.0,8.0,7.0,1.0,1.0,1.0,0.0,6.0,1.0,-5.0,b0ea043c-ba49-4a3d-a91d-4b0015eee6f2,201,126,up,rule_based
11.0,11.0,98.0,20.0,8.0,8.0,1.0,0.0,0.0,1.0,7.0,-5.0,2.0,b0ea043c-ba49-4a3d-a91d-4b0015eee6f2,202,126,right,rule_based
11.0,11.0,100.0,3.0,5.0,1.0,1.0,1.0,1.0,1.0,2.0,1.0,-1.0,c7eb15ac-4492-4432-aa0b-c70cc65e327c,0,127,up,rule_based
11.0,11.0,99.0,3.0,5.0,2.0,1.0,0.0,1.0,1.0,3.0,1.0,-2.0,c7eb15ac-4492-4432-aa0b-c70cc65e327c,1,127,right,rule_based
11.0,11.0,98.0,3.0,6.0,2.0,1.0,1.0,0.0,1.0,2.0,0.0,-2.0,c7eb15ac-4492-4432-aa0b-c70cc65e327c,2,127,right,rule_based
11.0,11.0,97.0,3.0,7.0,2.0,1.0,1.0,0.0,1.0,3.0,-1.0,-2.0,c7eb15ac-4492-4432-aa0b-c70cc65e327c,3,127,right,rule_based
11.0,11.0,96.0,3.0,8.0,2.0,1.0,1.0,0.0,1.0,3.0,1.0,-2.0,c7eb15ac-4492-4432-aa0b-c70cc65e327c,4,127,up,rule_based
11.0,11.0,95.0,3.0,8.0,3.0,1.0,0.0,1.0,1.0,4.0,1.0,-3.0,c7eb15ac-4492-4432-aa0b-c70cc65e327c,5,127,up,rule_based
11.0,11.0,94.0,3.0,8.0,4.0,1.0,0.0,1.0,1.0,4.0,-3.0,1.0,c7eb15ac-4492-4432-aa0b-c70cc65e327c,6,127,up,rule_based
11.0,11.0,93.0,3.0,8.0,5.0,1.0,0.0,1.0,1.0,3.0,-3.0,0.0,c7eb15ac-4492-4432-aa0b-c70cc65e327c,7,127,left,rule_based
11.0,11.0,92.0,3.0,7.0,5.0,1.0,1.0,1.0,0.0,2.0,-2.0,0.0,c7eb15ac-4492-4432-aa0b-c70cc65e327c,8,127,up,rule_based
11.0,11.0,91.0,3.0,7.0,6.0,1.0,0.0,1.0,1.0,3.0,-2.0,-1.0,c7eb15ac-4492-4432-aa0b-c70cc65e327c,9,127,left,rule_based
11.0,11.0,90.0,3.0,6.0,6.0,1.0,1.0,1.0,0.0,2.0,-1.0,-1.0,c7eb15ac-4492-4432-aa0b-c70cc65e327c,10,127,up,rule_based
11.0,11.0,89.0,3.0,6.0,7.0,1.0,0.0,1.0,1.0,3.0,-1.0,-2.0,c7eb15ac-4492-4432-aa0b-c70cc65e327c,11,127,left,rule_based
11.0,11.0,88.0,3.0,5.0,7.0,1.0,1.0,1.0,0.0,2.0,0.0,-2.0,c7eb15ac-4492-4432-aa0b-c70cc65e327c,12,127,left,rule_based
11.0,11.0,87.0,3.0,4.0,7.0,1.0,1.0,1.0,0.0,3.0,1.0,-2.0,c7eb15ac-4492-4432-aa0b-c70cc65e327c,13,127,left,rule_based
11.0,11.0,86.0,3.0,3.0,7.0,1.0,1.0,1.0,0.0,4.0,2.0,-2.0,c7eb15ac-4492-4432-aa0b-c70cc65e327c,14,127,down,rule_based
11.0,11.0,85.0,3.0,3.0,6.0,0.0,1.0,1.0,1.0,3.0,2.0,-1.0,c7eb15ac-4492-4432-aa0b-c70cc65e327c,15,127,left,rule_based
11.0,11.0,84.0,3.0,2.0,6.0,1.0,1.0,1.0,0.0,4.0,3.0,-1.0,c7eb15ac-4492-4432-aa0b-c70cc65e327c,16,127,up,rule_based
11.0,11.0,83.0,3.0,2.0,7.0,1.0,0.0,1.0,1.0,5.0,3.0,-2.0,c7eb15ac-4492-4432-aa0b-c70cc65e327c,17,127,left,rule_based
11.0,11.0,82.0,3.0,1.0,7.0,1.0,1.0,1.0,0.0,6.0,4.0,-2.0,c7eb15ac-4492-4432-aa0b-c70cc65e327c,18,127,down,rule_based
11.0,11.0,81.0,3.0,1.0,6.0,0.0,1.0,1.0,1.0,5.0,4.0,-1.0,c7eb15ac-4492-4432-aa0b-c70cc65e327c,19,127,right,rule_based
11.0,11.0,80.0,3.0,2.0,6.0,1.0,1.0,0.0,1.0,4.0,3.0,-1.0,c7eb15ac-4492-4432-aa0b-c70cc65e327c,20,127,right,rule_based
11.0,11.0,79.0,3.0,3.0,6.0,1.0,1.0,0.0,1.0,3.0,2.0,-1.0,c7eb15ac-4492-4432-aa0b-c70cc65e327c,21,127,up,rule_based
11.0,11.0,78.0,3.0,3.0,7.0,1.0,0.0,1.0,1.0,4.0,2.0,-2.0,c7eb15ac-4492-4432-aa0b-c70cc65e327c,22,127,left,rule_based
11.0,11.0,77.0,3.0,2.0,7.0,1.0,1.0,1.0,0.0,4.0,-1.0,3.0,c7eb15ac-4492-4432-aa0b-c70cc65e327c,23,127,up,rule_based
11.0,11.0,76.0,3.0,2.0,8.0,1.0,0.0,1.0,1.0,3.0,-1.0,2.0,c7eb15ac-4492-4432-aa0b-c70cc65e327c,24,127,up,rule_based
11.0,11.0,75.0,3.0,2.0,9.0,1.0,0.0,1.0,1.0,2.0,-1.0,1.0,c7eb15ac-4492-4432-aa0b-c70cc65e327c,25,127,right,rule_based
11.0,11.0,74.0,3.0,3.0,9.0,1.0,1.0,0.0,1.0,3.0,-2.0,1.0,c7eb15ac-4492-4432-aa0b-c70cc65e327c,26,127,right,rule_based
11.0,11.0,73.0,3.0,4.0,9.0,1.0,1.0,0.0,1.0,4.0,-3.0,1.0,c7eb15ac-4492-4432-aa0b-c70cc65e327c,27,127,down,rule_based
11.0,11.0,72.0,3.0,4.0,8.0,0.0,1.0,1.0,1.0,3.0,1.0,-2.0,c7eb15ac-4492-4432-aa0b-c70cc65e327c,28,127,left,rule_based
11.0,11.0,71.0,3.0,3.0,8.0,1.0,1.0,1.0,0.0,4.0,-2.0,2.0,c7eb15ac-4492-4432-aa0b-c70cc65e327c,29,127,up,rule_based
11.0,11.0,70.0,3.0,3.0,9.0,1.0,0.0,1.0,1.0,3.0,-2.0,1.0,c7eb15ac-4492-4432-aa0b-c70cc65e327c,30,127,left,rule_based
11.0,11.0,69.0,3.0,2.0,9.0,1.0,1.0,1.0,0.0,2.0,-1.0,1.0,c7eb15ac-4492-4432-aa0b-c70cc65e327c,31,127,up,rule_based
11.0,11.0,68.0,3.0,2.0,10.0,0.0,0.0,1.0,1.0,1.0,-1.0,0.0,c7eb15ac-4492-4432-aa0b-c70cc65e327c,32,127,right,rule_based
11.0,11.0,67.0,3.0,3.0,10.0,0.0,1.0,0.0,1.0,2.0,-2.0,0.0,c7eb15ac-4492-4432-aa0b-c70cc65e327c,33,127,right,rule_based
11.0,11.0,66.0,3.0,4.0,10.0,0.0,1.0,0.0,1.0,3.0,-3.0,0.0,c7eb15ac-4492-4432-aa0b-c70cc65e327c,34,127,right,rule_based
11.0,11.0,65.0,3.0,5.0,10.0,0.0,1.0,0.0,1.0,4.0,-4.0,0.0,c7eb15ac-4492-4432-aa0b-c70cc65e327c,35,127,down,rule_based
11.0,11.0,64.0,3.0,5.0,9.0,0.0,1.0,1.0,1.0,3.0,0.0,-3.0,c7eb15ac-4492-4432-aa0b-c70cc65e327c,36,127,right,rule_based
11.0,11.0,63.0,3.0,6.0,9.0,1.0,1.0,0.0,1.0,3.0,3.0,0.0,c7eb15ac-4492-4432-aa0b-c70cc65e327c,37,127,up,rule_based
11.0,11.0,62.0,3.0,6.0,10.0,0.0,0.0,1.0,1.0,4.0,3.0,-1.0,c7eb15ac-4492-4432-aa0b-c70cc65e327c,38,127,right,rule_based
11.0,11.0,61.0,3.0,7.0,10.0,0.0,1.0,0.0,1.0,3.0,2.0,-1.0,c7eb15ac-4492-4432-aa0b-c70cc65e327c,39,127,down,rule_based
11.0,11.0,60.0,3.0,7.0,9.0,0.0,1.0,1.0,1.0,2.0,2.0,0.0,c7eb15ac-4492-4432-aa0b-c70cc65e327c,40,127,left,rule_based
11.0,11.0,59.0,3.0,6.0,9.0,1.0,1.0,1.0,0.0,3.0,3.0,0.0,c7eb15ac-4492-4432-aa0b-c70cc65e327c,41,127,down,rule_based
11.0,11.0,58.0,3.0,6.0,8.0,0.0,1.0,1.0,1.0,3.0,-1.0,-2.0,c7eb15ac-4492-4432-aa0b-c70cc65e327c,42,127,right,rule_based
11.0,11.0,57.0,3.0,7.0,8.0,1.0,1.0,0.0,1.0,3.0,2.0,1.0,c7eb15ac-4492-4432-aa0b-c70cc65e327c,43,127,up,rule_based
11.0,11.0,56.0,3.0,7.0,9.0,1.0,0.0,1.0,1.0,2.0,2.0,0.0,c7eb15ac-4492-4432-aa0b-c70cc65e327c,44,127,left,rule_based
11.0,11.0,55.0,3.0,6.0,9.0,1.0,1.0,1.0,0.0,3.0,3.0,0.0,c7eb15ac-4492-4432-aa0b-c70cc65e327c,45,127,left,rule_based
11.0,11.0,54.0,3.0,5.0,9.0,1.0,1.0,1.0,0.0,3.0,0.0,-3.0,c7eb15ac-4492-4432-aa0b-c70cc65e327c,46,127,left,rule_based
11.0,11.0,53.0,3.0,4.0,9.0,1.0,1.0,1.0,0.0,4.0,-3.0,1.0,c7eb15ac-4492-4432-aa0b-c70cc65e327c,47,127,up,rule_based
11.0,11.0,52.0,3.0,4.0,10.0,0.0,0.0,1.0,1.0,3.0,-3.0,0.0,c7eb15ac-4492-4432-aa0b-c70cc65e327c,48,127,right,rule_based
11.0,11.0,51.0,3.0,5.0,10.0,0.0,1.0,0.0,1.0,4.0,-4.0,0.0,c7eb15ac-4492-4432-aa0b-c70cc65e327c,49,127,right,rule_based
11.0,11.0,50.0,3.0,6.0,10.0,0.0,1.0,0.0,1.0,4.0,3.0,-1.0,c7eb15ac-4492-4432-aa0b-c70cc65e327c,50,127,right,rule_based
11.0,11.0,49.0,3.0,7.0,10.0,0.0,1.0,0.0,1.0,3.0,2.0,-1.0,c7eb15ac-4492-4432-aa0b-c70cc65e327c,51,127,down,rule_based
11.0,11.0,48.0,3.0,7.0,9.0,0.0,1.0,1.0,1.0,2.0,2.0,0.0,c7eb15ac-4492-4432-aa0b-c70cc65e327c,52,127,right,rule_based
11.0,11.0,47.0,3.0,8.0,9.0,1.0,1.0,0.0,1.0,1.0,1.0,0.0,c7eb15ac-4492-4432-aa0b-c70cc65e327c,53,127,right,rule_based
11.0,11.0,100.0,4.0,9.0,9.0,1.0,1.0,0.0,1.0,5.0,1.0,-4.0,c7eb15ac-4492-4432-aa0b-c70cc65e327c,54,127,up,rule_based
11.0,11.0,99.0,4.0,9.0,10.0,0.0,0.0,1.0,1.0,6.0,1.0,-5.0,c7eb15ac-4492-4432-aa0b-c70cc65e327c,55,127,right,rule_based
11.0,11.0,98.0,4.0,10.0,10.0,0.0,1.0,0.0,0.0,5.0,0.0,-5.0,c7eb15ac-4492-4432-aa0b-c70cc65e327c,56,127,down,rule_based
11.0,11.0,97.0,4.0,10.0,9.0,0.0,1.0,0.0,0.0,4.0,0.0,-4.0,c7eb15ac-4492-4432-aa0b-c70cc65e327c,57,127,down,rule_based
11.0,11.0,96.0,4.0,10.0,8.0,0.0,1.0,1.0,0.0,3.0,0.0,-3.0,c7eb15ac-4492-4432-aa0b-c70cc65e327c,58,127,down,rule_based
11.0,11.0,95.0,4.0,10.0,7.0,0.0,1.0,1.0,0.0,2.0,0.0,-2.0,c7eb15ac-4492-4432-aa0b-c70cc65e327c,59,127,left,rule_based
11.0,11.0,94.0,4.0,9.0,7.0,1.0,1.0,1.0,0.0,3.0,1.0,-2.0,c7eb15ac-4492-4432-aa0b-c70cc65e327c,60,127,up,rule_based
11.0,11.0,93.0,4.0,9.0,8.0,1.0,0.0,1.0,0.0,4.0,1.0,-3.0,c7eb15ac-4492-4432-aa0b-c70cc65e327c,61,127,left,rule_based
11.0,11.0,92.0,4.0,8.0,8.0,1.0,1.0,1.0,0.0,5.0,-3.0,-2.0,c7eb15ac-4492-4432-aa0b-c70cc65e327c,62,127,left,rule_based
11.0,11.0,91.0,4.0,7.0,8.0,1.0,1.0,1.0,0.0,4.0,-2.0,-2.0,c7eb15ac-4492-4432-aa0b-c70cc65e327c,63,127,left,rule_based
11.0,11.0,90.0,4.0,6.0,8.0,1.0,1.0,1.0,0.0,3.0,-1.0,-2.0,c7eb15ac-4492-4432-aa0b-c70cc65e327c,64,127,up,rule_based
11.0,11.0,89.0,4.0,6.0,9.0,1.0,0.0,1.0,1.0,4.0,-1.0,-3.0,c7eb15ac-4492-4432-aa0b-c70cc65e327c,65,127,up,rule_based
11.0,11.0,88.0,4.0,6.0,10.0,0.0,0.0,1.0,1.0,5.0,-5.0,0.0,c7eb15ac-4492-4432-aa0b-c70cc65e327c,66,127,right,rule_based
11.0,11.0,87.0,4.0,7.0,10.0,0.0,1.0,0.0,1.0,6.0,-6.0,0.0,c7eb15ac-4492-4432-aa0b-c70cc65e327c,67,127,down,rule_based
11.0,11.0,86.0,4.0,7.0,9.0,0.0,1.0,0.0,1.0,5.0,-2.0,-3.0,c7eb15ac-4492-4432-aa0b-c70cc65e327c,68,127,down,rule_based
11.0,11.0,85.0,4.0,7.0,8.0,0.0,1.0,1.0,1.0,4.0,-2.0,-2.0,c7eb15ac-4492-4432-aa0b-c70cc65e327c,69,127,left,rule_based
11.0,11.0,84.0,4.0,6.0,8.0,1.0,1.0,1.0,0.0,3.0,-1.0,-2.0,c7eb15ac-4492-4432-aa0b-c70cc65e327c,70,127,left,rule_based
11.0,11.0,83.0,4.0,5.0,8.0,1.0,1.0,1.0,0.0,2.0,0.0,-2.0,c7eb15ac-4492-4432-aa0b-c70cc65e327c,71,127,left,rule_based
11.0,11.0,82.0,4.0,4.0,8.0,1.0,1.0,1.0,0.0,3.0,1.0,-2.0,c7eb15ac-4492-4432-aa0b-c70cc65e327c,72,127,left,rule_based
11.0,11.0,81.0,4.0,3.0,8.0,1.0,1.0,1.0,0.0,4.0,-2.0,2.0,c7eb15ac-4492-4432-aa0b-c70cc65e327c,73,127,up,rule_based
11.0,11.0,80.0,4.0,3.0,9.0,1.0,0.0,1.0,1.0,3.0,-2.0,1.0,c7eb15ac-4492-4432-aa0b-c70cc65e327c,74,127,left,rule_based
11.0,11.0,79.0,4.0,2.0,9.0,1.0,1.0,1.0,0.0,2.0,-1.0,1.0,c7eb15ac-4492-4432-aa0b-c70cc65e327c,75,127,left,rule_based
11.0,11.0,78.0,4.0,1.0,9.0,1.0,1.0,1.0,0.0,1.0,0.0,1.0,c7eb15ac-4492-4432-aa0b-c70cc65e327c,76,127,down,rule_based
11.0,11.0,77.0,4.0,1.0,8.0,0.0,1.0,1.0,1.0,2.0,0.0,2.0,c7eb15ac-4492-4432-aa0b-c70cc65e327c,77,127,down,rule_based
11.0,11.0,76.0,4.0,1.0,7.0,0.0,1.0,1.0,1.0,3.0,0.0,3.0,c7eb15ac-4492-4432-aa0b-c70cc65e327c,78,127,right,rule_based
11.0,11.0,75.0,4.0,2.0,7.0,1.0,1.0,0.0,1.0,4.0,-1.0,3.0,c7eb15ac-4492-4432-aa0b-c70cc65e327c,79,127,right,rule_based
11.0,11.0,74.0,4.0,3.0,7.0,1.0,1.0,0.0,1.0,3.0,2.0,-1.0,c7eb15ac-4492-4432-aa0b-c70cc65e327c,80,127,right,rule_based
11.0,11.0,73.0,4.0,4.0,7.0,1.0,1.0,0.0,1.0,2.0,1.0,-1.0,c7eb15ac-4492-4432-aa0b-c70cc65e327c,81,127,right,rule_based
11.0,11.0,72.0,4.0,5.0,7.0,1.0,1.0,0.0,1.0,1.0,0.0,-1.0,c7eb15ac-4492-4432-aa0b-c70cc65e327c,82,127,down,rule_based
11.0,11.0,100.0,5.0,5.0,6.0,0.0,1.0,1.0,1.0,1.0,0.0,-1.0,c7eb15ac-4492-4432-aa0b-c70cc65e327c,83,127,down,rule_based
11.0,11.0,100.0,6.0,5.0,5.0,0.0,1.0,1.0,1.0,2.0,1.0,-1.0,c7eb15ac-4492-4432-aa0b-c70cc65e327c,84,127,left,rule_based
11.0,11.0,99.0,6.0,4.0,5.0,1.0,1.0,1.0,0.0,3.0,2.0,-1.0,c7eb15ac-4492-4432-aa0b-c70cc65e327c,85,127,up,rule_based
11.0,11.0,98.0,6.0,4.0,6.0,0.0,0.0,1.0,0.0,4.0,2.0,-2.0,c7eb15ac-4492-4432-aa0b-c70cc65e327c,86,127,left,rule_based
11.0,11.0,97.0,6.0,3.0,6.0,1.0,1.0,1.0,0.0,4.0,0.0,-4.0,c7eb15ac-4492-4432-aa0b-c70cc65e327c,87,127,up,rule_based
11.0,11.0,96.0,6.0,3.0,7.0,1.0,0.0,1.0,1.0,5.0,0.0,-5.0,c7eb15ac-4492-4432-aa0b-c70cc65e327c,88,127,right,rule_based
11.0,11.0,95.0,6.0,4.0,7.0,1.0,0.0,0.0,1.0,5.0,2.0,-3.0,c7eb15ac-4492-4432-aa0b-c70cc65e327c,89,127,right,rule_based
11.0,11.0,94.0,6.0,5.0,7.0,1.0,1.0,0.0,1.0,4.0,1.0,-3.0,c7eb15ac-4492-4432-aa0b-c70cc65e327c,90,127,down,rule_based
11.0,11.0,93.0,6.0,5.0,6.0,0.0,1.0,0.0,1.0,3.0,1.0,-2.0,c7eb15ac-4492-4432-aa0b-c70cc65e327c,91,127,down,rule_based
11.0,11.0,92.0,6.0,5.0,5.0,0.0,1.0,1.0,1.0,2.0,1.0,-1.0,c7eb15ac-4492-4432-aa0b-c70cc65e327c,92,127,down,rule_based
11.0,11.0,91.0,6.0,5.0,4.0,0.0,1.0,1.0,1.0,1.0,1.0,0.0,c7eb15ac-4492-4432-aa0b-c70cc65e327c,93,127,down,rule_based
11.0,11.0,90.0,6.0,5.0,3.0,0.0,1.0,1.0,1.0,2.0,0.0,-2.0,c7eb15ac-4492-4432-aa0b-c70cc65e327c,94,127,left,rule_based
11.0,11.0,89.0,6.0,4.0,3.0,1.0,1.0,1.0,0.0,2.0,-1.0,-1.0,c7eb15ac-4492-4432-aa0b-c70cc65e327c,95,127,up,rule_based
11.0,11.0,88.0,6.0,4.0,4.0,1.0,0.0,1.0,0.0,2.0,2.0,0.0,c7eb15ac-4492-4432-aa0b-c70cc65e327c,96,127,up,rule_based
11.0,11.0,87.0,6.0,4.0,5.0,1.0,0.0,1.0,0.0,3.0,2.0,-1.0,c7eb15ac-4492-4432-aa0b-c70cc65e327c,97,127,left,rule_based
11.0,11.0,86.0,6.0,3.0,5.0,1.0,1.0,1.0,0.0,3.0,0.0,-3.0,c7eb15ac-4492-4432-aa0b-c70cc65e327c,98,127,down,rule_based
11.0,11.0,85.0,6.0,3.0,4.0,0.0,1.0,1.0,0.0,2.0,0.0,-2.0,c7eb15ac-4492-4432-aa0b-c70cc65e327c,99,127,left,rule_based
11.0,11.0,84.0,6.0,2.0,4.0,1.0,1.0,1.0,0.0,3.0,1.0,-2.0,c7eb15ac-4492-4432-aa0b-c70cc65e327c,100,127,down,rule_based
11.0,11.0,83.0,6.0,2.0,3.0,0.0,1.0,1.0,1.0,2.0,1.0,-1.0,c7eb15ac-4492-4432-aa0b-c70cc65e327c,101,127,left,rule_based
11.0,11.0,82.0,6.0,1.0,3.0,1.0,1.0,1.0,0.0,3.0,2.0,-1.0,c7eb15ac-4492-4432-aa0b-c70cc65e327c,102,127,down,rule_based
11.0,11.0,81.0,6.0,1.0,2.0,0.0,1.0,1.0,1.0,2.0,2.0,0.0,c7eb15ac-4492-4432-aa0b-c70cc65e327c,103,127,left,rule_based
11.0,11.0,80.0,6.0,0.0,2.0,1.0,1.0,0.0,0.0,3.0,3.0,0.0,c7eb15ac-4492-4432-aa0b-c70cc65e327c,104,127,down,rule_based
11.0,11.0,79.0,6.0,0.0,1.0,0.0,1.0,0.0,1.0,2.0,2.0,0.0,c7eb15ac-4492-4432-aa0b-c70cc65e327c,105,127,down,rule_based
11.0,11.0,78.0,6.0,0.0,0.0,0.0,0.0,0.0,1.0,3.0,2.0,1.0,c7eb15ac-4492-4432-aa0b-c70cc65e327c,106,127,right,rule_based
11.0,11.0,77.0,6.0,1.0,0.0,1.0,0.0,0.0,1.0,2.0,1.0,1.0,c7eb15ac-4492-4432-aa0b-c70cc65e327c,107,127,up,rule_based
11.0,11.0,76.0,6.0,1.0,1.0,0.0,0.0,0.0,1.0,1.0,1.0,0.0,c7eb15ac-4492-4432-aa0b-c70cc65e327c,108,127,right,rule_based
11.0,11.0,100.0,7.0,2.0,1.0,1.0,1.0,0.0,1.0,2.0,1.0,1.0,c7eb15ac-4492-4432-aa0b-c70cc65e327c,109,127,up,rule_based
11.0,11.0,99.0,7.0,2.0,2.0,1.0,0.0,1.0,1.0,1.0,1.0,0.0,c7eb15ac-4492-4432-aa0b-c70cc65e327c,110,127,up,rule_based
11.0,11.0,98.0,7.0,2.0,3.0,1.0,0.0,1.0,1.0,2.0,1.0,-1.0,c7eb15ac-4492-4432-aa0b-c70cc65e327c,111,127,up,rule_based
11.0,11.0,97.0,7.0,2.0,4.0,1.0,0.0,1.0,1.0,3.0,1.0,-2.0,c7eb15ac-4492-4432-aa0b-c70cc65e327c,112,127,up,rule_based
11.0,11.0,96.0,7.0,2.0,5.0,1.0,0.0,1.0,1.0,4.0,1.0,-3.0,c7eb15ac-4492-4432-aa0b-c70cc65e327c,113,127,up,rule_based
11.0,11.0,95.0,7.0,2.0,6.0,1.0,0.0,1.0,1.0,5.0,1.0,-4.0,c7eb15ac-4492-4432-aa0b-c70cc65e327c,114,127,left,rule_based
11.0,11.0,94.0,7.0,1.0,6.0,1.0,1.0,1.0,0.0,4.0,0.0,4.0,c7eb15ac-4492-4432-aa0b-c70cc65e327c,115,127,down,rule_based
11.0,11.0,93.0,7.0,1.0,5.0,0.0,1.0,1.0,0.0,5.0,2.0,-3.0,c7eb15ac-4492-4432-aa0b-c70cc65e327c,116,127,down,rule_based
11.0,11.0,92.0,7.0,1.0,4.0,0.0,1.0,1.0,0.0,4.0,2.0,-2.0,c7eb15ac-4492-4432-aa0b-c70cc65e327c,117,127,down,rule_based
11.0,11.0,91.0,7.0,1.0,3.0,0.0,1.0,1.0,1.0,3.0,2.0,-1.0,c7eb15ac-4492-4432-aa0b-c70cc65e327c,118,127,right,rule_based
11.0,11.0,90.0,7.0,2.0,3.0,1.0,1.0,0.0,1.0,2.0,1.0,-1.0,c7eb15ac-4492-4432-aa0b-c70cc65e327c,119,127,down,rule_based
11.0,11.0,89.0,7.0,2.0,2.0,0.0,1.0,1.0,1.0,1.0,1.0,0.0,c7eb15ac-4492-4432-aa0b-c70cc65e327c,120,127,left,rule_based
11.0,11.0,88.0,7.0,1.0,2.0,0.0,1.0,1.0,0.0,2.0,2.0,0.0,c7eb15ac-4492-4432-aa0b-c70cc65e327c,121,127,left,rule_based
11.0,11.0,87.0,7.0,0.0,2.0,1.0,1.0,0.0,0.0,3.0,3.0,0.0,c7eb15ac-4492-4432-aa0b-c70cc65e327c,122,127,up,rule_based
11.0,11.0,86.0,7.0,0.0,3.0,1.0,0.0,0.0,0.0,4.0,3.0,-1.0,c7eb15ac-4492-4432-aa0b-c70cc65e327c,123,127,up,rule_based
11.0,11.0,85.0,7.0,0.0,4.0,1.0,0.0,0.0,1.0,5.0,3.0,-2.0,c7eb15ac-4492-4432-aa0b-c70cc65e327c,124,127,up,rule_based
11.0,11.0,84.0,7.0,0.0,5.0,1.0,0.0,0.0,1.0,6.0,3.0,-3.0,c7eb15ac-4492-4432-aa0b-c70cc65e327c,125,127,up,rule_based
11.0,11.0,83.0,7.0,0.0,6.0,1.0,0.0,0.0,1.0,5.0,1.0,4.0,c7eb15ac-4492-4432-aa0b-c70cc65e327c,126,127,up,rule_based
11.0,11.0,82.0,7.0,0.0,7.0,1.0,0.0,0.0,1.0,4.0,1.0,3.0,c7eb15ac-4492-4432-aa0b-c70cc65e327c,127,127,right,rule_based
11.0,11.0,81.0,7.0,1.0,7.0,1.0,1.0,0.0,1.0,3.0,0.0,3.0,c7eb15ac-4492-4432-aa0b-c70cc65e327c,128,127,down,rule_based
11.0,11.0,80.0,7.0,1.0,6.0,0.0,1.0,0.0,1.0,4.0,0.0,4.0,c7eb15ac-4492-4432-aa0b-c70cc65e327c,129,127,down,rule_based
11.0,11.0,79.0,7.0,1.0,5.0,0.0,1.0,0.0,1.0,5.0,2.0,-3.0,c7eb15ac-4492-4432-aa0b-c70cc65e327c,130,127,right,rule_based
11.0,11.0,78.0,7.0,2.0,5.0,1.0,1.0,0.0,1.0,4.0,1.0,-3.0,c7eb15ac-4492-4432-aa0b-c70cc65e327c,131,127,down,rule_based
11.0,11.0,77.0,7.0,2.0,4.0,0.0,1.0,1.0,1.0,3.0,1.0,-2.0,c7eb15ac-4492-4432-aa0b-c70cc65e327c,132,127,left,rule_based
11.0,11.0,76.0,7.0,1.0,4.0,0.0,1.0,1.0,0.0,4.0,2.0,-2.0,c7eb15ac-4492-4432-aa0b-c70cc65e327c,133,127,left,rule_based
11.0,11.0,75.0,7.0,0.0,4.0,1.0,1.0,0.0,0.0,5.0,3.0,-2.0,c7eb15ac-4492-4432-aa0b-c70cc65e327c,134,127,up,rule_based
11.0,11.0,74.0,7.0,0.0,5.0,1.0,0.0,0.0,0.0,6.0,3.0,-3.0,c7eb15ac-4492-4432-aa0b-c70cc65e327c,135,127,up,rule_based
11.0,11.0,73.0,7.0,0.0,6.0,1.0,0.0,0.0,1.0,5.0,1.0,4.0,c7eb15ac-4492-4432-aa0b-c70cc65e327c,136,127,right,rule_based
11.0,11.0,72.0,7.0,1.0,6.0,1.0,1.0,0.0,1.0,4.0,0.0,4.0,c7eb15ac-4492-4432-aa0b-c70cc65e327c,137,127,down,rule_based
11.0,11.0,71.0,7.0,1.0,5.0,0.0,0.0,0.0,1.0,5.0,2.0,-3.0,c7eb15ac-4492-4432-aa0b-c70cc65e327c,138,127,right,rule_based
11.0,11.0,70.0,7.0,2.0,5.0,1.0,1.0,0.0,1.0,4.0,1.0,-3.0,c7eb15ac-4492-4432-aa0b-c70cc65e327c,139,127,up,rule_based
11.0,11.0,69.0,7.0,2.0,6.0,1.0,0.0,0.0,1.0,5.0,1.0,-4.0,c7eb15ac-4492-4432-aa0b-c70cc65e327c,140,127,up,rule_based
11.0,11.0,68.0,7.0,2.0,7.0,1.0,0.0,1.0,1.0,4.0,-1.0,3.0,c7eb15ac-4492-4432-aa0b-c70cc65e327c,141,127,left,rule_based
11.0,11.0,67.0,7.0,1.0,7.0,1.0,0.0,1.0,0.0,3.0,0.0,3.0,c7eb15ac-4492-4432-aa0b-c70cc65e327c,142,127,up,rule_based
11.0,11.0,66.0,7.0,1.0,8.0,1.0,0.0,1.0,1.0,2.0,0.0,2.0,c7eb15ac-4492-4432-aa0b-c70cc65e327c,143,127,up,rule_based
11.0,11.0,65.0,7.0,1.0,9.0,1.0,0.0,1.0,1.0,1.0,0.0,1.0,c7eb15ac-4492-4432-aa0b-c70cc65e327c,144,127,right,rule_based
11.0,11.0,64.0,7.0,2.0,9.0,1.0,1.0,0.0,1.0,2.0,-1.0,1.0,c7eb15ac-4492-4432-aa0b-c70cc65e327c,145,127,down,rule_based
11.0,11.0,63.0,7.0,2.0,8.0,0.0,0.0,0.0,1.0,3.0,-1.0,2.0,c7eb15ac-4492-4432-aa0b-c70cc65e327c,146,127,right,rule_based
11.0,11.0,62.0,7.0,3.0,8.0,1.0,1.0,0.0,1.0,4.0,-2.0,2.0,c7eb15ac-4492-4432-aa0b-c70cc65e327c,147,127,right,rule_based
11.0,11.0,61.0,7.0,4.0,8.0,1.0,1.0,0.0,1.0,5.0,-3.0,2.0,c7eb15ac-4492-4432-aa0b-c70cc65e327c,148,127,right,rule_based
11.0,11.0,60.0,7.0,5.0,8.0,1.0,1.0,0.0,1.0,5.0,1.0,-4.0,c7eb15ac-4492-4432-aa0b-c70cc65e327c,149,127,right,rule_based
11.0,11.0,59.0,7.0,6.0,8.0,1.0,1.0,0.0,1.0,4.0,0.0,-4.0,c7eb15ac-4492-4432-aa0b-c70cc65e327c,150,127,right,rule_based
11.0,11.0,58.0,7.0,7.0,8.0,1.0,1.0,0.0,1.0,3.0,0.0,-3.0,c7eb15ac-4492-4432-aa0b-c70cc65e327c,151,127,down,rule_based
11.0,11.0,57.0,7.0,7.0,7.0,0.0,1.0,1.0,1.0,2.0,0.0,-2.0,c7eb15ac-4492-4432-aa0b-c70cc65e327c,152,127,right,rule_based
11.0,11.0,56.0,7.0,8.0,7.0,1.0,1.0,0.0,1.0,3.0,-1.0,-2.0,c7eb15ac-4492-4432-aa0b-c70cc65e327c,153,127,up,rule_based
11.0,11.0,55.0,7.0,8.0,8.0,1.0,0.0,0.0,1.0,2.0,2.0,0.0,c7eb15ac-4492-4432-aa0b-c70cc65e327c,154,127,right,rule_based
11.0,11.0,54.0,7.0,9.0,8.0,1.0,1.0,0.0,1.0,1.0,1.0,0.0,c7eb15ac-4492-4432-aa0b-c70cc65e327c,155,127,right,rule_based
11.0,11.0,100.0,8.0,10.0,8.0,1.0,1.0,0.0,0.0,3.0,0.0,-3.0,c7eb15ac-4492-4432-aa0b-c70cc65e327c,156,127,down,rule_based
11.0,11.0,99.0,8.0,10.0,7.0,0.0,1.0,1.0,0.0,2.0,0.0,-2.0,c7eb15ac-4492-4432-aa0b-c70cc65e327c,157,127,left,rule_based
11.0,11.0,98.0,8.0,9.0,7.0,0.0,1.0,0.0,0.0,3.0,1.0,-2.0,c7eb15ac-4492-4432-aa0b-c70cc65e327c,158,127,down,rule_based
11.0,11.0,97.0,8.0,9.0,6.0,0.0,1.0,1.0,1.0,2.0,1.0,-1.0,c7eb15ac-4492-4432-aa0b-c70cc65e327c,159,127,left,rule_based
11.0,11.0,96.0,8.0,8.0,6.0,0.0,1.0,1.0,0.0,2.0,-1.0,-1.0,c7eb15ac-4492-4432-aa0b-c70cc65e327c,160,127,down,rule_based
11.0,11.0,95.0,8.0,8.0,5.0,0.0,1.0,1.0,1.0,1.0,-1.0,0.0,c7eb15ac-4492-4432-aa0b-c70cc65e327c,161,127,left,rule_based
11.0,11.0,100.0,9.0,7.0,5.0,1.0,1.0,1.0,0.0,2.0,-1.0,-1.0,c7eb15ac-4492-4432-aa0b-c70cc65e327c,162,127,up,rule_based
11.0,11.0,99.0,9.0,7.0,6.0,1.0,0.0,1.0,0.0,3.0,-1.0,-2.0,c7eb15ac-4492-4432-aa0b-c70cc65e327c,163,127,left,rule_based
11.0,11.0,98.0,9.0,6.0,6.0,1.0,1.0,1.0,0.0,2.0,0.0,-2.0,c7eb15ac-4492-4432-aa0b-c70cc65e327c,164,127,down,rule_based
11.0,11.0,97.0,9.0,6.0,5.0,0.0,1.0,1.0,0.0,1.0,0.0,-1.0,c7eb15ac-4492-4432-aa0b-c70cc65e327c,165,127,down,rule_based
11.0,11.0,100.0,10.0,6.0,4.0,0.0,1.0,1.0,1.0,3.0,2.0,-1.0,c7eb15ac-4492-4432-aa0b-c70cc65e327c,166,127,right,rule_based
11.0,11.0,99.0,10.0,7.0,4.0,0.0,1.0,0.0,1.0,2.0,1.0,-1.0,c7eb15ac-4492-4432-aa0b-c70cc65e327c,167,127,down,rule_based
11.0,11.0,98.0,10.0,7.0,3.0,0.0,1.0,1.0,1.0,1.0,1.0,0.0,c7eb15ac-4492-4432-aa0b-c70cc65e327c,168,127,right,rule_based
11.0,11.0,100.0,11.0,8.0,3.0,1.0,1.0,0.0,1.0,2.0,1.0,-1.0,c7eb15ac-4492-4432-aa0b-c70cc65e327c,169,127,down,rule_based
11.0,11.0,99.0,11.0,8.0,2.0,0.0,1.0,1.0,1.0,1.0,1.0,0.0,c7eb15ac-4492-4432-aa0b-c70cc65e327c,170,127,right,rule_based
11.0,11.0,100.0,12.0,9.0,2.0,1.0,1.0,0.0,1.0,2.0,0.0,-2.0,c7eb15ac-4492-4432-aa0b-c70cc65e327c,171,127,down,rule_based
11.0,11.0,99.0,12.0,9.0,1.0,0.0,1.0,1.0,1.0,1.0,0.0,-1.0,c7eb15ac-4492-4432-aa0b-c70cc65e327c,172,127,right,rule_based
11.0,11.0,98.0,12.0,10.0,1.0,1.0,1.0,0.0,0.0,2.0,-1.0,-1.0,c7eb15ac-4492-4432-aa0b-c70cc65e327c,173,127,up,rule_based
11.0,11.0,97.0,12.0,10.0,2.0,1.0,0.0,0.0,0.0,3.0,-1.0,-2.0,c7eb15ac-4492-4432-aa0b-c70cc65e327c,174,127,up,rule_based
11.0,11.0,96.0,12.0,10.0,3.0,1.0,0.0,1.0,0.0,2.0,0.0,2.0,c7eb15ac-4492-4432-aa0b-c70cc65e327c,175,127,up,rule_based
11.0,11.0,95.0,12.0,10.0,4.0,1.0,0.0,1.0,0.0,1.0,0.0,1.0,c7eb15ac-4492-4432-aa0b-c70cc65e327c,176,127,left,rule_based
11.0,11.0,94.0,12.0,9.0,4.0,1.0,1.0,1.0,0.0,2.0,1.0,1.0,c7eb15ac-4492-4432-aa0b-c70cc65e327c,177,127,up,rule_based
11.0,11.0,93.0,12.0,9.0,5.0,1.0,0.0,1.0,1.0,1.0,1.0,0.0,c7eb15ac-4492-4432-aa0b-c70cc65e327c,178,127,right,rule_based
11.0,11.0,100.0,13.0,10.0,5.0,1.0,0.0,0.0,0.0,5.0,0.0,5.0,c7eb15ac-4492-4432-aa0b-c70cc65e327c,179,127,up,rule_based
11.0,11.0,99.0,13.0,10.0,6.0,1.0,0.0,1.0,0.0,4.0,0.0,4.0,c7eb15ac-4492-4432-aa0b-c70cc65e327c,180,127,left,rule_based
11.0,11.0,98.0,13.0,9.0,6.0,1.0,0.0,1.0,0.0,4.0,0.0,4.0,c7eb15ac-4492-4432-aa0b-c70cc65e327c,181,127,up,rule_based
11.0,11.0,97.0,13.0,9.0,7.0,1.0,0.0,1.0,1.0,3.0,0.0,3.0,c7eb15ac-4492-4432-aa0b-c70cc65e327c,182,127,up,rule_based
11.0,11.0,96.0,13.0,9.0,8.0,1.0,0.0,1.0,1.0,2.0,0.0,2.0,c7eb15ac-4492-4432-aa0b-c70cc65e327c,183,127,right,rule_based
11.0,11.0,95.0,13.0,10.0,8.0,1.0,1.0,0.0,0.0,2.0,0.0,2.0,c7eb15ac-4492-4432-aa0b-c70cc65e327c,184,127,down,rule_based
11.0,11.0,100.0,3.0,9.0,9.0,1.0,1.0,1.0,1.0,2.0,1.0,-1.0,5c705a4d-049a-4550-9a12-5cd3ef7fa4bb,0,128,down,rule_based
11.0,11.0,99.0,3.0,9.0,8.0,0.0,1.0,1.0,1.0,1.0,1.0,0.0,5c705a4d-049a-4550-9a12-5cd3ef7fa4bb,1,128,left,rule_based
11.0,11.0,98.0,3.0,8.0,8.0,1.0,1.0,1.0,0.0,2.0,2.0,0.0,5c705a4d-049a-4550-9a12-5cd3ef7fa4bb,2,128,left,rule_based
11.0,11.0,97.0,3.0,7.0,8.0,1.0,1.0,1.0,0.0,3.0,3.0,0.0,5c705a4d-049a-4550-9a12-5cd3ef7fa4bb,3,128,down,rule_based
11.0,11.0,96.0,3.0,7.0,7.0,0.0,1.0,1.0,1.0,3.0,1.0,-2.0,5c705a4d-049a-4550-9a12-5cd3ef7fa4bb,4,128,down,rule_based
11.0,11.0,95.0,3.0,7.0,6.0,0.0,1.0,1.0,1.0,2.0,1.0,-1.0,5c705a4d-049a-4550-9a12-5cd3ef7fa4bb,5,128,left,rule_based
11.0,11.0,94.0,3.0,6.0,6.0,1.0,1.0,1.0,0.0,2.0,-1.0,-1.0,5c705a4d-049a-4550-9a12-5cd3ef7fa4bb,6,128,up,rule_based
11.0,11.0,93.0,3.0,6.0,7.0,1.0,0.0,1.0,1.0,3.0,-1.0,-2.0,5c705a4d-049a-4550-9a12-5cd3ef7fa4bb,7,128,up,rule_based
11.0,11.0,92.0,3.0,6.0,8.0,1.0,0.0,1.0,1.0,4.0,4.0,0.0,5c705a4d-049a-4550-9a12-5cd3ef7fa4bb,8,128,left,rule_based
11.0,11.0,91.0,3.0,5.0,8.0,1.0,1.0,1.0,0.0,3.0,0.0,-3.0,5c705a4d-049a-4550-9a12-5cd3ef7fa4bb,9,128,left,rule_based
11.0,11.0,90.0,3.0,4.0,8.0,1.0,1.0,1.0,0.0,4.0,1.0,-3.0,5c705a4d-049a-4550-9a12-5cd3ef7fa4bb,10,128,left,rule_based
11.0,11.0,89.0,3.0,3.0,8.0,1.0,1.0,1.0,0.0,5.0,2.0,-3.0,5c705a4d-049a-4550-9a12-5cd3ef7fa4bb,11,128,down,rule_based
11.0,11.0,88.0,3.0,3.0,7.0,0.0,1.0,1.0,1.0,4.0,2.0,-2.0,5c705a4d-049a-4550-9a12-5cd3ef7fa4bb,12,128,right,rule_based
11.0,11.0,87.0,3.0,4.0,7.0,1.0,1.0,0.0,1.0,3.0,1.0,-2.0,5c705a4d-049a-4550-9a12-5cd3ef7fa4bb,13,128,right,rule_based
11.0,11.0,86.0,3.0,5.0,7.0,1.0,1.0,0.0,1.0,2.0,0.0,-2.0,5c705a4d-049a-4550-9a12-5cd3ef7fa4bb,14,128,right,rule_based
11.0,11.0,85.0,3.0,6.0,7.0,1.0,1.0,0.0,1.0,3.0,-1.0,-2.0,5c705a4d-049a-4550-9a12-5cd3ef7fa4bb,15,128,right,rule_based
11.0,11.0,84.0,3.0,7.0,7.0,1.0,1.0,0.0,1.0,3.0,1.0,-2.0,5c705a4d-049a-4550-9a12-5cd3ef7fa4bb,16,128,right,rule_based
11.0,11.0,83.0,3.0,8.0,7.0,1.0,1.0,0.0,1.0,2.0,0.0,-2.0,5c705a4d-049a-4550-9a12-5cd3ef7fa4bb,17,128,down,rule_based
11.0,11.0,82.0,3.0,8.0,6.0,0.0,1.0,1.0,1.0,1.0,0.0,-1.0,5c705a4d-049a-4550-9a12-5cd3ef7fa4bb,18,128,down,rule_based
11.0,11.0,100.0,4.0,8.0,5.0,0.0,1.0,1.0,1.0,3.0,-3.0,0.0,5c705a4d-049a-4550-9a12-5cd3ef7fa4bb,19,128,down,rule_based
11.0,11.0,99.0,4.0,8.0,4.0,0.0,1.0,1.0,1.0,4.0,-3.0,1.0,5c705a4d-049a-4550-9a12-5cd3ef7fa4bb,20,128,down,rule_based
11.0,11.0,98.0,4.0,8.0,3.0,0.0,1.0,1.0,1.0,5.0,-3.0,2.0,5c705a4d-049a-4550-9a12-5cd3ef7fa4bb,21,128,left,rule_based
11.0,11.0,97.0,4.0,7.0,3.0,1.0,1.0,1.0,0.0,4.0,-2.0,2.0,5c705a4d-049a-4550-9a12-5cd3ef7fa4bb,22,128,down,rule_based
11.0,11.0,96.0,4.0,7.0,2.0,0.0,1.0,1.0,1.0,3.0,-2.0,-1.0,5c705a4d-049a-4550-9a12-5cd3ef7fa4bb,23,128,down,rule_based
11.0,11.0,95.0,4.0,7.0,1.0,0.0,1.0,1.0,1.0,2.0,-2.0,0.0,5c705a4d-049a-4550-9a12-5cd3ef7fa4bb,24,128,right,rule_based
11.0,11.0,94.0,4.0,8.0,1.0,1.0,1.0,0.0,1.0,3.0,-3.0,0.0,5c705a4d-049a-4550-9a12-5cd3ef7fa4bb,25,128,right,rule_based
11.0,11.0,93.0,4.0,9.0,1.0,1.0,1.0,0.0,1.0,4.0,-4.0,0.0,5c705a4d-049a-4550-9a12-5cd3ef7fa4bb,26,128,down,rule_based
11.0,11.0,92.0,4.0,9.0,0.0,0.0,0.0,1.0,1.0,5.0,-4.0,1.0,5c705a4d-049a-4550-9a12-5cd3ef7fa4bb,27,128,left,rule_based
11.0,11.0,91.0,4.0,8.0,0.0,0.0,0.0,1.0,0.0,4.0,-3.0,1.0,5c705a4d-049a-4550-9a12-5cd3ef7fa4bb,28,128,left,rule_based
11.0,11.0,90.0,4.0,7.0,0.0,1.0,0.0,1.0,0.0,3.0,-2.0,1.0,5c705a4d-049a-4550-9a12-5cd3ef7fa4bb,29,128,left,rule_based
11.0,11.0,89.0,4.0,6.0,0.0,1.0,0.0,1.0,0.0,2.0,-1.0,1.0,5c705a4d-049a-4550-9a12-5cd3ef7fa4bb,30,128,left,rule_based
11.0,11.0,88.0,4.0,5.0,0.0,1.0,0.0,1.0,0.0,1.0,0.0,1.0,5c705a4d-049a-4550-9a12-5cd3ef7fa4bb,31,128,left,rule_based
11.0,11.0,87.0,4.0,4.0,0.0,1.0,0.0,1.0,0.0,2.0,1.0,1.0,5c705a4d-049a-4550-9a12-5cd3ef7fa4bb,32,128,left,rule_based
11.0,11.0,86.0,4.0,3.0,0.0,1.0,0.0,1.0,0.0,2.0,0.0,2.0,5c705a4d-049a-4550-9a12-5cd3ef7fa4bb,33,128,left,rule_based
11.0,11.0,85.0,4.0,2.0,0.0,1.0,0.0,1.0,0.0,3.0,1.0,2.0,5c705a4d-049a-4550-9a12-5cd3ef7fa4bb,34,128,left,rule_based
11.0,11.0,84.0,4.0,1.0,0.0,1.0,0.0,1.0,0.0,4.0,2.0,2.0,5c705a4d-049a-4550-9a12-5cd3ef7fa4bb,35,128,left,rule_based
11.0,11.0,83.0,4.0,0.0,0.0,1.0,0.0,0.0,0.0,5.0,3.0,2.0,5c705a4d-049a-4550-9a12-5cd3ef7fa4bb,36,128,up,rule_based
11.0,11.0,82.0,4.0,0.0,1.0,1.0,0.0,0.0,1.0,4.0,3.0,1.0,5c705a4d-049a-4550-9a12-5cd3ef7fa4bb,37,128,right,rule_based
11.0,11.0,81.0,4.0,1.0,1.0,1.0,0.0,0.0,1.0,3.0,2.0,1.0,5c705a4d-049a-4550-9a12-5cd3ef7fa4bb,38,128,up,rule_based
11.0,11.0,80.0,4.0,1.0,2.0,1.0,0.0,1.0,1.0,2.0,2.0,0.0,5c705a4d-049a-4550-9a12-5cd3ef7fa4bb,39,128,right,rule_based
11.0,11.0,79.0,4.0,2.0,2.0,1.0,1.0,0.0,1.0,1.0,1.0,0.0,5c705a4d-049a-4550-9a12-5cd3ef7fa4bb,40,128,up,rule_based
11.0,11.0,78.0,4.0,2.0,3.0,1.0,0.0,1.0,1.0,2.0,1.0,-1.0,5c705a4d-049a-4550-9a12-5cd3ef7fa4bb,41,128,up,rule_based
11.0,11.0,77.0,4.0,2.0,4.0,1.0,0.0,1.0,1.0,3.0,1.0,-2.0,5c705a4d-049a-4550-9a12-5cd3ef7fa4bb,42,128,right,rule_based
11.0,11.0,76.0,4.0,3.0,4.0,1.0,1.0,0.0,1.0,2.0,0.0,-2.0,5c705a4d-049a-4550-9a12-5cd3ef7fa4bb,43,128,up,rule_based
11.0,11.0,75.0,4.0,3.0,5.0,1.0,0.0,1.0,1.0,2.0,2.0,0.0,5c705a4d-049a-4550-9a12-5cd3ef7fa4bb,44,128,up,rule_based
11.0,11.0,74.0,4.0,3.0,6.0,1.0,0.0,1.0,1.0,3.0,2.0,-1.0,5c705a4d-049a-4550-9a12-5cd3ef7fa4bb,45,128,up,rule_based
11.0,11.0,73.0,4.0,3.0,7.0,1.0,0.0,1.0,1.0,4.0,2.0,-2.0,5c705a4d-049a-4550-9a12-5cd3ef7fa4bb,46,128,right,rule_based
11.0,11.0,72.0,4.0,4.0,7.0,1.0,1.0,0.0,1.0,3.0,1.0,-2.0,5c705a4d-049a-4550-9a12-5cd3ef7fa4bb,47,128,down,rule_based
11.0,11.0,71.0,4.0,4.0,6.0,0.0,1.0,0.0,1.0,2.0,1.0,-1.0,5c705a4d-049a-4550-9a12-5cd3ef7fa4bb,48,128,right,rule_based
11.0,11.0,70.0,4.0,5.0,6.0,1.0,1.0,0.0,1.0,1.0,0.0,-1.0,5c705a4d-049a-4550-9a12-5cd3ef7fa4bb,49,128,down,rule_based
11.0,11.0,100.0,5.0,5.0,5.0,0.0,1.0,1.0,1.0,2.0,1.0,1.0,5c705a4d-049a-4550-9a12-5cd3ef7fa4bb,50,128,right,rule_based
11.0,11.0,99.0,5.0,6.0,5.0,1.0,1.0,0.0,1.0,1.0,0.0,1.0,5c705a4d-049a-4550-9a12-5cd3ef7fa4bb,51,128,down,rule_based
11.0,11.0,98.0,5.0,6.0,4.0,0.0,1.0,1.0,1.0,2.0,0.0,2.0,5c705a4d-049a-4550-9a12-5cd3ef7fa4bb,52,128,left,rule_based
11.0,11.0,97.0,5.0,5.0,4.0,0.0,1.0,1.0,0.0,3.0,0.0,-3.0,5c705a4d-049a-4550-9a12-5cd3ef7fa4bb,53,128,left,rule_based
11.0,11.0,96.0,5.0,4.0,4.0,1.0,1.0,1.0,0.0,3.0,-1.0,-2.0,5c705a4d-049a-4550-9a12-5cd3ef7fa4bb,54,128,down,rule_based
11.0,11.0,95.0,5.0,4.0,3.0,0.0,1.0,1.0,1.0,2.0,-1.0,-1.0,5c705a4d-049a-4550-9a12-5cd3ef7fa4bb,55,128,down,rule_based
11.0,11.0,94.0,5.0,4.0,2.0,0.0,1.0,1.0,1.0,1.0,-1.0,0.0,5c705a4d-049a-4550-9a12-5cd3ef7fa4bb,56,128,left,rule_based
11.0,11.0,100.0,6.0,3.0,2.0,1.0,1.0,1.0,0.0,2.0,1.0,-1.0,5c705a4d-049a-4550-9a12-5cd3ef7fa4bb,57,128,left,rule_based
11.0,11.0,99.0,6.0,2.0,2.0,1.0,1.0,1.0,0.0,3.0,2.0,-1.0,5c705a4d-049a-4550-9a12-5cd3ef7fa4bb,58,128,up,rule_based
11.0,11.0,98.0,6.0,2.0,3.0,1.0,0.0,1.0,1.0,4.0,2.0,-2.0,5c705a4d-049a-4550-9a12-5cd3ef7fa4bb,59,128,left,rule_based
11.0,11.0,97.0,6.0,1.0,3.0,1.0,1.0,1.0,0.0,5.0,3.0,-2.0,5c705a4d-049a-4550-9a12-5cd3ef7fa4bb,60,128,up,rule_based
11.0,11.0,96.0,6.0,1.0,4.0,1.0,0.0,1.0,1.0,5.0,0.0,5.0,5c705a4d-049a-4550-9a12-5cd3ef7fa4bb,61,128,left,rule_based
11.0,11.0,95.0,6.0,0.0,4.0,1.0,1.0,0.0,0.0,6.0,1.0,5.0,5c705a4d-049a-4550-9a12-5cd3ef7fa4bb,62,128,down,rule_based
11.0,11.0,94.0,6.0,0.0,3.0,0.0,1.0,0.0,0.0,6.0,4.0,-2.0,5c705a4d-049a-4550-9a12-5cd3ef7fa4bb,63,128,down,rule_based
11.0,11.0,93.0,6.0,0.0,2.0,0.0,1.0,0.0,1.0,5.0,4.0,-1.0,5c705a4d-049a-4550-9a12-5cd3ef7fa4bb,64,128,right,rule_based
11.0,11.0,92.0,6.0,1.0,2.0,0.0,1.0,0.0,1.0,4.0,3.0,-1.0,5c705a4d-049a-4550-9a12-5cd3ef7fa4bb,65,128,right,rule_based
11.0,11.0,91.0,6.0,2.0,2.0,1.0,1.0,0.0,1.0,3.0,2.0,-1.0,5c705a4d-049a-4550-9a12-5cd3ef7fa4bb,66,128,down,rule_based
11.0,11.0,90.0,6.0,2.0,1.0,0.0,1.0,1.0,1.0,2.0,2.0,0.0,5c705a4d-049a-4550-9a12-5cd3ef7fa4bb,67,128,right,rule_based
11.0,11.0,89.0,6.0,3.0,1.0,1.0,1.0,0.0,1.0,1.0,1.0,0.0,5c705a4d-049a-4550-9a12-5cd3ef7fa4bb,68,128,down,rule_based
11.0,11.0,88.0,6.0,3.0,0.0,0.0,0.0,1.0,1.0,2.0,1.0,1.0,5c705a4d-049a-4550-9a12-5cd3ef7fa4bb,69,128,left,rule_based
11.0,11.0,87.0,6.0,2.0,0.0,0.0,0.0,1.0,0.0,3.0,2.0,1.0,5c705a4d-049a-4550-9a12-5cd3ef7fa4bb,70,128,left,rule_based
11.0,11.0,86.0,6.0,1.0,0.0,1.0,0.0,1.0,0.0,4.0,3.0,1.0,5c705a4d-049a-4550-9a12-5cd3ef7fa4bb,71,128,left,rule_based
11.0,11.0,85.0,6.0,0.0,0.0,1.0,0.0,0.0,0.0,5.0,4.0,1.0,5c705a4d-049a-4550-9a12-5cd3ef7fa4bb,72,128,up,rule_based
11.0,11.0,84.0,6.0,0.0,1.0,1.0,0.0,0.0,1.0,4.0,4.0,0.0,5c705a4d-049a-4550-9a12-5cd3ef7fa4bb,73,128,up,rule_based
11.0,11.0,83.0,6.0,0.0,2.0,1.0,0.0,0.0,1.0,5.0,4.0,-1.0,5c705a4d-049a-4550-9a12-5cd3ef7fa4bb,74,128,right,rule_based
11.0,11.0,82.0,6.0,1.0,2.0,1.0,1.0,0.0,1.0,4.0,3.0,-1.0,5c705a4d-049a-4550-9a12-5cd3ef7fa4bb,75,128,up,rule_based
11.0,11.0,81.0,6.0,1.0,3.0,1.0,0.0,1.0,1.0,5.0,3.0,-2.0,5c705a4d-049a-4550-9a12-5cd3ef7fa4bb,76,128,right,rule_based
11.0,11.0,80.0,6.0,2.0,3.0,1.0,1.0,0.0,1.0,4.0,2.0,-2.0,5c705a4d-049a-4550-9a12-5cd3ef7fa4bb,77,128,down,rule_based
11.0,11.0,79.0,6.0,2.0,2.0,0.0,1.0,0.0,1.0,3.0,2.0,-1.0,5c705a4d-049a-4550-9a12-5cd3ef7fa4bb,78,128,down,rule_based
11.0,11.0,78.0,6.0,2.0,1.0,0.0,1.0,1.0,1.0,2.0,2.0,0.0,5c705a4d-049a-4550-9a12-5cd3ef7fa4bb,79,128,right,rule_based
11.0,11.0,77.0,6.0,3.0,1.0,1.0,1.0,0.0,1.0,1.0,1.0,0.0,5c705a4d-049a-4550-9a12-5cd3ef7fa4bb,80,128,down,rule_based
11.0,11.0,76.0,6.0,3.0,0.0,0.0,0.0,1.0,1.0,2.0,1.0,1.0,5c705a4d-049a-4550-9a12-5cd3ef7fa4bb,81,128,left,rule_based
11.0,11.0,75.0,6.0,2.0,0.0,0.0,0.0,1.0,0.0,3.0,2.0,1.0,5c705a4d-049a-4550-9a12-5cd3ef7fa4bb,82,128,left,rule_based
11.0,11.0,74.0,6.0,1.0,0.0,1.0,0.0,1.0,0.0,4.0,3.0,1.0,5c705a4d-049a-4550-9a12-5cd3ef7fa4bb,83,128,up,rule_based
11.0,11.0,73.0,6.0,1.0,1.0,1.0,0.0,1.0,0.0,3.0,3.0,0.0,5c705a4d-049a-4550-9a12-5cd3ef7fa4bb,84,128,up,rule_based
11.0,11.0,72.0,6.0,1.0,2.0,1.0,0.0,1.0,1.0,4.0,3.0,-1.0,5c705a4d-049a-4550-9a12-5cd3ef7fa4bb,85,128,right,rule_based
11.0,11.0,71.0,6.0,2.0,2.0,1.0,1.0,0.0,1.0,3.0,2.0,-1.0,5c705a4d-049a-4550-9a12-5cd3ef7fa4bb,86,128,up,rule_based
11.0,11.0,70.0,6.0,2.0,3.0,1.0,0.0,1.0,1.0,4.0,2.0,-2.0,5c705a4d-049a-4550-9a12-5cd3ef7fa4bb,87,128,right,rule_based
11.0,11.0,69.0,6.0,3.0,3.0,1.0,1.0,0.0,1.0,3.0,1.0,-2.0,5c705a4d-049a-4550-9a12-5cd3ef7fa4bb,88,128,right,rule_based
11.0,11.0,68.0,6.0,4.0,3.0,1.0,1.0,0.0,1.0,2.0,0.0,-2.0,5c705a4d-049a-4550-9a12-5cd3ef7fa4bb,89,128,up,rule_based
11.0,11.0,67.0,6.0,4.0,4.0,1.0,0.0,1.0,1.0,3.0,0.0,-3.0,5c705a4d-049a-4550-9a12-5cd3ef7fa4bb,90,128,up,rule_based
11.0,11.0,66.0,6.0,4.0,5.0,1.0,0.0,1.0,1.0,3.0,2.0,1.0,5c705a4d-049a-4550-9a12-5cd3ef7fa4bb,91,128,right,rule_based
11.0,11.0,65.0,6.0,5.0,5.0,1.0,1.0,0.0,1.0,2.0,1.0,1.0,5c705a4d-049a-4550-9a12-5cd3ef7fa4bb,92,128,down,rule_based
11.0,11.0,64.0,6.0,5.0,4.0,0.0,1.0,0.0,1.0,3.0,0.0,-3.0,5c705a4d-049a-4550-9a12-5cd3ef7fa4bb,93,128,right,rule_based
11.0,11.0,63.0,6.0,6.0,4.0,1.0,1.0,0.0,1.0,2.0,0.0,2.0,5c705a4d-049a-4550-9a12-5cd3ef7fa4bb,94,128,down,rule_based
11.0,11.0,62.0,6.0,6.0,3.0,0.0,1.0,1.0,1.0,2.0,1.0,-1.0,5c705a4d-049a-4550-9a12-5cd3ef7fa4bb,95,128,down,rule_based
11.0,11.0,61.0,6.0,6.0,2.0,0.0,1.0,1.0,1.0,1.0,1.0,0.0,5c705a4d-049a-4550-9a12-5cd3ef7fa4bb,96,128,down,rule_based
11.0,11.0,60.0,6.0,6.0,1.0,0.0,1.0,1.0,1.0,1.0,-1.0,0.0,5c705a4d-049a-4550-9a12-5cd3ef7fa4bb,97,128,down,rule_based
11.0,11.0,59.0,6.0,6.0,0.0,0.0,0.0,1.0,1.0,2.0,-1.0,1.0,5c705a4d-049a-4550-9a12-5cd3ef7fa4bb,98,128,left,rule_based
11.0,11.0,58.0,6.0,5.0,0.0,1.0,0.0,1.0,0.0,1.0,0.0,1.0,5c705a4d-049a-4550-9a12-5cd3ef7fa4bb,99,128,left,rule_based
11.0,11.0,57.0,6.0,4.0,0.0,1.0,0.0,1.0,0.0,1.0,0.0,1.0,5c705a4d-049a-4550-9a12-5cd3ef7fa4bb,100,128,up,rule_based
11.0,11.0,100.0,7.0,4.0,1.0,1.0,0.0,1.0,1.0,1.0,1.0,0.0,5c705a4d-049a-4550-9a12-5cd3ef7fa4bb,101,128,up,rule_based
11.0,11.0,99.0,7.0,4.0,2.0,1.0,0.0,1.0,1.0,2.0,1.0,-1.0,5c705a4d-049a-4550-9a12-5cd3ef7fa4bb,102,128,right,rule_based
11.0,11.0,98.0,7.0,5.0,2.0,1.0,1.0,0.0,1.0,1.0,0.0,-1.0,5c705a4d-049a-4550-9a12-5cd3ef7fa4bb,103,128,down,rule_based
11.0,11.0,100.0,8.0,5.0,1.0,0.0,0.0,0.0,1.0,3.0,2.0,1.0,5c705a4d-049a-4550-9a12-5cd3ef7fa4bb,104,128,right,rule_based
11.0,11.0,99.0,8.0,6.0,1.0,1.0,0.0,0.0,1.0,2.0,1.0,1.0,5c705a4d-049a-4550-9a12-5cd3ef7fa4bb,105,128,right,rule_based
11.0,11.0,98.0,8.0,7.0,1.0,1.0,1.0,0.0,1.0,1.0,0.0,1.0,5c705a4d-049a-4550-9a12-5cd3ef7fa4bb,106,128,up,rule_based
11.0,11.0,100.0,9.0,7.0,2.0,1.0,0.0,1.0,1.0,5.0,-1.0,4.0,5c705a4d-049a-4550-9a12-5cd3ef7fa4bb,107,128,up,rule_based
11.0,11.0,99.0,9.0,7.0,3.0,1.0,0.0,1.0,1.0,4.0,-1.0,3.0,5c705a4d-049a-4550-9a12-5cd3ef7fa4bb,108,128,left,rule_based
11.0,11.0,98.0,9.0,6.0,3.0,1.0,1.0,1.0,0.0,3.0,0.0,3.0,5c705a4d-049a-4550-9a12-5cd3ef7fa4bb,109,128,up,rule_based
11.0,11.0,97.0,9.0,6.0,4.0,1.0,0.0,1.0,1.0,2.0,0.0,2.0,5c705a4d-049a-4550-9a12-5cd3ef7fa4bb,110,128,right,rule_based
11.0,11.0,96.0,9.0,7.0,4.0,1.0,0.0,0.0,1.0,3.0,-1.0,2.0,5c705a4d-049a-4550-9a12-5cd3ef7fa4bb,111,128,up,rule_based
11.0,11.0,95.0,9.0,7.0,5.0,1.0,0.0,1.0,1.0,2.0,-1.0,1.0,5c705a4d-049a-4550-9a12-5cd3ef7fa4bb,112,128,right,rule_based
11.0,11.0,94.0,9.0,8.0,5.0,1.0,1.0,0.0,1.0,1.0,0.0,1.0,5c705a4d-049a-4550-9a12-5cd3ef7fa4bb,113,128,up,rule_based
11.0,11.0,100.0,10.0,8.0,6.0,1.0,0.0,1.0,1.0,2.0,-2.0,0.0,5c705a4d-049a-4550-9a12-5cd3ef7fa4bb,114,128,right,rule_based
11.0,11.0,99.0,10.0,9.0,6.0,1.0,1.0,0.0,1.0,2.0,1.0,1.0,5c705a4d-049a-4550-9a12-5cd3ef7fa4bb,115,128,up,rule_based
11.0,11.0,98.0,10.0,9.0,7.0,1.0,0.0,1.0,1.0,1.0,1.0,0.0,5c705a4d-049a-4550-9a12-5cd3ef7fa4bb,116,128,left,rule_based
11.0,11.0,97.0,10.0,8.0,7.0,1.0,0.0,1.0,0.0,1.0,-1.0,0.0,5c705a4d-049a-4550-9a12-5cd3ef7fa4bb,117,128,left,rule_based
11.0,11.0,100.0,11.0,7.0,7.0,1.0,1.0,1.0,0.0,2.0,-1.0,-1.0,5c705a4d-049a-4550-9a12-5cd3ef7fa4bb,118,128,up,rule_based
11.0,11.0,99.0,11.0,7.0,8.0,1.0,0.0,1.0,1.0,3.0,3.0,0.0,5c705a4d-049a-4550-9a12-5cd3ef7fa4bb,119,128,right,rule_based
11.0,11.0,98.0,11.0,8.0,8.0,1.0,0.0,0.0,1.0,2.0,2.0,0.0,5c705a4d-049a-4550-9a12-5cd3ef7fa4bb,120,128,right,rule_based
11.0,11.0,97.0,11.0,9.0,8.0,1.0,0.0,0.0,1.0,1.0,1.0,0.0,5c705a4d-049a-4550-9a12-5cd3ef7fa4bb,121,128,right,rule_based
11.0,11.0,100.0,12.0,10.0,8.0,1.0,1.0,0.0,0.0,1.0,0.0,-1.0,5c705a4d-049a-4550-9a12-5cd3ef7fa4bb,122,128,down,rule_based
11.0,11.0,100.0,13.0,10.0,7.0,0.0,1.0,0.0,0.0,5.0,-4.0,-1.0,5c705a4d-049a-4550-9a12-5cd3ef7fa4bb,123,128,down,rule_based
11.0,11.0,99.0,13.0,10.0,6.0,0.0,1.0,0.0,0.0,4.0,-4.0,0.0,5c705a4d-049a-4550-9a12-5cd3ef7fa4bb,124,128,down,rule_based
11.0,11.0,98.0,13.0,10.0,5.0,0.0,1.0,1.0,0.0,5.0,-4.0,1.0,5c705a4d-049a-4550-9a12-5cd3ef7fa4bb,125,128,left,rule_based
11.0,11.0,97.0,13.0,9.0,5.0,0.0,1.0,1.0,0.0,4.0,-3.0,1.0,5c705a4d-049a-4550-9a12-5cd3ef7fa4bb,126,128,left,rule_based
11.0,11.0,96.0,13.0,8.0,5.0,1.0,1.0,1.0,0.0,3.0,-2.0,1.0,5c705a4d-049a-4550-9a12-5cd3ef7fa4bb,127,128,up,rule_based
11.0,11.0,95.0,13.0,8.0,6.0,0.0,0.0,1.0,1.0,2.0,-2.0,0.0,5c705a4d-049a-4550-9a12-5cd3ef7fa4bb,128,128,left,rule_based
11.0,11.0,94.0,13.0,7.0,6.0,0.0,1.0,1.0,0.0,1.0,-1.0,0.0,5c705a4d-049a-4550-9a12-5cd3ef7fa4bb,129,128,down,rule_based
11.0,11.0,93.0,13.0,7.0,5.0,0.0,1.0,1.0,0.0,2.0,-1.0,1.0,5c705a4d-049a-4550-9a12-5cd3ef7fa4bb,130,128,down,rule_based
11.0,11.0,92.0,13.0,7.0,4.0,0.0,1.0,1.0,1.0,3.0,-1.0,2.0,5c705a4d-049a-4550-9a12-5cd3ef7fa4bb,131,128,down,rule_based
11.0,11.0,91.0,13.0,7.0,3.0,0.0,1.0,1.0,1.0,4.0,-1.0,3.0,5c705a4d-049a-4550-9a12-5cd3ef7fa4bb,132,128,down,rule_based
11.0,11.0,90.0,13.0,7.0,2.0,0.0,1.0,1.0,1.0,5.0,-1.0,4.0,5c705a4d-049a-4550-9a12-5cd3ef7fa4bb,133,128,left,rule_based
11.0,11.0,89.0,13.0,6.0,2.0,1.0,1.0,1.0,0.0,4.0,0.0,4.0,5c705a4d-049a-4550-9a12-5cd3ef7fa4bb,134,128,down,rule_based
11.0,11.0,88.0,13.0,6.0,1.0,0.0,1.0,1.0,1.0,5.0,0.0,5.0,5c705a4d-049a-4550-9a12-5cd3ef7fa4bb,135,128,down,rule_based
11.0,11.0,87.0,13.0,6.0,0.0,0.0,0.0,1.0,1.0,4.0,4.0,0.0,5c705a4d-049a-4550-9a12-5cd3ef7fa4bb,136,128,right,rule_based
11.0,11.0,86.0,13.0,7.0,0.0,1.0,0.0,0.0,1.0,3.0,3.0,0.0,5c705a4d-049a-4550-9a12-5cd3ef7fa4bb,137,128,right,rule_based
11.0,11.0,85.0,13.0,8.0,0.0,1.0,0.0,0.0,1.0,2.0,2.0,0.0,5c705a4d-049a-4550-9a12-5cd3ef7fa4bb,138,128,up,rule_based
11.0,11.0,84.0,13.0,8.0,1.0,1.0,0.0,1.0,1.0,3.0,2.0,-1.0,5c705a4d-049a-4550-9a12-5cd3ef7fa4bb,139,128,left,rule_based
11.0,11.0,100.0,3.0,9.0,1.0,1.0,1.0,1.0,1.0,2.0,1.0,1.0,fe889fca-e836-4608-bc36-0ea939d3a3c0,0,129,left,rule_based
11.0,11.0,99.0,3.0,8.0,1.0,1.0,1.0,1.0,0.0,3.0,2.0,1.0,fe889fca-e836-4608-bc36-0ea939d3a3c0,1,129,up,rule_based
11.0,11.0,98.0,3.0,8.0,2.0,1.0,0.0,1.0,1.0,2.0,2.0,0.0,fe889fca-e836-4608-bc36-0ea939d3a3c0,2,129,right,rule_based
11.0,11.0,97.0,3.0,9.0,2.0,1.0,1.0,0.0,1.0,1.0,1.0,0.0,fe889fca-e836-4608-bc36-0ea939d3a3c0,3,129,down,rule_based
11.0,11.0,96.0,3.0,9.0,1.0,0.0,1.0,1.0,1.0,2.0,1.0,1.0,fe889fca-e836-4608-bc36-0ea939d3a3c0,4,129,right,rule_based
11.0,11.0,95.0,3.0,10.0,1.0,1.0,1.0,0.0,0.0,1.0,0.0,1.0,fe889fca-e836-4608-bc36-0ea939d3a3c0,5,129,up,rule_based
11.0,11.0,100.0,4.0,10.0,2.0,1.0,0.0,1.0,0.0,6.0,-5.0,1.0,fe889fca-e836-4608-bc36-0ea939d3a3c0,6,129,left,rule_based
11.0,11.0,99.0,4.0,9.0,2.0,1.0,0.0,1.0,0.0,5.0,-4.0,1.0,fe889fca-e836-4608-bc36-0ea939d3a3c0,7,129,up,rule_based
11.0,11.0,98.0,4.0,9.0,3.0,1.0,0.0,1.0,1.0,4.0,-4.0,0.0,fe889fca-e836-4608-bc36-0ea939d3a3c0,8,129,up,rule_based
11.0,11.0,97.0,4.0,9.0,4.0,1.0,0.0,1.0,1.0,5.0,-4.0,1.0,fe889fca-e836-4608-bc36-0ea939d3a3c0,9,129,right,rule_based
11.0,11.0,96.0,4.0,10.0,4.0,1.0,1.0,0.0,0.0,6.0,-5.0,1.0,fe889fca-e836-4608-bc36-0ea939d3a3c0,10,129,up,rule_based
11.0,11.0,95.0,4.0,10.0,5.0,1.0,0.0,1.0,0.0,5.0,-5.0,0.0,fe889fca-e836-4608-bc36-0ea939d3a3c0,11,129,up,rule_based
11.0,11.0,94.0,4.0,10.0,6.0,1.0,0.0,1.0,0.0,6.0,-5.0,-1.0,fe889fca-e836-4608-bc36-0ea939d3a3c0,12,129,left,rule_based
11.0,11.0,93.0,4.0,9.0,6.0,1.0,1.0,1.0,0.0,5.0,-4.0,-1.0,fe889fca-e836-4608-bc36-0ea939d3a3c0,13,129,left,rule_based
11.0,11.0,92.0,4.0,8.0,6.0,1.0,1.0,1.0,0.0,4.0,-3.0,-1.0,fe889fca-e836-4608-bc36-0ea939d3a3c0,14,129,up,rule_based
11.0,11.0,91.0,4.0,8.0,7.0,1.0,0.0,1.0,1.0,5.0,-3.0,-2.0,fe889fca-e836-4608-bc36-0ea939d3a3c0,15,129,up,rule_based
11.0,11.0,90.0,4.0,8.0,8.0,1.0,0.0,1.0,1.0,6.0,-3.0,-3.0,fe889fca-e836-4608-bc36-0ea939d3a3c0,16,129,left,rule_based
11.0,11.0,89.0,4.0,7.0,8.0,1.0,1.0,1.0,0.0,5.0,-2.0,-3.0,fe889fca-e836-4608-bc36-0ea939d3a3c0,17,129,left,rule_based
11.0,11.0,88.0,4.0,6.0,8.0,1.0,1.0,1.0,0.0,4.0,-1.0,-3.0,fe889fca-e836-4608-bc36-0ea939d3a3c0,18,129,left,rule_based
11.0,11.0,87.0,4.0,5.0,8.0,1.0,1.0,1.0,0.0,3.0,0.0,-3.0,fe889fca-e836-4608-bc36-0ea939d3a3c0,19,129,down,rule_based
11.0,11.0,86.0,4.0,5.0,7.0,0.0,1.0,1.0,1.0,2.0,0.0,-2.0,fe889fca-e836-4608-bc36-0ea939d3a3c0,20,129,down,rule_based
11.0,11.0,85.0,4.0,5.0,6.0,0.0,1.0,1.0,1.0,1.0,0.0,-1.0,fe889fca-e836-4608-bc36-0ea939d3a3c0,21,129,down,rule_based
11.0,11.0,100.0,5.0,5.0,5.0,0.0,1.0,1.0,1.0,2.0,0.0,-2.0,fe889fca-e836-4608-bc36-0ea939d3a3c0,22,129,left,rule_based
11.0,11.0,99.0,5.0,4.0,5.0,1.0,1.0,1.0,0.0,3.0,1.0,-2.0,fe889fca-e836-4608-bc36-0ea939d3a3c0,23,129,up,rule_based
11.0,11.0,98.0,5.0,4.0,6.0,1.0,0.0,1.0,0.0,4.0,1.0,-3.0,fe889fca-e836-4608-bc36-0ea939d3a3c0,24,129,left,rule_based
11.0,11.0,97.0,5.0,3.0,6.0,1.0,1.0,1.0,0.0,4.0,0.0,-4.0,fe889fca-e836-4608-bc36-0ea939d3a3c0,25,129,left,rule_based
11.0,11.0,96.0,5.0,2.0,6.0,1.0,1.0,1.0,0.0,3.0,-2.0,-1.0,fe889fca-e836-4608-bc36-0ea939d3a3c0,26,129,left,rule_based
11.0,11.0,95.0,5.0,1.0,6.0,1.0,1.0,1.0,0.0,2.0,-1.0,-1.0,fe889fca-e836-4608-bc36-0ea939d3a3c0,27,129,up,rule_based
11.0,11.0,94.0,5.0,1.0,7.0,1.0,0.0,1.0,1.0,3.0,-1.0,-2.0,fe889fca-e836-4608-bc36-0ea939d3a3c0,28,129,left,rule_based
11.0,11.0,93.0,5.0,0.0,7.0,1.0,1.0,0.0,0.0,2.0,0.0,-2.0,fe889fca-e836-4608-bc36-0ea939d3a3c0,29,129,up,rule_based
11.0,11.0,92.0,5.0,0.0,8.0,1.0,0.0,0.0,1.0,3.0,0.0,-3.0,fe889fca-e836-4608-bc36-0ea939d3a3c0,30,129,up,rule_based
11.0,11.0,91.0,5.0,0.0,9.0,1.0,0.0,0.0,1.0,4.0,0.0,-4.0,fe889fca-e836-4608-bc36-0ea939d3a3c0,31,129,up,rule_based
11.0,11.0,90.0,5.0,0.0,10.0,0.0,0.0,0.0,1.0,5.0,0.0,-5.0,fe889fca-e836-4608-bc36-0ea939d3a3c0,32,129,right,rule_based
11.0,11.0,89.0,5.0,1.0,10.0,0.0,1.0,0.0,1.0,5.0,4.0,-1.0,fe889fca-e836-4608-bc36-0ea939d3a3c0,33,129,down,rule_based
11.0,11.0,88.0,5.0,1.0,9.0,0.0,1.0,0.0,1.0,4.0,4.0,0.0,fe889fca-e836-4608-bc36-0ea939d3a3c0,34,129,right,rule_based
11.0,11.0,87.0,5.0,2.0,9.0,1.0,1.0,0.0,1.0,3.0,3.0,0.0,fe889fca-e836-4608-bc36-0ea939d3a3c0,35,129,up,rule_based
11.0,11.0,86.0,5.0,2.0,10.0,0.0,0.0,0.0,1.0,4.0,3.0,-1.0,fe889fca-e836-4608-bc36-0ea939d3a3c0,36,129,right,rule_based
11.0,11.0,85.0,5.0,3.0,10.0,0.0,1.0,0.0,1.0,3.0,2.0,-1.0,fe889fca-e836-4608-bc36-0ea939d3a3c0,37,129,right,rule_based
11.0,11.0,84.0,5.0,4.0,10.0,0.0,1.0,0.0,1.0,2.0,1.0,-1.0,fe889fca-e836-4608-bc36-0ea939d3a3c0,38,129,right,rule_based
11.0,11.0,83.0,5.0,5.0,10.0,0.0,1.0,0.0,1.0,1.0,0.0,-1.0,fe889fca-e836-4608-bc36-0ea939d3a3c0,39,129,down,rule_based
11.0,11.0,100.0,6.0,5.0,9.0,0.0,1.0,1.0,1.0,4.0,4.0,0.0,fe889fca-e836-4608-bc36-0ea939d3a3c0,40,129,left,rule_based
11.0,11.0,99.0,6.0,4.0,9.0,0.0,1.0,1.0,0.0,5.0,5.0,0.0,fe889fca-e836-4608-bc36-0ea939d3a3c0,41,129,left,rule_based
11.0,11.0,98.0,6.0,3.0,9.0,0.0,1.0,1.0,0.0,6.0,6.0,0.0,fe889fca-e836-4608-bc36-0ea939d3a3c0,42,129,down,rule_based
11.0,11.0,97.0,6.0,3.0,8.0,0.0,1.0,1.0,1.0,6.0,0.0,-6.0,fe889fca-e836-4608-bc36-0ea939d3a3c0,43,129,right,rule_based
11.0,11.0,96.0,6.0,4.0,8.0,0.0,1.0,0.0,1.0,6.0,1.0,-5.0,fe889fca-e836-4608-bc36-0ea939d3a3c0,44,129,down,rule_based
11.0,11.0,95.0,6.0,4.0,7.0,0.0,1.0,1.0,1.0,5.0,1.0,-4.0,fe889fca-e836-4608-bc36-0ea939d3a3c0,45,129,down,rule_based
11.0,11.0,94.0,6.0,4.0,6.0,0.0,1.0,1.0,1.0,4.0,1.0,-3.0,fe889fca-e836-4608-bc36-0ea939d3a3c0,46,129,down,rule_based
11.0,11.0,93.0,6.0,4.0,5.0,0.0,1.0,1.0,1.0,3.0,1.0,-2.0,fe889fca-e836-4608-bc36-0ea939d3a3c0,47,129,right,rule_based
11.0,11.0,92.0,6.0,5.0,5.0,1.0,1.0,0.0,1.0,2.0,0.0,-2.0,fe889fca-e836-4608-bc36-0ea939d3a3c0,48,129,down,rule_based
11.0,11.0,91.0,6.0,5.0,4.0,0.0,1.0,1.0,1.0,1.0,0.0,-1.0,fe889fca-e836-4608-bc36-0ea939d3a3c0,49,129,down,rule_based
11.0,11.0,100.0,7.0,5.0,3.0,0.0,1.0,1.0,1.0,2.0,0.0,-2.0,fe889fca-e836-4608-bc36-0ea939d3a3c0,50,129,right,rule_based
11.0,11.0,99.0,7.0,6.0,3.0,1.0,1.0,0.0,1.0,2.0,1.0,1.0,fe889fca-e836-4608-bc36-0ea939d3a3c0,51,129,right,rule_based
11.0,11.0,98.0,7.0,7.0,3.0,1.0,1.0,0.0,1.0,1.0,0.0,1.0,fe889fca-e836-4608-bc36-0ea939d3a3c0,52,129,right,rule_based
11.0,11.0,97.0,7.0,8.0,3.0,1.0,1.0,0.0,1.0,2.0,-1.0,1.0,fe889fca-e836-4608-bc36-0ea939d3a3c0,53,129,down,rule_based
11.0,11.0,96.0,7.0,8.0,2.0,0.0,1.0,1.0,1.0,3.0,-1.0,2.0,fe889fca-e836-4608-bc36-0ea939d3a3c0,54,129,left,rule_based
11.0,11.0,95.0,7.0,7.0,2.0,0.0,1.0,1.0,0.0,2.0,0.0,2.0,fe889fca-e836-4608-bc36-0ea939d3a3c0,55,129,left,rule_based
11.0,11.0,94.0,7.0,6.0,2.0,0.0,1.0,1.0,0.0,2.0,-1.0,-1.0,fe889fca-e836-4608-bc36-0ea939d3a3c0,56,129,left,rule_based
11.0,11.0,93.0,7.0,5.0,2.0,1.0,1.0,1.0,0.0,1.0,0.0,-1.0,fe889fca-e836-4608-bc36-0ea939d3a3c0,57,129,down,rule_based
11.0,11.0,100.0,8.0,5.0,1.0,0.0,1.0,1.0,1.0,3.0,-2.0,1.0,fe889fca-e836-4608-bc36-0ea939d3a3c0,58,129,left,rule_based
11.0,11.0,99.0,8.0,4.0,1.0,1.0,1.0,1.0,0.0,2.0,-1.0,1.0,fe889fca-e836-4608-bc36-0ea939d3a3c0,59,129,up,rule_based
11.0,11.0,98.0,8.0,4.0,2.0,1.0,0.0,1.0,0.0,1.0,-1.0,0.0,fe889fca-e836-4608-bc36-0ea939d3a3c0,60,129,up,rule_based
11.0,11.0,97.0,8.0,4.0,3.0,1.0,0.0,1.0,1.0,2.0,-1.0,-1.0,fe889fca-e836-4608-bc36-0ea939d3a3c0,61,129,left,rule_based
11.0,11.0,96.0,8.0,3.0,3.0,1.0,1.0,1.0,0.0,1.0,0.0,-1.0,fe889fca-e836-4608-bc36-0ea939d3a3c0,62,129,left,rule_based
11.0,11.0,95.0,8.0,2.0,3.0,1.0,1.0,1.0,0.0,2.0,1.0,-1.0,fe889fca-e836-4608-bc36-0ea939d3a3c0,63,129,up,rule_based
11.0,11.0,94.0,8.0,2.0,4.0,1.0,0.0,1.0,1.0,3.0,1.0,-2.0,fe889fca-e836-4608-bc36-0ea939d3a3c0,64,129,up,rule_based
11.0,11.0,93.0,8.0,2.0,5.0,1.0,0.0,1.0,1.0,2.0,-2.0,0.0,fe889fca-e836-4608-bc36-0ea939d3a3c0,65,129,up,rule_based
11.0,11.0,92.0,8.0,2.0,6.0,1.0,0.0,1.0,1.0,3.0,-2.0,-1.0,fe889fca-e836-4608-bc36-0ea939d3a3c0,66,129,up,rule_based
11.0,11.0,91.0,8.0,2.0,7.0,1.0,0.0,1.0,1.0,4.0,-2.0,-2.0,fe889fca-e836-4608-bc36-0ea939d3a3c0,67,129,up,rule_based
11.0,11.0,90.0,8.0,2.0,8.0,1.0,0.0,1.0,1.0,5.0,-2.0,-3.0,fe889fca-e836-4608-bc36-0ea939d3a3c0,68,129,left,rule_based
11.0,11.0,89.0,8.0,1.0,8.0,1.0,1.0,1.0,0.0,4.0,-1.0,-3.0,fe889fca-e836-4608-bc36-0ea939d3a3c0,69,129,up,rule_based
11.0,11.0,88.0,8.0,1.0,9.0,1.0,0.0,1.0,1.0,5.0,-1.0,-4.0,fe889fca-e836-4608-bc36-0ea939d3a3c0,70,129,right,rule_based
11.0,11.0,87.0,8.0,2.0,9.0,1.0,0.0,0.0,1.0,6.0,-2.0,-4.0,fe889fca-e836-4608-bc36-0ea939d3a3c0,71,129,up,rule_based
11.0,11.0,86.0,8.0,2.0,10.0,0.0,0.0,1.0,1.0,7.0,-2.0,-5.0,fe889fca-e836-4608-bc36-0ea939d3a3c0,72,129,right,rule_based
11.0,11.0,85.0,8.0,3.0,10.0,0.0,1.0,0.0,1.0,7.0,6.0,-1.0,fe889fca-e836-4608-bc36-0ea939d3a3c0,73,129,down,rule_based
11.0,11.0,84.0,8.0,3.0,9.0,0.0,1.0,0.0,1.0,6.0,6.0,0.0,fe889fca-e836-4608-bc36-0ea939d3a3c0,74,129,down,rule_based
11.0,11.0,83.0,8.0,3.0,8.0,0.0,1.0,0.0,1.0,6.0,0.0,-6.0,fe889fca-e836-4608-bc36-0ea939d3a3c0,75,129,down,rule_based
11.0,11.0,82.0,8.0,3.0,7.0,0.0,1.0,1.0,1.0,5.0,0.0,-5.0,fe889fca-e836-4608-bc36-0ea939d3a3c0,76,129,down,rule_based
11.0,11.0,81.0,8.0,3.0,6.0,0.0,1.0,1.0,1.0,4.0,0.0,-4.0,fe889fca-e836-4608-bc36-0ea939d3a3c0,77,129,left,rule_based
11.0,11.0,80.0,8.0,2.0,6.0,1.0,1.0,1.0,0.0,3.0,-2.0,-1.0,fe889fca-e836-4608-bc36-0ea939d3a3c0,78,129,down,rule_based
11.0,11.0,79.0,8.0,2.0,5.0,0.0,1.0,1.0,1.0,2.0,-2.0,0.0,fe889fca-e836-4608-bc36-0ea939d3a3c0,79,129,down,rule_based
11.0,11.0,78.0,8.0,2.0,4.0,0.0,1.0,1.0,1.0,3.0,1.0,-2.0,fe889fca-e836-4608-bc36-0ea939d3a3c0,80,129,down,rule_based
11.0,11.0,77.0,8.0,2.0,3.0,0.0,1.0,1.0,1.0,2.0,1.0,-1.0,fe889fca-e836-4608-bc36-0ea939d3a3c0,81,129,down,rule_based
11.0,11.0,76.0,8.0,2.0,2.0,0.0,1.0,1.0,1.0,1.0,1.0,0.0,fe889fca-e836-4608-bc36-0ea939d3a3c0,82,129,right,rule_based
11.0,11.0,100.0,9.0,3.0,2.0,1.0,1.0,0.0,1.0,4.0,-3.0,1.0,fe889fca-e836-4608-bc36-0ea939d3a3c0,83,129,right,rule_based
11.0,11.0,99.0,9.0,4.0,2.0,1.0,1.0,0.0,1.0,4.0,3.0,1.0,fe889fca-e836-4608-bc36-0ea939d3a3c0,84,129,up,rule_based
11.0,11.0,98.0,9.0,4.0,3.0,1.0,0.0,1.0,1.0,3.0,3.0,0.0,fe889fca-e836-4608-bc36-0ea939d3a3c0,85,129,right,rule_based
11.0,11.0,97.0,9.0,5.0,3.0,1.0,1.0,0.0,1.0,2.0,2.0,0.0,fe889fca-e836-4608-bc36-0ea939d3a3c0,86,129,down,rule_based
11.0,11.0,96.0,9.0,5.0,2.0,0.0,1.0,0.0,1.0,3.0,2.0,1.0,fe889fca-e836-4608-bc36-0ea939d3a3c0,87,129,right,rule_based
11.0,11.0,95.0,9.0,6.0,2.0,1.0,1.0,0.0,1.0,2.0,1.0,1.0,fe889fca-e836-4608-bc36-0ea939d3a3c0,88,129,right,rule_based
11.0,11.0,94.0,9.0,7.0,2.0,1.0,1.0,0.0,1.0,1.0,0.0,1.0,fe889fca-e836-4608-bc36-0ea939d3a3c0,89,129,down,rule_based
11.0,11.0,93.0,9.0,7.0,1.0,0.0,1.0,1.0,1.0,2.0,0.0,2.0,fe889fca-e836-4608-bc36-0ea939d3a3c0,90,129,left,rule_based
11.0,11.0,92.0,9.0,6.0,1.0,0.0,1.0,1.0,0.0,3.0,1.0,2.0,fe889fca-e836-4608-bc36-0ea939d3a3c0,91,129,left,rule_based
11.0,11.0,91.0,9.0,5.0,1.0,0.0,1.0,1.0,0.0,4.0,2.0,2.0,fe889fca-e836-4608-bc36-0ea939d3a3c0,92,129,left,rule_based
11.0,11.0,90.0,9.0,4.0,1.0,1.0,1.0,1.0,0.0,5.0,3.0,2.0,fe889fca-e836-4608-bc36-0ea939d3a3c0,93,129,down,rule_based
11.0,11.0,89.0,9.0,4.0,0.0,0.0,0.0,1.0,1.0,6.0,3.0,3.0,fe889fca-e836-4608-bc36-0ea939d3a3c0,94,129,left,rule_based
11.0,11.0,88.0,9.0,3.0,0.0,1.0,0.0,1.0,0.0,6.0,-3.0,3.0,fe889fca-e836-4608-bc36-0ea939d3a3c0,95,129,up,rule_based
11.0,11.0,87.0,9.0,3.0,1.0,1.0,0.0,1.0,0.0,5.0,-3.0,2.0,fe889fca-e836-4608-bc36-0ea939d3a3c0,96,129,left,rule_based
11.0,11.0,86.0,9.0,2.0,1.0,1.0,1.0,1.0,0.0,4.0,-2.0,2.0,fe889fca-e836-4608-bc36-0ea939d3a3c0,97,129,up,rule_based
11.0,11.0,85.0,9.0,2.0,2.0,1.0,0.0,1.0,1.0,3.0,-2.0,1.0,fe889fca-e836-4608-bc36-0ea939d3a3c0,98,129,right,rule_based
11.0,11.0,84.0,9.0,3.0,2.0,1.0,0.0,0.0,1.0,4.0,-3.0,1.0,fe889fca-e836-4608-bc36-0ea939d3a3c0,99,129,right,rule_based
11.0,11.0,83.0,9.0,4.0,2.0,1.0,0.0,0.0,1.0,4.0,3.0,1.0,fe889fca-e836-4608-bc36-0ea939d3a3c0,100,129,right,rule_based
11.0,11.0,82.0,9.0,5.0,2.0,1.0,1.0,0.0,1.0,3.0,2.0,1.0,fe889fca-e836-4608-bc36-0ea939d3a3c0,101,129,right,rule_based
11.0,11.0,81.0,9.0,6.0,2.0,1.0,1.0,0.0,1.0,2.0,1.0,1.0,fe889fca-e836-4608-bc36-0ea939d3a3c0,102,129,right,rule_based
11.0,11.0,80.0,9.0,7.0,2.0,1.0,1.0,0.0,1.0,1.0,0.0,1.0,fe889fca-e836-4608-bc36-0ea939d3a3c0,103,129,right,rule_based
11.0,11.0,79.0,9.0,8.0,2.0,1.0,1.0,0.0,1.0,2.0,-1.0,1.0,fe889fca-e836-4608-bc36-0ea939d3a3c0,104,129,right,rule_based
11.0,11.0,78.0,9.0,9.0,2.0,1.0,1.0,0.0,1.0,3.0,-2.0,1.0,fe889fca-e836-4608-bc36-0ea939d3a3c0,105,129,up,rule_based
11.0,11.0,77.0,9.0,9.0,3.0,1.0,0.0,1.0,1.0,2.0,-2.0,0.0,fe889fca-e836-4608-bc36-0ea939d3a3c0,106,129,right,rule_based
11.0,11.0,76.0,9.0,10.0,3.0,1.0,1.0,0.0,0.0,3.0,-3.0,0.0,fe889fca-e836-4608-bc36-0ea939d3a3c0,107,129,down,rule_based
11.0,11.0,75.0,9.0,10.0,2.0,0.0,1.0,0.0,0.0,4.0,-3.0,1.0,fe889fca-e836-4608-bc36-0ea939d3a3c0,108,129,down,rule_based
11.0,11.0,74.0,9.0,10.0,1.0,0.0,1.0,1.0,0.0,5.0,-3.0,2.0,fe889fca-e836-4608-bc36-0ea939d3a3c0,109,129,down,rule_based
11.0,11.0,73.0,9.0,10.0,0.0,0.0,0.0,1.0,0.0,6.0,-3.0,3.0,fe889fca-e836-4608-bc36-0ea939d3a3c0,110,129,left,rule_based
11.0,11.0,72.0,9.0,9.0,0.0,1.0,0.0,1.0,0.0,5.0,-2.0,3.0,fe889fca-e836-4608-bc36-0ea939d3a3c0,111,129,up,rule_based
11.0,11.0,71.0,9.0,9.0,1.0,0.0,0.0,1.0,0.0,4.0,-2.0,2.0,fe889fca-e836-4608-bc36-0ea939d3a3c0,112,129,left,rule_based
11.0,11.0,70.0,9.0,8.0,1.0,1.0,1.0,1.0,0.0,3.0,-1.0,2.0,fe889fca-e836-4608-bc36-0ea939d3a3c0,113,129,left,rule_based
11.0,11.0,69.0,9.0,7.0,1.0,1.0,1.0,1.0,0.0,2.0,0.0,2.0,fe889fca-e836-4608-bc36-0ea939d3a3c0,114,129,up,rule_based
11.0,11.0,68.0,9.0,7.0,2.0,1.0,0.0,1.0,1.0,1.0,0.0,1.0,fe889fca-e836-4608-bc36-0ea939d3a3c0,115,129,up,rule_based
11.0,11.0,100.0,10.0,7.0,3.0,1.0,0.0,1.0,1.0,1.0,0.0,1.0,fe889fca-e836-4608-bc36-0ea939d3a3c0,116,129,right,rule_based
11.0,11.0,99.0,10.0,8.0,3.0,1.0,1.0,0.0,1.0,2.0,-1.0,1.0,fe889fca-e836-4608-bc36-0ea939d3a3c0,117,129,down,rule_based
11.0,11.0,98.0,10.0,8.0,2.0,0.0,0.0,0.0,1.0,3.0,-1.0,2.0,fe889fca-e836-4608-bc36-0ea939d3a3c0,118,129,right,rule_based
11.0,11.0,97.0,10.0,9.0,2.0,1.0,0.0,0.0,1.0,4.0,-2.0,2.0,fe889fca-e836-4608-bc36-0ea939d3a3c0,119,129,right,rule_based
11.0,11.0,96.0,10.0,10.0,2.0,1.0,1.0,0.0,0.0,5.0,-3.0,2.0,fe889fca-e836-4608-bc36-0ea939d3a3c0,120,129,down,rule_based
11.0,11.0,95.0,10.0,10.0,1.0,0.0,1.0,0.0,0.0,6.0,-3.0,3.0,fe889fca-e836-4608-bc36-0ea939d3a3c0,121,129,down,rule_based
11.0,11.0,94.0,10.0,10.0,0.0,0.0,0.0,1.0,0.0,7.0,-3.0,4.0,fe889fca-e836-4608-bc36-0ea939d3a3c0,122,129,left,rule_based
11.0,11.0,93.0,10.0,9.0,0.0,1.0,0.0,1.0,0.0,6.0,-2.0,4.0,fe889fca-e836-4608-bc36-0ea939d3a3c0,123,129,up,rule_based
11.0,11.0,92.0,10.0,9.0,1.0,0.0,0.0,1.0,0.0,5.0,-2.0,3.0,fe889fca-e836-4608-bc36-0ea939d3a3c0,124,129,left,rule_based
11.0,11.0,91.0,10.0,8.0,1.0,0.0,1.0,1.0,0.0,4.0,-1.0,3.0,fe889fca-e836-4608-bc36-0ea939d3a3c0,125,129,left,rule_based
11.0,11.0,90.0,10.0,7.0,1.0,1.0,1.0,1.0,0.0,3.0,0.0,3.0,fe889fca-e836-4608-bc36-0ea939d3a3c0,126,129,down,rule_based
11.0,11.0,89.0,10.0,7.0,0.0,0.0,0.0,1.0,1.0,4.0,0.0,4.0,fe889fca-e836-4608-bc36-0ea939d3a3c0,127,129,right,rule_based
