INFO 13:27:46.119104 Snake ID: 70eb9345-cb4a-4630-b6f0-99f8165a9ee7 URL: http://127.0.0.1:41103, Name: "Rule-based agent"
INFO 13:27:46.121085 Ruleset: solo, Seed: 100
INFO 13:27:46.121119 Turn: 0, Snakes Alive: [Rule-based agent], Food: 2, Hazards: 0
INFO 13:27:46.133356 Turn: 1, Snakes Alive: [Rule-based agent], Food: 2, Hazards: 0
INFO 13:27:46.135097 Turn: 2, Snakes Alive: [Rule-based agent], Food: 2, Hazards: 0
INFO 13:27:46.136638 Turn: 3, Snakes Alive: [Rule-based agent], Food: 3, Hazards: 0
INFO 13:27:46.138348 Turn: 4, Snakes Alive: [Rule-based agent], Food: 3, Hazards: 0
INFO 13:27:46.140117 Turn: 5, Snakes Alive: [Rule-based agent], Food: 3, Hazards: 0
INFO 13:27:46.141454 Turn: 6, Snakes Alive: [Rule-based agent], Food: 3, Hazards: 0
INFO 13:27:46.143010 Turn: 7, Snakes Alive: [Rule-based agent], Food: 4, Hazards: 0
INFO 13:27:46.144365 Turn: 8, Snakes Alive: [Rule-based agent], Food: 4, Hazards: 0
INFO 13:27:46.145745 Turn: 9, Snakes Alive: [Rule-based agent], Food: 5, Hazards: 0
INFO 13:27:46.147241 Turn: 10, Snakes Alive: [Rule-based agent], Food: 5, Hazards: 0
INFO 13:27:46.148578 Turn: 11, Snakes Alive: [Rule-based agent], Food: 5, Hazards: 0
INFO 13:27:46.150114 Turn: 12, Snakes Alive: [Rule-based agent], Food: 5, Hazards: 0
INFO 13:27:46.151902 Turn: 13, Snakes Alive: [Rule-based agent], Food: 6, Hazards: 0
INFO 13:27:46.153463 Turn: 14, Snakes Alive: [Rule-based agent], Food: 7, Hazards: 0
INFO 13:27:46.155059 Turn: 15, Snakes Alive: [Rule-based agent], Food: 7, Hazards: 0
INFO 13:27:46.156798 Turn: 16, Snakes Alive: [Rule-based agent], Food: 7, Hazards: 0
INFO 13:27:46.158176 Turn: 17, Snakes Alive: [Rule-based agent], Food: 8, Hazards: 0
INFO 13:27:46.159600 Turn: 18, Snakes Alive: [Rule-based agent], Food: 8, Hazards: 0
INFO 13:27:46.160919 Turn: 19, Snakes Alive: [Rule-based agent], Food: 8, Hazards: 0
INFO 13:27:46.162255 Turn: 20, Snakes Alive: [Rule-based agent], Food: 8, Hazards: 0
INFO 13:27:46.163653 Turn: 21, Snakes Alive: [Rule-based agent], Food: 8, Hazards: 0
INFO 13:27:46.165074 Turn: 22, Snakes Alive: [Rule-based agent], Food: 8, Hazards: 0
INFO 13:27:46.166515 Turn: 23, Snakes Alive: [Rule-based agent], Food: 9, Hazards: 0
INFO 13:27:46.167841 Turn: 24, Snakes Alive: [Rule-based agent], Food: 9, Hazards: 0
INFO 13:27:46.169179 Turn: 25, Snakes Alive: [Rule-based agent], Food: 10, Hazards: 0
INFO 13:27:46.170631 Turn: 26, Snakes Alive: [Rule-based agent], Food: 11, Hazards: 0
INFO 13:27:46.172025 Turn: 27, Snakes Alive: [Rule-based agent], Food: 12, Hazards: 0
INFO 13:27:46.173722 Turn: 28, Snakes Alive: [Rule-based agent], Food: 12, Hazards: 0
INFO 13:27:46.175167 Turn: 29, Snakes Alive: [Rule-based agent], Food: 12, Hazards: 0
INFO 13:27:46.176535 Turn: 30, Snakes Alive: [Rule-based agent], Food: 13, Hazards: 0
INFO 13:27:46.178104 Turn: 31, Snakes Alive: [Rule-based agent], Food: 13, Hazards: 0
INFO 13:27:46.179846 Turn: 32, Snakes Alive: [Rule-based agent], Food: 13, Hazards: 0
INFO 13:27:46.181261 Turn: 33, Snakes Alive: [Rule-based agent], Food: 14, Hazards: 0
INFO 13:27:46.182750 Turn: 34, Snakes Alive: [Rule-based agent], Food: 14, Hazards: 0
INFO 13:27:46.184272 Turn: 35, Snakes Alive: [Rule-based agent], Food: 14, Hazards: 0
INFO 13:27:46.185681 Turn: 36, Snakes Alive: [Rule-based agent], Food: 14, Hazards: 0
INFO 13:27:46.187473 Turn: 37, Snakes Alive: [Rule-based agent], Food: 14, Hazards: 0
INFO 13:27:46.188888 Turn: 38, Snakes Alive: [Rule-based agent], Food: 14, Hazards: 0
INFO 13:27:46.190575 Turn: 39, Snakes Alive: [Rule-based agent], Food: 14, Hazards: 0
INFO 13:27:46.192065 Turn: 40, Snakes Alive: [Rule-based agent], Food: 14, Hazards: 0
INFO 13:27:46.193527 Turn: 41, Snakes Alive: [Rule-based agent], Food: 14, Hazards: 0
INFO 13:27:46.195008 Turn: 42, Snakes Alive: [Rule-based agent], Food: 14, Hazards: 0
INFO 13:27:46.196504 Turn: 43, Snakes Alive: [Rule-based agent], Food: 14, Hazards: 0
INFO 13:27:46.197910 Turn: 44, Snakes Alive: [Rule-based agent], Food: 13, Hazards: 0
INFO 13:27:46.199382 Turn: 45, Snakes Alive: [Rule-based agent], Food: 13, Hazards: 0
INFO 13:27:46.200747 Turn: 46, Snakes Alive: [Rule-based agent], Food: 13, Hazards: 0
INFO 13:27:46.202417 Turn: 47, Snakes Alive: [Rule-based agent], Food: 13, Hazards: 0
INFO 13:27:46.203988 Turn: 48, Snakes Alive: [Rule-based agent], Food: 13, Hazards: 0
INFO 13:27:46.205455 Turn: 49, Snakes Alive: [Rule-based agent], Food: 13, Hazards: 0
INFO 13:27:46.207245 Turn: 50, Snakes Alive: [Rule-based agent], Food: 13, Hazards: 0
INFO 13:27:46.208725 Turn: 51, Snakes Alive: [Rule-based agent], Food: 13, Hazards: 0
INFO 13:27:46.210538 Turn: 52, Snakes Alive: [Rule-based agent], Food: 13, Hazards: 0
INFO 13:27:46.212023 Turn: 53, Snakes Alive: [Rule-based agent], Food: 13, Hazards: 0
INFO 13:27:46.213442 Turn: 54, Snakes Alive: [Rule-based agent], Food: 14, Hazards: 0
INFO 13:27:46.215097 Turn: 55, Snakes Alive: [Rule-based agent], Food: 14, Hazards: 0
INFO 13:27:46.216953 Turn: 56, Snakes Alive: [Rule-based agent], Food: 15, Hazards: 0
INFO 13:27:46.218464 Turn: 57, Snakes Alive: [Rule-based agent], Food: 15, Hazards: 0
INFO 13:27:46.219898 Turn: 58, Snakes Alive: [Rule-based agent], Food: 16, Hazards: 0
INFO 13:27:46.221425 Turn: 59, Snakes Alive: [Rule-based agent], Food: 16, Hazards: 0
INFO 13:27:46.222965 Turn: 60, Snakes Alive: [Rule-based agent], Food: 16, Hazards: 0
INFO 13:27:46.224702 Turn: 61, Snakes Alive: [Rule-based agent], Food: 16, Hazards: 0
INFO 13:27:46.226213 Turn: 62, Snakes Alive: [Rule-based agent], Food: 16, Hazards: 0
INFO 13:27:46.227737 Turn: 63, Snakes Alive: [Rule-based agent], Food: 16, Hazards: 0
INFO 13:27:46.229399 Turn: 64, Snakes Alive: [Rule-based agent], Food: 15, Hazards: 0
INFO 13:27:46.230918 Turn: 65, Snakes Alive: [Rule-based agent], Food: 14, Hazards: 0
INFO 13:27:46.232457 Turn: 66, Snakes Alive: [Rule-based agent], Food: 14, Hazards: 0
INFO 13:27:46.233923 Turn: 67, Snakes Alive: [Rule-based agent], Food: 14, Hazards: 0
INFO 13:27:46.235415 Turn: 68, Snakes Alive: [Rule-based agent], Food: 14, Hazards: 0
INFO 13:27:46.236787 Turn: 69, Snakes Alive: [Rule-based agent], Food: 14, Hazards: 0
INFO 13:27:46.238382 Turn: 70, Snakes Alive: [Rule-based agent], Food: 14, Hazards: 0
INFO 13:27:46.240116 Turn: 71, Snakes Alive: [Rule-based agent], Food: 14, Hazards: 0
INFO 13:27:46.241671 Turn: 72, Snakes Alive: [Rule-based agent], Food: 14, Hazards: 0
INFO 13:27:46.243174 Turn: 73, Snakes Alive: [Rule-based agent], Food: 15, Hazards: 0
INFO 13:27:46.244580 Turn: 74, Snakes Alive: [Rule-based agent], Food: 15, Hazards: 0
INFO 13:27:46.246146 Turn: 75, Snakes Alive: [Rule-based agent], Food: 15, Hazards: 0
INFO 13:27:46.248394 Turn: 76, Snakes Alive: [Rule-based agent], Food: 15, Hazards: 0
INFO 13:27:46.250729 Turn: 77, Snakes Alive: [Rule-based agent], Food: 16, Hazards: 0
INFO 13:27:46.252143 Turn: 78, Snakes Alive: [Rule-based agent], Food: 17, Hazards: 0
INFO 13:27:46.253565 Turn: 79, Snakes Alive: [Rule-based agent], Food: 16, Hazards: 0
INFO 13:27:46.255159 Turn: 80, Snakes Alive: [Rule-based agent], Food: 16, Hazards: 0
INFO 13:27:46.256829 Turn: 81, Snakes Alive: [Rule-based agent], Food: 17, Hazards: 0
INFO 13:27:46.258396 Turn: 82, Snakes Alive: [Rule-based agent], Food: 17, Hazards: 0
INFO 13:27:46.259820 Turn: 83, Snakes Alive: [Rule-based agent], Food: 17, Hazards: 0
INFO 13:27:46.261197 Turn: 84, Snakes Alive: [Rule-based agent], Food: 17, Hazards: 0
INFO 13:27:46.262747 Turn: 85, Snakes Alive: [Rule-based agent], Food: 17, Hazards: 0
INFO 13:27:46.264329 Turn: 86, Snakes Alive: [Rule-based agent], Food: 17, Hazards: 0
INFO 13:27:46.265828 Turn: 87, Snakes Alive: [Rule-based agent], Food: 17, Hazards: 0
INFO 13:27:46.267501 Turn: 88, Snakes Alive: [Rule-based agent], Food: 17, Hazards: 0
INFO 13:27:46.269076 Turn: 89, Snakes Alive: [Rule-based agent], Food: 17, Hazards: 0
INFO 13:27:46.270708 Turn: 90, Snakes Alive: [Rule-based agent], Food: 17, Hazards: 0
INFO 13:27:46.272159 Turn: 91, Snakes Alive: [Rule-based agent], Food: 17, Hazards: 0
INFO 13:27:46.273910 Turn: 92, Snakes Alive: [Rule-based agent], Food: 16, Hazards: 0
INFO 13:27:46.275397 Turn: 93, Snakes Alive: [Rule-based agent], Food: 16, Hazards: 0
INFO 13:27:46.276879 Turn: 94, Snakes Alive: [Rule-based agent], Food: 16, Hazards: 0
INFO 13:27:46.278363 Turn: 95, Snakes Alive: [Rule-based agent], Food: 15, Hazards: 0
INFO 13:27:46.279952 Turn: 96, Snakes Alive: [Rule-based agent], Food: 14, Hazards: 0
INFO 13:27:46.281619 Turn: 97, Snakes Alive: [Rule-based agent], Food: 14, Hazards: 0
INFO 13:27:46.283134 Turn: 98, Snakes Alive: [Rule-based agent], Food: 14, Hazards: 0
INFO 13:27:46.284559 Turn: 99, Snakes Alive: [Rule-based agent], Food: 13, Hazards: 0
INFO 13:27:46.286015 Turn: 100, Snakes Alive: [Rule-based agent], Food: 13, Hazards: 0
INFO 13:27:46.287594 Turn: 101, Snakes Alive: [Rule-based agent], Food: 13, Hazards: 0
INFO 13:27:46.289101 Turn: 102, Snakes Alive: [Rule-based agent], Food: 13, Hazards: 0
INFO 13:27:46.290810 Turn: 103, Snakes Alive: [Rule-based agent], Food: 13, Hazards: 0
INFO 13:27:46.292294 Turn: 104, Snakes Alive: [Rule-based agent], Food: 13, Hazards: 0
INFO 13:27:46.293720 Turn: 105, Snakes Alive: [Rule-based agent], Food: 13, Hazards: 0
INFO 13:27:46.295193 Turn: 106, Snakes Alive: [Rule-based agent], Food: 14, Hazards: 0
INFO 13:27:46.296814 Turn: 107, Snakes Alive: [Rule-based agent], Food: 14, Hazards: 0
INFO 13:27:46.298318 Turn: 108, Snakes Alive: [Rule-based agent], Food: 13, Hazards: 0
INFO 13:27:46.299816 Turn: 109, Snakes Alive: [Rule-based agent], Food: 13, Hazards: 0
INFO 13:27:46.301270 Turn: 110, Snakes Alive: [Rule-based agent], Food: 13, Hazards: 0
INFO 13:27:46.302819 Turn: 111, Snakes Alive: [Rule-based agent], Food: 13, Hazards: 0
INFO 13:27:46.304290 Turn: 112, Snakes Alive: [Rule-based agent], Food: 13, Hazards: 0
INFO 13:27:46.305864 Turn: 113, Snakes Alive: [Rule-based agent], Food: 13, Hazards: 0
INFO 13:27:46.307367 Turn: 114, Snakes Alive: [Rule-based agent], Food: 13, Hazards: 0
INFO 13:27:46.308696 Turn: 115, Snakes Alive: [Rule-based agent], Food: 13, Hazards: 0
INFO 13:27:46.310127 Turn: 116, Snakes Alive: [Rule-based agent], Food: 13, Hazards: 0
INFO 13:27:46.311707 Turn: 117, Snakes Alive: [Rule-based agent], Food: 13, Hazards: 0
INFO 13:27:46.312925 Turn: 118, Snakes Alive: [], Food: 13, Hazards: 0
INFO 13:27:46.314180 Game completed after 119 turns.
INFO 13:27:46.350960 Snake ID: 511a625e-951f-42eb-ba21-1e45bac239f7 URL: http://127.0.0.1:41103, Name: "Rule-based agent"
INFO 13:27:46.353056 Ruleset: solo, Seed: 101
INFO 13:27:46.353074 Turn: 0, Snakes Alive: [Rule-based agent], Food: 2, Hazards: 0
INFO 13:27:46.364885 Turn: 1, Snakes Alive: [Rule-based agent], Food: 2, Hazards: 0
INFO 13:27:46.366635 Turn: 2, Snakes Alive: [Rule-based agent], Food: 2, Hazards: 0
INFO 13:27:46.368061 Turn: 3, Snakes Alive: [Rule-based agent], Food: 2, Hazards: 0
INFO 13:27:46.369694 Turn: 4, Snakes Alive: [Rule-based agent], Food: 2, Hazards: 0
INFO 13:27:46.371227 Turn: 5, Snakes Alive: [Rule-based agent], Food: 2, Hazards: 0
INFO 13:27:46.372871 Turn: 6, Snakes Alive: [Rule-based agent], Food: 3, Hazards: 0
INFO 13:27:46.374453 Turn: 7, Snakes Alive: [Rule-based agent], Food: 3, Hazards: 0
INFO 13:27:46.375795 Turn: 8, Snakes Alive: [Rule-based agent], Food: 4, Hazards: 0
INFO 13:27:46.377304 Turn: 9, Snakes Alive: [Rule-based agent], Food: 4, Hazards: 0
INFO 13:27:46.378858 Turn: 10, Snakes Alive: [Rule-based agent], Food: 4, Hazards: 0
INFO 13:27:46.380456 Turn: 11, Snakes Alive: [Rule-based agent], Food: 4, Hazards: 0
INFO 13:27:46.381866 Turn: 12, Snakes Alive: [Rule-based agent], Food: 5, Hazards: 0
INFO 13:27:46.383507 Turn: 13, Snakes Alive: [Rule-based agent], Food: 6, Hazards: 0
INFO 13:27:46.385028 Turn: 14, Snakes Alive: [Rule-based agent], Food: 6, Hazards: 0
INFO 13:27:46.386571 Turn: 15, Snakes Alive: [Rule-based agent], Food: 6, Hazards: 0
INFO 13:27:46.387822 Turn: 16, Snakes Alive: [Rule-based agent], Food: 7, Hazards: 0
INFO 13:27:46.389054 Turn: 17, Snakes Alive: [Rule-based agent], Food: 7, Hazards: 0
INFO 13:27:46.390755 Turn: 18, Snakes Alive: [Rule-based agent], Food: 7, Hazards: 0
INFO 13:27:46.392213 Turn: 19, Snakes Alive: [Rule-based agent], Food: 7, Hazards: 0
INFO 13:27:46.393504 Turn: 20, Snakes Alive: [Rule-based agent], Food: 6, Hazards: 0
INFO 13:27:46.395041 Turn: 21, Snakes Alive: [Rule-based agent], Food: 6, Hazards: 0
INFO 13:27:46.396435 Turn: 22, Snakes Alive: [Rule-based agent], Food: 7, Hazards: 0
INFO 13:27:46.397802 Turn: 23, Snakes Alive: [Rule-based agent], Food: 7, Hazards: 0
INFO 13:27:46.399264 Turn: 24, Snakes Alive: [Rule-based agent], Food: 8, Hazards: 0
INFO 13:27:46.400975 Turn: 25, Snakes Alive: [Rule-based agent], Food: 8, Hazards: 0
INFO 13:27:46.402295 Turn: 26, Snakes Alive: [Rule-based agent], Food: 9, Hazards: 0
INFO 13:27:46.403713 Turn: 27, Snakes Alive: [Rule-based agent], Food: 9, Hazards: 0
INFO 13:27:46.405092 Turn: 28, Snakes Alive: [Rule-based agent], Food: 9, Hazards: 0
INFO 13:27:46.406833 Turn: 29, Snakes Alive: [Rule-based agent], Food: 10, Hazards: 0
INFO 13:27:46.408439 Turn: 30, Snakes Alive: [Rule-based agent], Food: 10, Hazards: 0
INFO 13:27:46.409995 Turn: 31, Snakes Alive: [Rule-based agent], Food: 10, Hazards: 0
INFO 13:27:46.411403 Turn: 32, Snakes Alive: [Rule-based agent], Food: 10, Hazards: 0
INFO 13:27:46.412847 Turn: 33, Snakes Alive: [Rule-based agent], Food: 10, Hazards: 0
INFO 13:27:46.414494 Turn: 34, Snakes Alive: [Rule-based agent], Food: 10, Hazards: 0
INFO 13:27:46.416179 Turn: 35, Snakes Alive: [Rule-based agent], Food: 10, Hazards: 0
INFO 13:27:46.417792 Turn: 36, Snakes Alive: [Rule-based agent], Food: 10, Hazards: 0
INFO 13:27:46.419340 Turn: 37, Snakes Alive: [Rule-based agent], Food: 10, Hazards: 0
INFO 13:27:46.420851 Turn: 38, Snakes Alive: [Rule-based agent], Food: 10, Hazards: 0
INFO 13:27:46.422175 Turn: 39, Snakes Alive: [Rule-based agent], Food: 10, Hazards: 0
INFO 13:27:46.423797 Turn: 40, Snakes Alive: [Rule-based agent], Food: 10, Hazards: 0
INFO 13:27:46.425286 Turn: 41, Snakes Alive: [Rule-based agent], Food: 10, Hazards: 0
INFO 13:27:46.426800 Turn: 42, Snakes Alive: [Rule-based agent], Food: 10, Hazards: 0
INFO 13:27:46.428229 Turn: 43, Snakes Alive: [Rule-based agent], Food: 10, Hazards: 0
INFO 13:27:46.429853 Turn: 44, Snakes Alive: [Rule-based agent], Food: 10, Hazards: 0
INFO 13:27:46.431276 Turn: 45, Snakes Alive: [Rule-based agent], Food: 10, Hazards: 0
INFO 13:27:46.432845 Turn: 46, Snakes Alive: [Rule-based agent], Food: 10, Hazards: 0
INFO 13:27:46.434389 Turn: 47, Snakes Alive: [Rule-based agent], Food: 10, Hazards: 0
INFO 13:27:46.436023 Turn: 48, Snakes Alive: [Rule-based agent], Food: 10, Hazards: 0
INFO 13:27:46.437501 Turn: 49, Snakes Alive: [Rule-based agent], Food: 11, Hazards: 0
INFO 13:27:46.439146 Turn: 50, Snakes Alive: [Rule-based agent], Food: 11, Hazards: 0
INFO 13:27:46.440821 Turn: 51, Snakes Alive: [Rule-based agent], Food: 11, Hazards: 0
INFO 13:27:46.442428 Turn: 52, Snakes Alive: [Rule-based agent], Food: 11, Hazards: 0
INFO 13:27:46.443940 Turn: 53, Snakes Alive: [Rule-based agent], Food: 12, Hazards: 0
INFO 13:27:46.445298 Turn: 54, Snakes Alive: [Rule-based agent], Food: 12, Hazards: 0
INFO 13:27:46.446800 Turn: 55, Snakes Alive: [Rule-based agent], Food: 13, Hazards: 0
INFO 13:27:46.448211 Turn: 56, Snakes Alive: [Rule-based agent], Food: 13, Hazards: 0
INFO 13:27:46.449828 Turn: 57, Snakes Alive: [Rule-based agent], Food: 14, Hazards: 0
INFO 13:27:46.451408 Turn: 58, Snakes Alive: [Rule-based agent], Food: 14, Hazards: 0
INFO 13:27:46.453191 Turn: 59, Snakes Alive: [Rule-based agent], Food: 14, Hazards: 0
INFO 13:27:46.454675 Turn: 60, Snakes Alive: [Rule-based agent], Food: 14, Hazards: 0
INFO 13:27:46.456179 Turn: 61, Snakes Alive: [Rule-based agent], Food: 14, Hazards: 0
INFO 13:27:46.457855 Turn: 62, Snakes Alive: [Rule-based agent], Food: 14, Hazards: 0
INFO 13:27:46.459915 Turn: 63, Snakes Alive: [Rule-based agent], Food: 14, Hazards: 0
INFO 13:27:46.461595 Turn: 64, Snakes Alive: [Rule-based agent], Food: 14, Hazards: 0
INFO 13:27:46.463131 Turn: 65, Snakes Alive: [Rule-based agent], Food: 14, Hazards: 0
INFO 13:27:46.464619 Turn: 66, Snakes Alive: [Rule-based agent], Food: 14, Hazards: 0
INFO 13:27:46.466033 Turn: 67, Snakes Alive: [Rule-based agent], Food: 14, Hazards: 0
INFO 13:27:46.467602 Turn: 68, Snakes Alive: [Rule-based agent], Food: 14, Hazards: 0
INFO 13:27:46.469133 Turn: 69, Snakes Alive: [Rule-based agent], Food: 13, Hazards: 0
INFO 13:27:46.472148 Turn: 70, Snakes Alive: [Rule-based agent], Food: 13, Hazards: 0
INFO 13:27:46.473879 Turn: 71, Snakes Alive: [Rule-based agent], Food: 13, Hazards: 0
INFO 13:27:46.475351 Turn: 72, Snakes Alive: [Rule-based agent], Food: 14, Hazards: 0
INFO 13:27:46.476829 Turn: 73, Snakes Alive: [Rule-based agent], Food: 14, Hazards: 0
INFO 13:27:46.478241 Turn: 74, Snakes Alive: [Rule-based agent], Food: 14, Hazards: 0
INFO 13:27:46.479884 Turn: 75, Snakes Alive: [Rule-based agent], Food: 13, Hazards: 0
INFO 13:27:46.481430 Turn: 76, Snakes Alive: [Rule-based agent], Food: 14, Hazards: 0
INFO 13:27:46.482948 Turn: 77, Snakes Alive: [Rule-based agent], Food: 14, Hazards: 0
INFO 13:27:46.484302 Turn: 78, Snakes Alive: [Rule-based agent], Food: 14, Hazards: 0
INFO 13:27:46.485856 Turn: 79, Snakes Alive: [Rule-based agent], Food: 13, Hazards: 0
INFO 13:27:46.487381 Turn: 80, Snakes Alive: [Rule-based agent], Food: 14, Hazards: 0
INFO 13:27:46.488780 Turn: 81, Snakes Alive: [Rule-based agent], Food: 14, Hazards: 0
INFO 13:27:46.490624 Turn: 82, Snakes Alive: [Rule-based agent], Food: 14, Hazards: 0
INFO 13:27:46.492017 Turn: 83, Snakes Alive: [Rule-based agent], Food: 14, Hazards: 0
INFO 13:27:46.493543 Turn: 84, Snakes Alive: [Rule-based agent], Food: 14, Hazards: 0
INFO 13:27:46.495223 Turn: 85, Snakes Alive: [Rule-based agent], Food: 14, Hazards: 0
INFO 13:27:46.496670 Turn: 86, Snakes Alive: [Rule-based agent], Food: 14, Hazards: 0
INFO 13:27:46.498177 Turn: 87, Snakes Alive: [Rule-based agent], Food: 14, Hazards: 0
INFO 13:27:46.499841 Turn: 88, Snakes Alive: [Rule-based agent], Food: 13, Hazards: 0
INFO 13:27:46.501266 Turn: 89, Snakes Alive: [Rule-based agent], Food: 13, Hazards: 0
INFO 13:27:46.502978 Turn: 90, Snakes Alive: [Rule-based agent], Food: 13, Hazards: 0
INFO 13:27:46.504508 Turn: 91, Snakes Alive: [Rule-based agent], Food: 13, Hazards: 0
INFO 13:27:46.505939 Turn: 92, Snakes Alive: [Rule-based agent], Food: 13, Hazards: 0
INFO 13:27:46.507493 Turn: 93, Snakes Alive: [Rule-based agent], Food: 12, Hazards: 0
INFO 13:27:46.508993 Turn: 94, Snakes Alive: [Rule-based agent], Food: 11, Hazards: 0
INFO 13:27:46.510794 Turn: 95, Snakes Alive: [Rule-based agent], Food: 11, Hazards: 0
INFO 13:27:46.512320 Turn: 96, Snakes Alive: [Rule-based agent], Food: 11, Hazards: 0
INFO 13:27:46.513694 Turn: 97, Snakes Alive: [Rule-based agent], Food: 11, Hazards: 0
INFO 13:27:46.515211 Turn: 98, Snakes Alive: [Rule-based agent], Food: 11, Hazards: 0
INFO 13:27:46.516547 Turn: 99, Snakes Alive: [Rule-based agent], Food: 10, Hazards: 0
INFO 13:27:46.517892 Turn: 100, Snakes Alive: [Rule-based agent], Food: 10, Hazards: 0
INFO 13:27:46.519342 Turn: 101, Snakes Alive: [Rule-based agent], Food: 10, Hazards: 0
INFO 13:27:46.520755 Turn: 102, Snakes Alive: [Rule-based agent], Food: 10, Hazards: 0
INFO 13:27:46.522147 Turn: 103, Snakes Alive: [Rule-based agent], Food: 10, Hazards: 0
INFO 13:27:46.523819 Turn: 104, Snakes Alive: [Rule-based agent], Food: 10, Hazards: 0
INFO 13:27:46.525553 Turn: 105, Snakes Alive: [Rule-based agent], Food: 11, Hazards: 0
INFO 13:27:46.527160 Turn: 106, Snakes Alive: [Rule-based agent], Food: 11, Hazards: 0
INFO 13:27:46.528697 Turn: 107, Snakes Alive: [Rule-based agent], Food: 11, Hazards: 0
INFO 13:27:46.530182 Turn: 108, Snakes Alive: [Rule-based agent], Food: 11, Hazards: 0
INFO 13:27:46.531694 Turn: 109, Snakes Alive: [Rule-based agent], Food: 10, Hazards: 0
INFO 13:27:46.533276 Turn: 110, Snakes Alive: [Rule-based agent], Food: 10, Hazards: 0
INFO 13:27:46.534975 Turn: 111, Snakes Alive: [Rule-based agent], Food: 10, Hazards: 0
INFO 13:27:46.536490 Turn: 112, Snakes Alive: [Rule-based agent], Food: 10, Hazards: 0
INFO 13:27:46.537961 Turn: 113, Snakes Alive: [Rule-based agent], Food: 10, Hazards: 0
INFO 13:27:46.539731 Turn: 114, Snakes Alive: [Rule-based agent], Food: 10, Hazards: 0
INFO 13:27:46.541303 Turn: 115, Snakes Alive: [Rule-based agent], Food: 10, Hazards: 0
INFO 13:27:46.542926 Turn: 116, Snakes Alive: [Rule-based agent], Food: 10, Hazards: 0
INFO 13:27:46.544472 Turn: 117, Snakes Alive: [Rule-based agent], Food: 10, Hazards: 0
INFO 13:27:46.545940 Turn: 118, Snakes Alive: [Rule-based agent], Food: 10, Hazards: 0
INFO 13:27:46.547484 Turn: 119, Snakes Alive: [Rule-based agent], Food: 10, Hazards: 0
INFO 13:27:46.549045 Turn: 120, Snakes Alive: [Rule-based agent], Food: 10, Hazards: 0
INFO 13:27:46.550693 Turn: 121, Snakes Alive: [Rule-based agent], Food: 10, Hazards: 0
INFO 13:27:46.552283 Turn: 122, Snakes Alive: [Rule-based agent], Food: 10, Hazards: 0
INFO 13:27:46.553788 Turn: 123, Snakes Alive: [Rule-based agent], Food: 10, Hazards: 0
INFO 13:27:46.555506 Turn: 124, Snakes Alive: [Rule-based agent], Food: 10, Hazards: 0
INFO 13:27:46.557128 Turn: 125, Snakes Alive: [Rule-based agent], Food: 10, Hazards: 0
INFO 13:27:46.558641 Turn: 126, Snakes Alive: [Rule-based agent], Food: 10, Hazards: 0
INFO 13:27:46.560214 Turn: 127, Snakes Alive: [Rule-based agent], Food: 10, Hazards: 0
INFO 13:27:46.561675 Turn: 128, Snakes Alive: [Rule-based agent], Food: 10, Hazards: 0
INFO 13:27:46.563332 Turn: 129, Snakes Alive: [Rule-based agent], Food: 11, Hazards: 0
INFO 13:27:46.564817 Turn: 130, Snakes Alive: [Rule-based agent], Food: 11, Hazards: 0
INFO 13:27:46.566480 Turn: 131, Snakes Alive: [Rule-based agent], Food: 11, Hazards: 0
INFO 13:27:46.568065 Turn: 132, Snakes Alive: [Rule-based agent], Food: 11, Hazards: 0
INFO 13:27:46.569572 Turn: 133, Snakes Alive: [Rule-based agent], Food: 11, Hazards: 0
INFO 13:27:46.571140 Turn: 134, Snakes Alive: [Rule-based agent], Food: 11, Hazards: 0
INFO 13:27:46.572647 Turn: 135, Snakes Alive: [Rule-based agent], Food: 11, Hazards: 0
INFO 13:27:46.574215 Turn: 136, Snakes Alive: [Rule-based agent], Food: 10, Hazards: 0
INFO 13:27:46.575773 Turn: 137, Snakes Alive: [Rule-based agent], Food: 10, Hazards: 0
INFO 13:27:46.577379 Turn: 138, Snakes Alive: [Rule-based agent], Food: 10, Hazards: 0
INFO 13:27:46.578905 Turn: 139, Snakes Alive: [Rule-based agent], Food: 9, Hazards: 0
INFO 13:27:46.580446 Turn: 140, Snakes Alive: [Rule-based agent], Food: 9, Hazards: 0
INFO 13:27:46.581951 Turn: 141, Snakes Alive: [Rule-based agent], Food: 9, Hazards: 0
INFO 13:27:46.583533 Turn: 142, Snakes Alive: [Rule-based agent], Food: 9, Hazards: 0
INFO 13:27:46.585060 Turn: 143, Snakes Alive: [Rule-based agent], Food: 9, Hazards: 0
INFO 13:27:46.586633 Turn: 144, Snakes Alive: [Rule-based agent], Food: 9, Hazards: 0
INFO 13:27:46.588195 Turn: 145, Snakes Alive: [Rule-based agent], Food: 9, Hazards: 0
INFO 13:27:46.589854 Turn: 146, Snakes Alive: [Rule-based agent], Food: 9, Hazards: 0
INFO 13:27:46.591380 Turn: 147, Snakes Alive: [Rule-based agent], Food: 9, Hazards: 0
INFO 13:27:46.592831 Turn: 148, Snakes Alive: [Rule-based agent], Food: 10, Hazards: 0
INFO 13:27:46.594526 Turn: 149, Snakes Alive: [Rule-based agent], Food: 10, Hazards: 0
INFO 13:27:46.596038 Turn: 150, Snakes Alive: [Rule-based agent], Food: 10, Hazards: 0
INFO 13:27:46.597683 Turn: 151, Snakes Alive: [Rule-based agent], Food: 10, Hazards: 0
INFO 13:27:46.601736 Turn: 152, Snakes Alive: [Rule-based agent], Food: 10, Hazards: 0
INFO 13:27:46.603471 Turn: 153, Snakes Alive: [Rule-based agent], Food: 10, Hazards: 0
INFO 13:27:46.605721 Turn: 154, Snakes Alive: [Rule-based agent], Food: 9, Hazards: 0
INFO 13:27:46.607668 Turn: 155, Snakes Alive: [Rule-based agent], Food: 9, Hazards: 0
INFO 13:27:46.609287 Turn: 156, Snakes Alive: [Rule-based agent], Food: 9, Hazards: 0
INFO 13:27:46.610910 Turn: 157, Snakes Alive: [Rule-based agent], Food: 9, Hazards: 0
INFO 13:27:46.612610 Turn: 158, Snakes Alive: [Rule-based agent], Food: 9, Hazards: 0
INFO 13:27:46.614253 Turn: 159, Snakes Alive: [Rule-based agent], Food: 9, Hazards: 0
INFO 13:27:46.615903 Turn: 160, Snakes Alive: [Rule-based agent], Food: 9, Hazards: 0
INFO 13:27:46.617517 Turn: 161, Snakes Alive: [Rule-based agent], Food: 9, Hazards: 0
INFO 13:27:46.619029 Turn: 162, Snakes Alive: [], Food: 9, Hazards: 0
INFO 13:27:46.620370 Game completed after 163 turns.
INFO 13:27:46.692829 Snake ID: bc208da2-7b9a-452f-b87c-94c3d20726fc URL: http://127.0.0.1:41103, Name: "Rule-based agent"
INFO 13:27:46.694523 Ruleset: solo, Seed: 102
INFO 13:27:46.694548 Turn: 0, Snakes Alive: [Rule-based agent], Food: 2, Hazards: 0
INFO 13:27:46.706237 Turn: 1, Snakes Alive: [Rule-based agent], Food: 3, Hazards: 0
INFO 13:27:46.708206 Turn: 2, Snakes Alive: [Rule-based agent], Food: 3, Hazards: 0
INFO 13:27:46.709612 Turn: 3, Snakes Alive: [Rule-based agent], Food: 3, Hazards: 0
INFO 13:27:46.711083 Turn: 4, Snakes Alive: [Rule-based agent], Food: 3, Hazards: 0
INFO 13:27:46.712528 Turn: 5, Snakes Alive: [Rule-based agent], Food: 4, Hazards: 0
INFO 13:27:46.713929 Turn: 6, Snakes Alive: [Rule-based agent], Food: 4, Hazards: 0
INFO 13:27:46.715372 Turn: 7, Snakes Alive: [Rule-based agent], Food: 5, Hazards: 0
INFO 13:27:46.716920 Turn: 8, Snakes Alive: [Rule-based agent], Food: 5, Hazards: 0
INFO 13:27:46.718609 Turn: 9, Snakes Alive: [Rule-based agent], Food: 5, Hazards: 0
INFO 13:27:46.719986 Turn: 10, Snakes Alive: [Rule-based agent], Food: 5, Hazards: 0
INFO 13:27:46.721527 Turn: 11, Snakes Alive: [Rule-based agent], Food: 6, Hazards: 0
INFO 13:27:46.723149 Turn: 12, Snakes Alive: [Rule-based agent], Food: 7, Hazards: 0
INFO 13:27:46.724832 Turn: 13, Snakes Alive: [Rule-based agent], Food: 7, Hazards: 0
INFO 13:27:46.726303 Turn: 14, Snakes Alive: [Rule-based agent], Food: 7, Hazards: 0
INFO 13:27:46.727585 Turn: 15, Snakes Alive: [Rule-based agent], Food: 8, Hazards: 0
INFO 13:27:46.728857 Turn: 16, Snakes Alive: [Rule-based agent], Food: 8, Hazards: 0
INFO 13:27:46.730157 Turn: 17, Snakes Alive: [Rule-based agent], Food: 8, Hazards: 0
INFO 13:27:46.731461 Turn: 18, Snakes Alive: [Rule-based agent], Food: 8, Hazards: 0
INFO 13:27:46.733004 Turn: 19, Snakes Alive: [Rule-based agent], Food: 8, Hazards: 0
INFO 13:27:46.734741 Turn: 20, Snakes Alive: [Rule-based agent], Food: 8, Hazards: 0
INFO 13:27:46.736194 Turn: 21, Snakes Alive: [Rule-based agent], Food: 9, Hazards: 0
INFO 13:27:46.737429 Turn: 22, Snakes Alive: [Rule-based agent], Food: 9, Hazards: 0
INFO 13:27:46.738797 Turn: 23, Snakes Alive: [Rule-based agent], Food: 10, Hazards: 0
INFO 13:27:46.740496 Turn: 24, Snakes Alive: [Rule-based agent], Food: 11, Hazards: 0
INFO 13:27:46.741899 Turn: 25, Snakes Alive: [Rule-based agent], Food: 12, Hazards: 0
INFO 13:27:46.743368 Turn: 26, Snakes Alive: [Rule-based agent], Food: 12, Hazards: 0
INFO 13:27:46.744820 Turn: 27, Snakes Alive: [Rule-based agent], Food: 12, Hazards: 0
INFO 13:27:46.746178 Turn: 28, Snakes Alive: [Rule-based agent], Food: 13, Hazards: 0
INFO 13:27:46.747683 Turn: 29, Snakes Alive: [Rule-based agent], Food: 14, Hazards: 0
INFO 13:27:46.749028 Turn: 30, Snakes Alive: [Rule-based agent], Food: 14, Hazards: 0
INFO 13:27:46.750737 Turn: 31, Snakes Alive: [Rule-based agent], Food: 15, Hazards: 0
INFO 13:27:46.752188 Turn: 32, Snakes Alive: [Rule-based agent], Food: 15, Hazards: 0
INFO 13:27:46.753576 Turn: 33, Snakes Alive: [Rule-based agent], Food: 15, Hazards: 0
INFO 13:27:46.755016 Turn: 34, Snakes Alive: [Rule-based agent], Food: 15, Hazards: 0
INFO 13:27:46.756994 Turn: 35, Snakes Alive: [Rule-based agent], Food: 15, Hazards: 0
INFO 13:27:46.758576 Turn: 36, Snakes Alive: [Rule-based agent], Food: 15, Hazards: 0
INFO 13:27:46.759968 Turn: 37, Snakes Alive: [Rule-based agent], Food: 15, Hazards: 0
INFO 13:27:46.761444 Turn: 38, Snakes Alive: [Rule-based agent], Food: 15, Hazards: 0
INFO 13:27:46.763066 Turn: 39, Snakes Alive: [Rule-based agent], Food: 15, Hazards: 0
INFO 13:27:46.764545 Turn: 40, Snakes Alive: [Rule-based agent], Food: 15, Hazards: 0
INFO 13:27:46.765936 Turn: 41, Snakes Alive: [Rule-based agent], Food: 15, Hazards: 0
INFO 13:27:46.767386 Turn: 42, Snakes Alive: [Rule-based agent], Food: 15, Hazards: 0
INFO 13:27:46.768921 Turn: 43, Snakes Alive: [Rule-based agent], Food: 15, Hazards: 0
INFO 13:27:46.770345 Turn: 44, Snakes Alive: [Rule-based agent], Food: 15, Hazards: 0
INFO 13:27:46.771813 Turn: 45, Snakes Alive: [Rule-based agent], Food: 15, Hazards: 0
INFO 13:27:46.773738 Turn: 46, Snakes Alive: [Rule-based agent], Food: 14, Hazards: 0
INFO 13:27:46.775182 Turn: 47, Snakes Alive: [Rule-based agent], Food: 14, Hazards: 0
INFO 13:27:46.776539 Turn: 48, Snakes Alive: [Rule-based agent], Food: 15, Hazards: 0
INFO 13:27:46.777895 Turn: 49, Snakes Alive: [Rule-based agent], Food: 15, Hazards: 0
INFO 13:27:46.779370 Turn: 50, Snakes Alive: [Rule-based agent], Food: 15, Hazards: 0
INFO 13:27:46.780802 Turn: 51, Snakes Alive: [Rule-based agent], Food: 15, Hazards: 0
INFO 13:27:46.782218 Turn: 52, Snakes Alive: [Rule-based agent], Food: 15, Hazards: 0
INFO 13:27:46.783643 Turn: 53, Snakes Alive: [Rule-based agent], Food: 14, Hazards: 0
INFO 13:27:46.785286 Turn: 54, Snakes Alive: [Rule-based agent], Food: 15, Hazards: 0
INFO 13:27:46.786962 Turn: 55, Snakes Alive: [Rule-based agent], Food: 15, Hazards: 0
INFO 13:27:46.788668 Turn: 56, Snakes Alive: [Rule-based agent], Food: 16, Hazards: 0
INFO 13:27:46.790415 Turn: 57, Snakes Alive: [Rule-based agent], Food: 16, Hazards: 0
INFO 13:27:46.791887 Turn: 58, Snakes Alive: [Rule-based agent], Food: 16, Hazards: 0
INFO 13:27:46.793269 Turn: 59, Snakes Alive: [Rule-based agent], Food: 16, Hazards: 0
INFO 13:27:46.794745 Turn: 60, Snakes Alive: [Rule-based agent], Food: 16, Hazards: 0
INFO 13:27:46.796170 Turn: 61, Snakes Alive: [Rule-based agent], Food: 16, Hazards: 0
INFO 13:27:46.797690 Turn: 62, Snakes Alive: [Rule-based agent], Food: 16, Hazards: 0
INFO 13:27:46.799193 Turn: 63, Snakes Alive: [Rule-based agent], Food: 16, Hazards: 0
INFO 13:27:46.800593 Turn: 64, Snakes Alive: [Rule-based agent], Food: 16, Hazards: 0
INFO 13:27:46.802023 Turn: 65, Snakes Alive: [Rule-based agent], Food: 16, Hazards: 0
INFO 13:27:46.803467 Turn: 66, Snakes Alive: [Rule-based agent], Food: 16, Hazards: 0
INFO 13:27:46.804899 Turn: 67, Snakes Alive: [Rule-based agent], Food: 15, Hazards: 0
INFO 13:27:46.806549 Turn: 68, Snakes Alive: [Rule-based agent], Food: 15, Hazards: 0
INFO 13:27:46.808257 Turn: 69, Snakes Alive: [Rule-based agent], Food: 15, Hazards: 0
INFO 13:27:46.811138 Turn: 70, Snakes Alive: [Rule-based agent], Food: 15, Hazards: 0
INFO 13:27:46.812606 Turn: 71, Snakes Alive: [Rule-based agent], Food: 16, Hazards: 0
INFO 13:27:46.814347 Turn: 72, Snakes Alive: [Rule-based agent], Food: 16, Hazards: 0
INFO 13:27:46.816248 Turn: 73, Snakes Alive: [Rule-based agent], Food: 16, Hazards: 0
INFO 13:27:46.817754 Turn: 74, Snakes Alive: [Rule-based agent], Food: 15, Hazards: 0
INFO 13:27:46.819490 Turn: 75, Snakes Alive: [Rule-based agent], Food: 16, Hazards: 0
INFO 13:27:46.821046 Turn: 76, Snakes Alive: [Rule-based agent], Food: 17, Hazards: 0
INFO 13:27:46.822712 Turn: 77, Snakes Alive: [Rule-based agent], Food: 17, Hazards: 0
INFO 13:27:46.824439 Turn: 78, Snakes Alive: [Rule-based agent], Food: 17, Hazards: 0
INFO 13:27:46.825910 Turn: 79, Snakes Alive: [Rule-based agent], Food: 17, Hazards: 0
INFO 13:27:46.827415 Turn: 80, Snakes Alive: [Rule-based agent], Food: 17, Hazards: 0
INFO 13:27:46.828851 Turn: 81, Snakes Alive: [Rule-based agent], Food: 17, Hazards: 0
INFO 13:27:46.830264 Turn: 82, Snakes Alive: [Rule-based agent], Food: 17, Hazards: 0
INFO 13:27:46.831697 Turn: 83, Snakes Alive: [Rule-based agent], Food: 17, Hazards: 0
INFO 13:27:46.833347 Turn: 84, Snakes Alive: [Rule-based agent], Food: 17, Hazards: 0
INFO 13:27:46.834929 Turn: 85, Snakes Alive: [Rule-based agent], Food: 17, Hazards: 0
INFO 13:27:46.836342 Turn: 86, Snakes Alive: [Rule-based agent], Food: 17, Hazards: 0
INFO 13:27:46.837767 Turn: 87, Snakes Alive: [Rule-based agent], Food: 17, Hazards: 0
INFO 13:27:46.839363 Turn: 88, Snakes Alive: [Rule-based agent], Food: 17, Hazards: 0
INFO 13:27:46.841065 Turn: 89, Snakes Alive: [Rule-based agent], Food: 17, Hazards: 0
INFO 13:27:46.842520 Turn: 90, Snakes Alive: [Rule-based agent], Food: 17, Hazards: 0
INFO 13:27:46.844064 Turn: 91, Snakes Alive: [Rule-based agent], Food: 17, Hazards: 0
INFO 13:27:46.845582 Turn: 92, Snakes Alive: [Rule-based agent], Food: 17, Hazards: 0
INFO 13:27:46.847283 Turn: 93, Snakes Alive: [Rule-based agent], Food: 17, Hazards: 0
INFO 13:27:46.848754 Turn: 94, Snakes Alive: [Rule-based agent], Food: 17, Hazards: 0
INFO 13:27:46.850293 Turn: 95, Snakes Alive: [Rule-based agent], Food: 17, Hazards: 0
INFO 13:27:46.851830 Turn: 96, Snakes Alive: [Rule-based agent], Food: 17, Hazards: 0
INFO 13:27:46.853193 Turn: 97, Snakes Alive: [], Food: 17, Hazards: 0
INFO 13:27:46.854526 Game completed after 98 turns.
INFO 13:27:46.937060 Snake ID: 1184602a-92e0-4d24-aa7c-79c32090841f URL: http://127.0.0.1:41103, Name: "Rule-based agent"
INFO 13:27:46.938958 Ruleset: solo, Seed: 103
INFO 13:27:46.938998 Turn: 0, Snakes Alive: [Rule-based agent], Food: 2, Hazards: 0
INFO 13:27:46.951025 Turn: 1, Snakes Alive: [Rule-based agent], Food: 2, Hazards: 0
INFO 13:27:46.952920 Turn: 2, Snakes Alive: [Rule-based agent], Food: 1, Hazards: 0
INFO 13:27:46.954526 Turn: 3, Snakes Alive: [Rule-based agent], Food: 1, Hazards: 0
INFO 13:27:46.955933 Turn: 4, Snakes Alive: [Rule-based agent], Food: 2, Hazards: 0
INFO 13:27:46.957721 Turn: 5, Snakes Alive: [Rule-based agent], Food: 2, Hazards: 0
INFO 13:27:46.959075 Turn: 6, Snakes Alive: [Rule-based agent], Food: 3, Hazards: 0
INFO 13:27:46.960403 Turn: 7, Snakes Alive: [Rule-based agent], Food: 3, Hazards: 0
INFO 13:27:46.961874 Turn: 8, Snakes Alive: [Rule-based agent], Food: 3, Hazards: 0
INFO 13:27:46.963329 Turn: 9, Snakes Alive: [Rule-based agent], Food: 3, Hazards: 0
INFO 13:27:46.964712 Turn: 10, Snakes Alive: [Rule-based agent], Food: 4, Hazards: 0
INFO 13:27:46.966215 Turn: 11, Snakes Alive: [Rule-based agent], Food: 5, Hazards: 0
INFO 13:27:46.967884 Turn: 12, Snakes Alive: [Rule-based agent], Food: 5, Hazards: 0
INFO 13:27:46.969301 Turn: 13, Snakes Alive: [Rule-based agent], Food: 4, Hazards: 0
INFO 13:27:46.970774 Turn: 14, Snakes Alive: [Rule-based agent], Food: 5, Hazards: 0
INFO 13:27:46.972158 Turn: 15, Snakes Alive: [Rule-based agent], Food: 5, Hazards: 0
INFO 13:27:46.973722 Turn: 16, Snakes Alive: [Rule-based agent], Food: 5, Hazards: 0
INFO 13:27:46.975446 Turn: 17, Snakes Alive: [Rule-based agent], Food: 5, Hazards: 0
INFO 13:27:46.976807 Turn: 18, Snakes Alive: [Rule-based agent], Food: 5, Hazards: 0
INFO 13:27:46.978167 Turn: 19, Snakes Alive: [Rule-based agent], Food: 4, Hazards: 0
INFO 13:27:46.979529 Turn: 20, Snakes Alive: [Rule-based agent], Food: 5, Hazards: 0
INFO 13:27:46.980965 Turn: 21, Snakes Alive: [Rule-based agent], Food: 5, Hazards: 0
INFO 13:27:46.982376 Turn: 22, Snakes Alive: [Rule-based agent], Food: 6, Hazards: 0
INFO 13:27:46.983931 Turn: 23, Snakes Alive: [Rule-based agent], Food: 7, Hazards: 0
INFO 13:27:46.985217 Turn: 24, Snakes Alive: [Rule-based agent], Food: 8, Hazards: 0
INFO 13:27:46.986548 Turn: 25, Snakes Alive: [Rule-based agent], Food: 8, Hazards: 0
INFO 13:27:46.987888 Turn: 26, Snakes Alive: [Rule-based agent], Food: 8, Hazards: 0
INFO 13:27:46.989527 Turn: 27, Snakes Alive: [Rule-based agent], Food: 9, Hazards: 0
INFO 13:27:46.991218 Turn: 28, Snakes Alive: [Rule-based agent], Food: 10, Hazards: 0
INFO 13:27:46.992721 Turn: 29, Snakes Alive: [Rule-based agent], Food: 9, Hazards: 0
INFO 13:27:46.994366 Turn: 30, Snakes Alive: [Rule-based agent], Food: 10, Hazards: 0
INFO 13:27:46.995836 Turn: 31, Snakes Alive: [Rule-based agent], Food: 10, Hazards: 0
INFO 13:27:46.997415 Turn: 32, Snakes Alive: [Rule-based agent], Food: 10, Hazards: 0
INFO 13:27:46.998992 Turn: 33, Snakes Alive: [Rule-based agent], Food: 10, Hazards: 0
INFO 13:27:47.000614 Turn: 34, Snakes Alive: [Rule-based agent], Food: 10, Hazards: 0
INFO 13:27:47.002029 Turn: 35, Snakes Alive: [Rule-based agent], Food: 10, Hazards: 0
INFO 13:27:47.003604 Turn: 36, Snakes Alive: [Rule-based agent], Food: 10, Hazards: 0
INFO 13:27:47.005066 Turn: 37, Snakes Alive: [Rule-based agent], Food: 10, Hazards: 0
INFO 13:27:47.006806 Turn: 38, Snakes Alive: [Rule-based agent], Food: 9, Hazards: 0
INFO 13:27:47.008359 Turn: 39, Snakes Alive: [Rule-based agent], Food: 9, Hazards: 0
INFO 13:27:47.009773 Turn: 40, Snakes Alive: [Rule-based agent], Food: 9, Hazards: 0
INFO 13:27:47.011228 Turn: 41, Snakes Alive: [Rule-based agent], Food: 9, Hazards: 0
INFO 13:27:47.012605 Turn: 42, Snakes Alive: [Rule-based agent], Food: 9, Hazards: 0
INFO 13:27:47.014041 Turn: 43, Snakes Alive: [Rule-based agent], Food: 9, Hazards: 0
INFO 13:27:47.015506 Turn: 44, Snakes Alive: [Rule-based agent], Food: 9, Hazards: 0
INFO 13:27:47.016980 Turn: 45, Snakes Alive: [Rule-based agent], Food: 9, Hazards: 0
INFO 13:27:47.018480 Turn: 46, Snakes Alive: [Rule-based agent], Food: 9, Hazards: 0
INFO 13:27:47.019948 Turn: 47, Snakes Alive: [Rule-based agent], Food: 10, Hazards: 0
INFO 13:27:47.021393 Turn: 48, Snakes Alive: [Rule-based agent], Food: 10, Hazards: 0
INFO 13:27:47.022951 Turn: 49, Snakes Alive: [Rule-based agent], Food: 10, Hazards: 0
INFO 13:27:47.024665 Turn: 50, Snakes Alive: [Rule-based agent], Food: 10, Hazards: 0
INFO 13:27:47.026195 Turn: 51, Snakes Alive: [Rule-based agent], Food: 11, Hazards: 0
INFO 13:27:47.027730 Turn: 52, Snakes Alive: [Rule-based agent], Food: 11, Hazards: 0
INFO 13:27:47.029143 Turn: 53, Snakes Alive: [Rule-based agent], Food: 12, Hazards: 0
INFO 13:27:47.030698 Turn: 54, Snakes Alive: [Rule-based agent], Food: 12, Hazards: 0
INFO 13:27:47.032188 Turn: 55, Snakes Alive: [Rule-based agent], Food: 12, Hazards: 0
INFO 13:27:47.033761 Turn: 56, Snakes Alive: [Rule-based agent], Food: 12, Hazards: 0
INFO 13:27:47.035202 Turn: 57, Snakes Alive: [], Food: 12, Hazards: 0
INFO 13:27:47.036335 Game completed after 58 turns.
INFO 13:27:47.081163 Snake ID: fce0a7ba-7803-47be-9430-1ed1c99385cc URL: http://127.0.0.1:41103, Name: "Rule-based agent"
INFO 13:27:47.082892 Ruleset: solo, Seed: 104
INFO 13:27:47.082914 Turn: 0, Snakes Alive: [Rule-based agent], Food: 2, Hazards: 0
INFO 13:27:47.094620 Turn: 1, Snakes Alive: [Rule-based agent], Food: 2, Hazards: 0
INFO 13:27:47.096051 Turn: 2, Snakes Alive: [Rule-based agent], Food: 1, Hazards: 0
INFO 13:27:47.097498 Turn: 3, Snakes Alive: [Rule-based agent], Food: 2, Hazards: 0
INFO 13:27:47.098938 Turn: 4, Snakes Alive: [Rule-based agent], Food: 2, Hazards: 0
INFO 13:27:47.100349 Turn: 5, Snakes Alive: [Rule-based agent], Food: 3, Hazards: 0
INFO 13:27:47.101834 Turn: 6, Snakes Alive: [Rule-based agent], Food: 3, Hazards: 0
INFO 13:27:47.103289 Turn: 7, Snakes Alive: [Rule-based agent], Food: 3, Hazards: 0
INFO 13:27:47.104704 Turn: 8, Snakes Alive: [Rule-based agent], Food: 3, Hazards: 0
INFO 13:27:47.106141 Turn: 9, Snakes Alive: [Rule-based agent], Food: 4, Hazards: 0
INFO 13:27:47.107925 Turn: 10, Snakes Alive: [Rule-based agent], Food: 5, Hazards: 0
INFO 13:27:47.109474 Turn: 11, Snakes Alive: [Rule-based agent], Food: 5, Hazards: 0
INFO 13:27:47.111100 Turn: 12, Snakes Alive: [Rule-based agent], Food: 5, Hazards: 0
INFO 13:27:47.112637 Turn: 13, Snakes Alive: [Rule-based agent], Food: 6, Hazards: 0
INFO 13:27:47.114069 Turn: 14, Snakes Alive: [Rule-based agent], Food: 6, Hazards: 0
INFO 13:27:47.115473 Turn: 15, Snakes Alive: [Rule-based agent], Food: 6, Hazards: 0
INFO 13:27:47.116875 Turn: 16, Snakes Alive: [Rule-based agent], Food: 6, Hazards: 0
INFO 13:27:47.118185 Turn: 17, Snakes Alive: [Rule-based agent], Food: 6, Hazards: 0
INFO 13:27:47.119679 Turn: 18, Snakes Alive: [Rule-based agent], Food: 6, Hazards: 0
INFO 13:27:47.121061 Turn: 19, Snakes Alive: [Rule-based agent], Food: 7, Hazards: 0
INFO 13:27:47.122723 Turn: 20, Snakes Alive: [Rule-based agent], Food: 7, Hazards: 0
INFO 13:27:47.124294 Turn: 21, Snakes Alive: [Rule-based agent], Food: 8, Hazards: 0
INFO 13:27:47.125902 Turn: 22, Snakes Alive: [Rule-based agent], Food: 9, Hazards: 0
INFO 13:27:47.127244 Turn: 23, Snakes Alive: [Rule-based agent], Food: 10, Hazards: 0
INFO 13:27:47.128631 Turn: 24, Snakes Alive: [Rule-based agent], Food: 10, Hazards: 0
INFO 13:27:47.130066 Turn: 25, Snakes Alive: [Rule-based agent], Food: 10, Hazards: 0
INFO 13:27:47.131544 Turn: 26, Snakes Alive: [Rule-based agent], Food: 11, Hazards: 0
INFO 13:27:47.132953 Turn: 27, Snakes Alive: [Rule-based agent], Food: 12, Hazards: 0
INFO 13:27:47.134337 Turn: 28, Snakes Alive: [Rule-based agent], Food: 12, Hazards: 0
INFO 13:27:47.135794 Turn: 29, Snakes Alive: [Rule-based agent], Food: 13, Hazards: 0
INFO 13:27:47.137295 Turn: 30, Snakes Alive: [Rule-based agent], Food: 13, Hazards: 0
INFO 13:27:47.138802 Turn: 31, Snakes Alive: [Rule-based agent], Food: 13, Hazards: 0
INFO 13:27:47.140662 Turn: 32, Snakes Alive: [Rule-based agent], Food: 13, Hazards: 0
INFO 13:27:47.142109 Turn: 33, Snakes Alive: [Rule-based agent], Food: 13, Hazards: 0
INFO 13:27:47.143488 Turn: 34, Snakes Alive: [Rule-based agent], Food: 13, Hazards: 0
INFO 13:27:47.144914 Turn: 35, Snakes Alive: [Rule-based agent], Food: 13, Hazards: 0
INFO 13:27:47.146342 Turn: 36, Snakes Alive: [Rule-based agent], Food: 13, Hazards: 0
INFO 13:27:47.147794 Turn: 37, Snakes Alive: [Rule-based agent], Food: 13, Hazards: 0
INFO 13:27:47.149179 Turn: 38, Snakes Alive: [Rule-based agent], Food: 13, Hazards: 0
INFO 13:27:47.150667 Turn: 39, Snakes Alive: [Rule-based agent], Food: 13, Hazards: 0
INFO 13:27:47.152086 Turn: 40, Snakes Alive: [Rule-based agent], Food: 12, Hazards: 0
INFO 13:27:47.153492 Turn: 41, Snakes Alive: [Rule-based agent], Food: 12, Hazards: 0
INFO 13:27:47.154990 Turn: 42, Snakes Alive: [Rule-based agent], Food: 12, Hazards: 0
INFO 13:27:47.156581 Turn: 43, Snakes Alive: [Rule-based agent], Food: 12, Hazards: 0
INFO 13:27:47.158040 Turn: 44, Snakes Alive: [Rule-based agent], Food: 12, Hazards: 0
INFO 13:27:47.159584 Turn: 45, Snakes Alive: [Rule-based agent], Food: 11, Hazards: 0
INFO 13:27:47.161247 Turn: 46, Snakes Alive: [Rule-based agent], Food: 12, Hazards: 0
INFO 13:27:47.162850 Turn: 47, Snakes Alive: [Rule-based agent], Food: 12, Hazards: 0
INFO 13:27:47.164412 Turn: 48, Snakes Alive: [Rule-based agent], Food: 12, Hazards: 0
INFO 13:27:47.165968 Turn: 49, Snakes Alive: [Rule-based agent], Food: 11, Hazards: 0
INFO 13:27:47.167416 Turn: 50, Snakes Alive: [Rule-based agent], Food: 11, Hazards: 0
INFO 13:27:47.168884 Turn: 51, Snakes Alive: [Rule-based agent], Food: 11, Hazards: 0
INFO 13:27:47.170343 Turn: 52, Snakes Alive: [Rule-based agent], Food: 12, Hazards: 0
INFO 13:27:47.171797 Turn: 53, Snakes Alive: [Rule-based agent], Food: 12, Hazards: 0
INFO 13:27:47.174146 Turn: 54, Snakes Alive: [Rule-based agent], Food: 13, Hazards: 0
INFO 13:27:47.175631 Turn: 55, Snakes Alive: [Rule-based agent], Food: 13, Hazards: 0
INFO 13:27:47.177063 Turn: 56, Snakes Alive: [Rule-based agent], Food: 13, Hazards: 0
INFO 13:27:47.178577 Turn: 57, Snakes Alive: [Rule-based agent], Food: 13, Hazards: 0
INFO 13:27:47.180013 Turn: 58, Snakes Alive: [Rule-based agent], Food: 13, Hazards: 0
INFO 13:27:47.181446 Turn: 59, Snakes Alive: [Rule-based agent], Food: 13, Hazards: 0
INFO 13:27:47.182948 Turn: 60, Snakes Alive: [Rule-based agent], Food: 13, Hazards: 0
INFO 13:27:47.184470 Turn: 61, Snakes Alive: [Rule-based agent], Food: 13, Hazards: 0
INFO 13:27:47.186055 Turn: 62, Snakes Alive: [Rule-based agent], Food: 13, Hazards: 0
INFO 13:27:47.187530 Turn: 63, Snakes Alive: [Rule-based agent], Food: 13, Hazards: 0
INFO 13:27:47.189167 Turn: 64, Snakes Alive: [Rule-based agent], Food: 13, Hazards: 0
INFO 13:27:47.190909 Turn: 65, Snakes Alive: [Rule-based agent], Food: 13, Hazards: 0
INFO 13:27:47.192355 Turn: 66, Snakes Alive: [Rule-based agent], Food: 12, Hazards: 0
INFO 13:27:47.193840 Turn: 67, Snakes Alive: [Rule-based agent], Food: 12, Hazards: 0
INFO 13:27:47.195299 Turn: 68, Snakes Alive: [Rule-based agent], Food: 12, Hazards: 0
INFO 13:27:47.197130 Turn: 69, Snakes Alive: [Rule-based agent], Food: 13, Hazards: 0
INFO 13:27:47.198752 Turn: 70, Snakes Alive: [Rule-based agent], Food: 13, Hazards: 0
INFO 13:27:47.200199 Turn: 71, Snakes Alive: [Rule-based agent], Food: 13, Hazards: 0
INFO 13:27:47.201903 Turn: 72, Snakes Alive: [Rule-based agent], Food: 13, Hazards: 0
INFO 13:27:47.203453 Turn: 73, Snakes Alive: [Rule-based agent], Food: 14, Hazards: 0
INFO 13:27:47.205040 Turn: 74, Snakes Alive: [Rule-based agent], Food: 15, Hazards: 0
INFO 13:27:47.206672 Turn: 75, Snakes Alive: [Rule-based agent], Food: 14, Hazards: 0
INFO 13:27:47.209848 Turn: 76, Snakes Alive: [Rule-based agent], Food: 14, Hazards: 0
INFO 13:27:47.211379 Turn: 77, Snakes Alive: [Rule-based agent], Food: 15, Hazards: 0
INFO 13:27:47.212914 Turn: 78, Snakes Alive: [Rule-based agent], Food: 15, Hazards: 0
INFO 13:27:47.214455 Turn: 79, Snakes Alive: [Rule-based agent], Food: 15, Hazards: 0
INFO 13:27:47.215947 Turn: 80, Snakes Alive: [Rule-based agent], Food: 14, Hazards: 0
INFO 13:27:47.217649 Turn: 81, Snakes Alive: [Rule-based agent], Food: 14, Hazards: 0
INFO 13:27:47.219108 Turn: 82, Snakes Alive: [Rule-based agent], Food: 14, Hazards: 0
INFO 13:27:47.220630 Turn: 83, Snakes Alive: [Rule-based agent], Food: 14, Hazards: 0
INFO 13:27:47.222072 Turn: 84, Snakes Alive: [Rule-based agent], Food: 14, Hazards: 0
INFO 13:27:47.223946 Turn: 85, Snakes Alive: [Rule-based agent], Food: 14, Hazards: 0
INFO 13:27:47.225465 Turn: 86, Snakes Alive: [Rule-based agent], Food: 14, Hazards: 0
INFO 13:27:47.226994 Turn: 87, Snakes Alive: [Rule-based agent], Food: 13, Hazards: 0
INFO 13:27:47.228510 Turn: 88, Snakes Alive: [Rule-based agent], Food: 13, Hazards: 0
INFO 13:27:47.229953 Turn: 89, Snakes Alive: [Rule-based agent], Food: 12, Hazards: 0
INFO 13:27:47.231656 Turn: 90, Snakes Alive: [Rule-based agent], Food: 12, Hazards: 0
INFO 13:27:47.233120 Turn: 91, Snakes Alive: [Rule-based agent], Food: 12, Hazards: 0
INFO 13:27:47.234868 Turn: 92, Snakes Alive: [Rule-based agent], Food: 12, Hazards: 0
INFO 13:27:47.236308 Turn: 93, Snakes Alive: [Rule-based agent], Food: 12, Hazards: 0
INFO 13:27:47.237731 Turn: 94, Snakes Alive: [Rule-based agent], Food: 12, Hazards: 0
INFO 13:27:47.239252 Turn: 95, Snakes Alive: [], Food: 12, Hazards: 0
INFO 13:27:47.240681 Game completed after 96 turns.
INFO 13:27:47.332525 Snake ID: 7c51b7fc-5247-4fdf-9397-d4851ad1b18b URL: http://127.0.0.1:41103, Name: "Rule-based agent"
INFO 13:27:47.334952 Ruleset: solo, Seed: 105
INFO 13:27:47.334976 Turn: 0, Snakes Alive: [Rule-based agent], Food: 2, Hazards: 0
INFO 13:27:47.346515 Turn: 1, Snakes Alive: [Rule-based agent], Food: 2, Hazards: 0
INFO 13:27:47.348243 Turn: 2, Snakes Alive: [Rule-based agent], Food: 3, Hazards: 0
INFO 13:27:47.349886 Turn: 3, Snakes Alive: [Rule-based agent], Food: 3, Hazards: 0
INFO 13:27:47.351269 Turn: 4, Snakes Alive: [Rule-based agent], Food: 4, Hazards: 0
INFO 13:27:47.352817 Turn: 5, Snakes Alive: [Rule-based agent], Food: 4, Hazards: 0
INFO 13:27:47.354335 Turn: 6, Snakes Alive: [Rule-based agent], Food: 4, Hazards: 0
INFO 13:27:47.355948 Turn: 7, Snakes Alive: [Rule-based agent], Food: 4, Hazards: 0
INFO 13:27:47.357557 Turn: 8, Snakes Alive: [Rule-based agent], Food: 5, Hazards: 0
INFO 13:27:47.358979 Turn: 9, Snakes Alive: [Rule-based agent], Food: 6, Hazards: 0
INFO 13:27:47.360334 Turn: 10, Snakes Alive: [Rule-based agent], Food: 6, Hazards: 0
INFO 13:27:47.361644 Turn: 11, Snakes Alive: [Rule-based agent], Food: 6, Hazards: 0
INFO 13:27:47.363139 Turn: 12, Snakes Alive: [Rule-based agent], Food: 7, Hazards: 0
INFO 13:27:47.364570 Turn: 13, Snakes Alive: [Rule-based agent], Food: 7, Hazards: 0
INFO 13:27:47.366017 Turn: 14, Snakes Alive: [Rule-based agent], Food: 7, Hazards: 0
INFO 13:27:47.367553 Turn: 15, Snakes Alive: [Rule-based agent], Food: 7, Hazards: 0
INFO 13:27:47.369050 Turn: 16, Snakes Alive: [Rule-based agent], Food: 7, Hazards: 0
INFO 13:27:47.370488 Turn: 17, Snakes Alive: [Rule-based agent], Food: 7, Hazards: 0
INFO 13:27:47.371996 Turn: 18, Snakes Alive: [Rule-based agent], Food: 7, Hazards: 0
INFO 13:27:47.373532 Turn: 19, Snakes Alive: [Rule-based agent], Food: 7, Hazards: 0
INFO 13:27:47.374932 Turn: 20, Snakes Alive: [Rule-based agent], Food: 8, Hazards: 0
INFO 13:27:47.376354 Turn: 21, Snakes Alive: [Rule-based agent], Food: 9, Hazards: 0
INFO 13:27:47.377731 Turn: 22, Snakes Alive: [Rule-based agent], Food: 10, Hazards: 0
INFO 13:27:47.379201 Turn: 23, Snakes Alive: [Rule-based agent], Food: 10, Hazards: 0
INFO 13:27:47.380741 Turn: 24, Snakes Alive: [Rule-based agent], Food: 10, Hazards: 0
INFO 13:27:47.382311 Turn: 25, Snakes Alive: [Rule-based agent], Food: 11, Hazards: 0
INFO 13:27:47.384027 Turn: 26, Snakes Alive: [Rule-based agent], Food: 11, Hazards: 0
INFO 13:27:47.385420 Turn: 27, Snakes Alive: [Rule-based agent], Food: 11, Hazards: 0
INFO 13:27:47.386895 Turn: 28, Snakes Alive: [Rule-based agent], Food: 12, Hazards: 0
INFO 13:27:47.388667 Turn: 29, Snakes Alive: [Rule-based agent], Food: 12, Hazards: 0
INFO 13:27:47.391033 Turn: 30, Snakes Alive: [Rule-based agent], Food: 12, Hazards: 0
INFO 13:27:47.392454 Turn: 31, Snakes Alive: [Rule-based agent], Food: 12, Hazards: 0
INFO 13:27:47.393978 Turn: 32, Snakes Alive: [Rule-based agent], Food: 12, Hazards: 0
INFO 13:27:47.395525 Turn: 33, Snakes Alive: [Rule-based agent], Food: 12, Hazards: 0
INFO 13:27:47.397149 Turn: 34, Snakes Alive: [Rule-based agent], Food: 12, Hazards: 0
INFO 13:27:47.398682 Turn: 35, Snakes Alive: [Rule-based agent], Food: 12, Hazards: 0
INFO 13:27:47.400265 Turn: 36, Snakes Alive: [Rule-based agent], Food: 12, Hazards: 0
INFO 13:27:47.401805 Turn: 37, Snakes Alive: [Rule-based agent], Food: 12, Hazards: 0
INFO 13:27:47.403244 Turn: 38, Snakes Alive: [Rule-based agent], Food: 12, Hazards: 0
INFO 13:27:47.404647 Turn: 39, Snakes Alive: [Rule-based agent], Food: 12, Hazards: 0
INFO 13:27:47.406043 Turn: 40, Snakes Alive: [Rule-based agent], Food: 12, Hazards: 0
INFO 13:27:47.407672 Turn: 41, Snakes Alive: [Rule-based agent], Food: 11, Hazards: 0
INFO 13:27:47.409196 Turn: 42, Snakes Alive: [Rule-based agent], Food: 11, Hazards: 0
INFO 13:27:47.410778 Turn: 43, Snakes Alive: [Rule-based agent], Food: 11, Hazards: 0
INFO 13:27:47.412234 Turn: 44, Snakes Alive: [Rule-based agent], Food: 10, Hazards: 0
INFO 13:27:47.413851 Turn: 45, Snakes Alive: [Rule-based agent], Food: 11, Hazards: 0
INFO 13:27:47.415359 Turn: 46, Snakes Alive: [Rule-based agent], Food: 10, Hazards: 0
INFO 13:27:47.416826 Turn: 47, Snakes Alive: [Rule-based agent], Food: 10, Hazards: 0
INFO 13:27:47.418411 Turn: 48, Snakes Alive: [Rule-based agent], Food: 9, Hazards: 0
INFO 13:27:47.420021 Turn: 49, Snakes Alive: [Rule-based agent], Food: 10, Hazards: 0
INFO 13:27:47.421500 Turn: 50, Snakes Alive: [Rule-based agent], Food: 10, Hazards: 0
INFO 13:27:47.423012 Turn: 51, Snakes Alive: [Rule-based agent], Food: 11, Hazards: 0
INFO 13:27:47.424804 Turn: 52, Snakes Alive: [Rule-based agent], Food: 11, Hazards: 0
INFO 13:27:47.426262 Turn: 53, Snakes Alive: [Rule-based agent], Food: 12, Hazards: 0
INFO 13:27:47.427855 Turn: 54, Snakes Alive: [Rule-based agent], Food: 12, Hazards: 0
INFO 13:27:47.429376 Turn: 55, Snakes Alive: [Rule-based agent], Food: 12, Hazards: 0
INFO 13:27:47.430995 Turn: 56, Snakes Alive: [Rule-based agent], Food: 12, Hazards: 0
INFO 13:27:47.432415 Turn: 57, Snakes Alive: [Rule-based agent], Food: 12, Hazards: 0
INFO 13:27:47.434006 Turn: 58, Snakes Alive: [Rule-based agent], Food: 11, Hazards: 0
INFO 13:27:47.435531 Turn: 59, Snakes Alive: [Rule-based agent], Food: 11, Hazards: 0
INFO 13:27:47.437041 Turn: 60, Snakes Alive: [Rule-based agent], Food: 11, Hazards: 0
INFO 13:27:47.438672 Turn: 61, Snakes Alive: [Rule-based agent], Food: 11, Hazards: 0
INFO 13:27:47.440294 Turn: 62, Snakes Alive: [Rule-based agent], Food: 11, Hazards: 0
INFO 13:27:47.441994 Turn: 63, Snakes Alive: [Rule-based agent], Food: 11, Hazards: 0
INFO 13:27:47.443393 Turn: 64, Snakes Alive: [Rule-based agent], Food: 11, Hazards: 0
INFO 13:27:47.444902 Turn: 65, Snakes Alive: [Rule-based agent], Food: 11, Hazards: 0
INFO 13:27:47.446487 Turn: 66, Snakes Alive: [Rule-based agent], Food: 11, Hazards: 0
INFO 13:27:47.448046 Turn: 67, Snakes Alive: [Rule-based agent], Food: 11, Hazards: 0
INFO 13:27:47.449714 Turn: 68, Snakes Alive: [Rule-based agent], Food: 12, Hazards: 0
INFO 13:27:47.451238 Turn: 69, Snakes Alive: [Rule-based agent], Food: 12, Hazards: 0
INFO 13:27:47.452811 Turn: 70, Snakes Alive: [Rule-based agent], Food: 12, Hazards: 0
INFO 13:27:47.454426 Turn: 71, Snakes Alive: [Rule-based agent], Food: 12, Hazards: 0
INFO 13:27:47.456030 Turn: 72, Snakes Alive: [Rule-based agent], Food: 13, Hazards: 0
INFO 13:27:47.459321 Turn: 73, Snakes Alive: [Rule-based agent], Food: 14, Hazards: 0
INFO 13:27:47.460830 Turn: 74, Snakes Alive: [Rule-based agent], Food: 14, Hazards: 0
INFO 13:27:47.462372 Turn: 75, Snakes Alive: [Rule-based agent], Food: 14, Hazards: 0
INFO 13:27:47.463968 Turn: 76, Snakes Alive: [Rule-based agent], Food: 15, Hazards: 0
INFO 13:27:47.465419 Turn: 77, Snakes Alive: [Rule-based agent], Food: 15, Hazards: 0
INFO 13:27:47.466974 Turn: 78, Snakes Alive: [Rule-based agent], Food: 15, Hazards: 0
INFO 13:27:47.468420 Turn: 79, Snakes Alive: [Rule-based agent], Food: 15, Hazards: 0
INFO 13:27:47.469848 Turn: 80, Snakes Alive: [Rule-based agent], Food: 15, Hazards: 0
INFO 13:27:47.471470 Turn: 81, Snakes Alive: [Rule-based agent], Food: 15, Hazards: 0
INFO 13:27:47.472994 Turn: 82, Snakes Alive: [Rule-based agent], Food: 15, Hazards: 0
INFO 13:27:47.474945 Turn: 83, Snakes Alive: [Rule-based agent], Food: 15, Hazards: 0
INFO 13:27:47.476374 Turn: 84, Snakes Alive: [Rule-based agent], Food: 14, Hazards: 0
INFO 13:27:47.477842 Turn: 85, Snakes Alive: [Rule-based agent], Food: 14, Hazards: 0
INFO 13:27:47.479430 Turn: 86, Snakes Alive: [Rule-based agent], Food: 14, Hazards: 0
INFO 13:27:47.481030 Turn: 87, Snakes Alive: [Rule-based agent], Food: 14, Hazards: 0
INFO 13:27:47.482473 Turn: 88, Snakes Alive: [Rule-based agent], Food: 14, Hazards: 0
INFO 13:27:47.484010 Turn: 89, Snakes Alive: [Rule-based agent], Food: 14, Hazards: 0
INFO 13:27:47.485497 Turn: 90, Snakes Alive: [Rule-based agent], Food: 14, Hazards: 0
INFO 13:27:47.487225 Turn: 91, Snakes Alive: [Rule-based agent], Food: 13, Hazards: 0
INFO 13:27:47.488791 Turn: 92, Snakes Alive: [Rule-based agent], Food: 12, Hazards: 0
INFO 13:27:47.490459 Turn: 93, Snakes Alive: [Rule-based agent], Food: 12, Hazards: 0
INFO 13:27:47.492593 Turn: 94, Snakes Alive: [Rule-based agent], Food: 12, Hazards: 0
INFO 13:27:47.494485 Turn: 95, Snakes Alive: [Rule-based agent], Food: 12, Hazards: 0
INFO 13:27:47.496172 Turn: 96, Snakes Alive: [Rule-based agent], Food: 12, Hazards: 0
INFO 13:27:47.497752 Turn: 97, Snakes Alive: [Rule-based agent], Food: 12, Hazards: 0
INFO 13:27:47.499337 Turn: 98, Snakes Alive: [Rule-based agent], Food: 11, Hazards: 0
INFO 13:27:47.501206 Turn: 99, Snakes Alive: [Rule-based agent], Food: 11, Hazards: 0
INFO 13:27:47.502980 Turn: 100, Snakes Alive: [Rule-based agent], Food: 11, Hazards: 0
INFO 13:27:47.504495 Turn: 101, Snakes Alive: [Rule-based agent], Food: 12, Hazards: 0
INFO 13:27:47.506055 Turn: 102, Snakes Alive: [Rule-based agent], Food: 12, Hazards: 0
INFO 13:27:47.507726 Turn: 103, Snakes Alive: [Rule-based agent], Food: 12, Hazards: 0
INFO 13:27:47.509805 Turn: 104, Snakes Alive: [Rule-based agent], Food: 12, Hazards: 0
INFO 13:27:47.511894 Turn: 105, Snakes Alive: [Rule-based agent], Food: 12, Hazards: 0
INFO 13:27:47.513384 Turn: 106, Snakes Alive: [Rule-based agent], Food: 12, Hazards: 0
INFO 13:27:47.514837 Turn: 107, Snakes Alive: [Rule-based agent], Food: 12, Hazards: 0
INFO 13:27:47.516275 Turn: 108, Snakes Alive: [Rule-based agent], Food: 12, Hazards: 0
INFO 13:27:47.517655 Turn: 109, Snakes Alive: [Rule-based agent], Food: 12, Hazards: 0
INFO 13:27:47.519028 Turn: 110, Snakes Alive: [Rule-based agent], Food: 12, Hazards: 0
INFO 13:27:47.520436 Turn: 111, Snakes Alive: [Rule-based agent], Food: 12, Hazards: 0
INFO 13:27:47.521869 Turn: 112, Snakes Alive: [Rule-based agent], Food: 12, Hazards: 0
INFO 13:27:47.524541 Turn: 113, Snakes Alive: [Rule-based agent], Food: 12, Hazards: 0
INFO 13:27:47.526420 Turn: 114, Snakes Alive: [Rule-based agent], Food: 12, Hazards: 0
INFO 13:27:47.527832 Turn: 115, Snakes Alive: [Rule-based agent], Food: 12, Hazards: 0
INFO 13:27:47.529133 Turn: 116, Snakes Alive: [Rule-based agent], Food: 12, Hazards: 0
INFO 13:27:47.530559 Turn: 117, Snakes Alive: [Rule-based agent], Food: 12, Hazards: 0
INFO 13:27:47.531952 Turn: 118, Snakes Alive: [Rule-based agent], Food: 11, Hazards: 0
INFO 13:27:47.533460 Turn: 119, Snakes Alive: [Rule-based agent], Food: 11, Hazards: 0
INFO 13:27:47.534863 Turn: 120, Snakes Alive: [Rule-based agent], Food: 11, Hazards: 0
INFO 13:27:47.536321 Turn: 121, Snakes Alive: [Rule-based agent], Food: 11, Hazards: 0
INFO 13:27:47.537619 Turn: 122, Snakes Alive: [Rule-based agent], Food: 11, Hazards: 0
INFO 13:27:47.538944 Turn: 123, Snakes Alive: [Rule-based agent], Food: 11, Hazards: 0
INFO 13:27:47.541669 Turn: 124, Snakes Alive: [Rule-based agent], Food: 10, Hazards: 0
INFO 13:27:47.543147 Turn: 125, Snakes Alive: [Rule-based agent], Food: 11, Hazards: 0
INFO 13:27:47.544406 Turn: 126, Snakes Alive: [Rule-based agent], Food: 10, Hazards: 0
INFO 13:27:47.545644 Turn: 127, Snakes Alive: [Rule-based agent], Food: 10, Hazards: 0
INFO 13:27:47.547025 Turn: 128, Snakes Alive: [Rule-based agent], Food: 10, Hazards: 0
INFO 13:27:47.548751 Turn: 129, Snakes Alive: [Rule-based agent], Food: 10, Hazards: 0
INFO 13:27:47.550565 Turn: 130, Snakes Alive: [Rule-based agent], Food: 10, Hazards: 0
INFO 13:27:47.552055 Turn: 131, Snakes Alive: [Rule-based agent], Food: 10, Hazards: 0
INFO 13:27:47.553570 Turn: 132, Snakes Alive: [Rule-based agent], Food: 10, Hazards: 0
INFO 13:27:47.555165 Turn: 133, Snakes Alive: [Rule-based agent], Food: 10, Hazards: 0
INFO 13:27:47.556645 Turn: 134, Snakes Alive: [Rule-based agent], Food: 10, Hazards: 0
INFO 13:27:47.558258 Turn: 135, Snakes Alive: [Rule-based agent], Food: 10, Hazards: 0
INFO 13:27:47.559834 Turn: 136, Snakes Alive: [Rule-based agent], Food: 10, Hazards: 0
INFO 13:27:47.561439 Turn: 137, Snakes Alive: [Rule-based agent], Food: 10, Hazards: 0
INFO 13:27:47.563006 Turn: 138, Snakes Alive: [Rule-based agent], Food: 9, Hazards: 0
INFO 13:27:47.564616 Turn: 139, Snakes Alive: [Rule-based agent], Food: 9, Hazards: 0
INFO 13:27:47.566140 Turn: 140, Snakes Alive: [Rule-based agent], Food: 9, Hazards: 0
INFO 13:27:47.567672 Turn: 141, Snakes Alive: [Rule-based agent], Food: 9, Hazards: 0
INFO 13:27:47.569158 Turn: 142, Snakes Alive: [Rule-based agent], Food: 9, Hazards: 0
INFO 13:27:47.570727 Turn: 143, Snakes Alive: [Rule-based agent], Food: 9, Hazards: 0
INFO 13:27:47.572243 Turn: 144, Snakes Alive: [Rule-based agent], Food: 10, Hazards: 0
INFO 13:27:47.573765 Turn: 145, Snakes Alive: [Rule-based agent], Food: 10, Hazards: 0
INFO 13:27:47.575427 Turn: 146, Snakes Alive: [Rule-based agent], Food: 10, Hazards: 0
INFO 13:27:47.576971 Turn: 147, Snakes Alive: [Rule-based agent], Food: 9, Hazards: 0
INFO 13:27:47.578463 Turn: 148, Snakes Alive: [Rule-based agent], Food: 9, Hazards: 0
INFO 13:27:47.579944 Turn: 149, Snakes Alive: [Rule-based agent], Food: 9, Hazards: 0
INFO 13:27:47.581520 Turn: 150, Snakes Alive: [Rule-based agent], Food: 8, Hazards: 0
INFO 13:27:47.583128 Turn: 151, Snakes Alive: [Rule-based agent], Food: 8, Hazards: 0
INFO 13:27:47.584709 Turn: 152, Snakes Alive: [Rule-based agent], Food: 7, Hazards: 0
INFO 13:27:47.586426 Turn: 153, Snakes Alive: [Rule-based agent], Food: 7, Hazards: 0
INFO 13:27:47.587861 Turn: 154, Snakes Alive: [Rule-based agent], Food: 6, Hazards: 0
INFO 13:27:47.589312 Turn: 155, Snakes Alive: [Rule-based agent], Food: 6, Hazards: 0
INFO 13:27:47.591426 Turn: 156, Snakes Alive: [Rule-based agent], Food: 6, Hazards: 0
INFO 13:27:47.593508 Turn: 157, Snakes Alive: [Rule-based agent], Food: 6, Hazards: 0
INFO 13:27:47.595281 Turn: 158, Snakes Alive: [Rule-based agent], Food: 6, Hazards: 0
INFO 13:27:47.597869 Turn: 159, Snakes Alive: [Rule-based agent], Food: 6, Hazards: 0
INFO 13:27:47.600259 Turn: 160, Snakes Alive: [Rule-based agent], Food: 6, Hazards: 0
INFO 13:27:47.602090 Turn: 161, Snakes Alive: [Rule-based agent], Food: 6, Hazards: 0
INFO 13:27:47.603886 Turn: 162, Snakes Alive: [Rule-based agent], Food: 6, Hazards: 0
INFO 13:27:47.605605 Turn: 163, Snakes Alive: [Rule-based agent], Food: 6, Hazards: 0
INFO 13:27:47.607433 Turn: 164, Snakes Alive: [Rule-based agent], Food: 6, Hazards: 0
INFO 13:27:47.609368 Turn: 165, Snakes Alive: [Rule-based agent], Food: 6, Hazards: 0
INFO 13:27:47.611019 Turn: 166, Snakes Alive: [Rule-based agent], Food: 6, Hazards: 0
INFO 13:27:47.612672 Turn: 167, Snakes Alive: [Rule-based agent], Food: 6, Hazards: 0
INFO 13:27:47.614157 Turn: 168, Snakes Alive: [Rule-based agent], Food: 6, Hazards: 0
INFO 13:27:47.615633 Turn: 169, Snakes Alive: [Rule-based agent], Food: 6, Hazards: 0
INFO 13:27:47.617260 Turn: 170, Snakes Alive: [Rule-based agent], Food: 6, Hazards: 0
INFO 13:27:47.618795 Turn: 171, Snakes Alive: [Rule-based agent], Food: 6, Hazards: 0
INFO 13:27:47.620764 Turn: 172, Snakes Alive: [Rule-based agent], Food: 6, Hazards: 0
INFO 13:27:47.622334 Turn: 173, Snakes Alive: [Rule-based agent], Food: 6, Hazards: 0
INFO 13:27:47.623984 Turn: 174, Snakes Alive: [Rule-based agent], Food: 6, Hazards: 0
INFO 13:27:47.625710 Turn: 175, Snakes Alive: [Rule-based agent], Food: 6, Hazards: 0
INFO 13:27:47.627263 Turn: 176, Snakes Alive: [Rule-based agent], Food: 7, Hazards: 0
INFO 13:27:47.628790 Turn: 177, Snakes Alive: [Rule-based agent], Food: 7, Hazards: 0
INFO 13:27:47.630494 Turn: 178, Snakes Alive: [Rule-based agent], Food: 7, Hazards: 0
INFO 13:27:47.632120 Turn: 179, Snakes Alive: [Rule-based agent], Food: 7, Hazards: 0
INFO 13:27:47.633684 Turn: 180, Snakes Alive: [Rule-based agent], Food: 8, Hazards: 0
INFO 13:27:47.635479 Turn: 181, Snakes Alive: [Rule-based agent], Food: 8, Hazards: 0
INFO 13:27:47.637011 Turn: 182, Snakes Alive: [Rule-based agent], Food: 8, Hazards: 0
INFO 13:27:47.640201 Turn: 183, Snakes Alive: [Rule-based agent], Food: 9, Hazards: 0
INFO 13:27:47.642132 Turn: 184, Snakes Alive: [Rule-based agent], Food: 8, Hazards: 0
INFO 13:27:47.643821 Turn: 185, Snakes Alive: [Rule-based agent], Food: 8, Hazards: 0
INFO 13:27:47.645353 Turn: 186, Snakes Alive: [Rule-based agent], Food: 8, Hazards: 0
INFO 13:27:47.647072 Turn: 187, Snakes Alive: [Rule-based agent], Food: 8, Hazards: 0
INFO 13:27:47.648592 Turn: 188, Snakes Alive: [Rule-based agent], Food: 8, Hazards: 0
INFO 13:27:47.650316 Turn: 189, Snakes Alive: [Rule-based agent], Food: 8, Hazards: 0
INFO 13:27:47.652150 Turn: 190, Snakes Alive: [Rule-based agent], Food: 8, Hazards: 0
INFO 13:27:47.653782 Turn: 191, Snakes Alive: [Rule-based agent], Food: 8, Hazards: 0
INFO 13:27:47.655428 Turn: 192, Snakes Alive: [Rule-based agent], Food: 8, Hazards: 0
INFO 13:27:47.657194 Turn: 193, Snakes Alive: [Rule-based agent], Food: 8, Hazards: 0
INFO 13:27:47.658873 Turn: 194, Snakes Alive: [Rule-based agent], Food: 8, Hazards: 0
INFO 13:27:47.660448 Turn: 195, Snakes Alive: [Rule-based agent], Food: 8, Hazards: 0
INFO 13:27:47.662086 Turn: 196, Snakes Alive: [Rule-based agent], Food: 8, Hazards: 0
INFO 13:27:47.663798 Turn: 197, Snakes Alive: [Rule-based agent], Food: 8, Hazards: 0
INFO 13:27:47.665419 Turn: 198, Snakes Alive: [Rule-based agent], Food: 8, Hazards: 0
INFO 13:27:47.667140 Turn: 199, Snakes Alive: [Rule-based agent], Food: 8, Hazards: 0
INFO 13:27:47.668773 Turn: 200, Snakes Alive: [Rule-based agent], Food: 8, Hazards: 0
INFO 13:27:47.670389 Turn: 201, Snakes Alive: [Rule-based agent], Food: 8, Hazards: 0
INFO 13:27:47.671986 Turn: 202, Snakes Alive: [Rule-based agent], Food: 8, Hazards: 0
INFO 13:27:47.673650 Turn: 203, Snakes Alive: [Rule-based agent], Food: 8, Hazards: 0
INFO 13:27:47.675347 Turn: 204, Snakes Alive: [Rule-based agent], Food: 8, Hazards: 0
INFO 13:27:47.676908 Turn: 205, Snakes Alive: [Rule-based agent], Food: 8, Hazards: 0
INFO 13:27:47.678541 Turn: 206, Snakes Alive: [Rule-based agent], Food: 7, Hazards: 0
INFO 13:27:47.680170 Turn: 207, Snakes Alive: [Rule-based agent], Food: 8, Hazards: 0
INFO 13:27:47.681855 Turn: 208, Snakes Alive: [Rule-based agent], Food: 8, Hazards: 0
INFO 13:27:47.683557 Turn: 209, Snakes Alive: [Rule-based agent], Food: 9, Hazards: 0
INFO 13:27:47.685258 Turn: 210, Snakes Alive: [Rule-based agent], Food: 10, Hazards: 0
INFO 13:27:47.686785 Turn: 211, Snakes Alive: [Rule-based agent], Food: 9, Hazards: 0
INFO 13:27:47.688363 Turn: 212, Snakes Alive: [Rule-based agent], Food: 9, Hazards: 0
INFO 13:27:47.690052 Turn: 213, Snakes Alive: [Rule-based agent], Food: 10, Hazards: 0
INFO 13:27:47.692046 Turn: 214, Snakes Alive: [Rule-based agent], Food: 10, Hazards: 0
INFO 13:27:47.693616 Turn: 215, Snakes Alive: [Rule-based agent], Food: 10, Hazards: 0
INFO 13:27:47.695302 Turn: 216, Snakes Alive: [Rule-based agent], Food: 10, Hazards: 0
INFO 13:27:47.696919 Turn: 217, Snakes Alive: [Rule-based agent], Food: 11, Hazards: 0
INFO 13:27:47.698635 Turn: 218, Snakes Alive: [Rule-based agent], Food: 11, Hazards: 0
INFO 13:27:47.700214 Turn: 219, Snakes Alive: [Rule-based agent], Food: 11, Hazards: 0
INFO 13:27:47.701808 Turn: 220, Snakes Alive: [Rule-based agent], Food: 11, Hazards: 0
INFO 13:27:47.703420 Turn: 221, Snakes Alive: [Rule-based agent], Food: 11, Hazards: 0
INFO 13:27:47.704998 Turn: 222, Snakes Alive: [Rule-based agent], Food: 11, Hazards: 0
INFO 13:27:47.706721 Turn: 223, Snakes Alive: [Rule-based agent], Food: 11, Hazards: 0
INFO 13:27:47.708577 Turn: 224, Snakes Alive: [Rule-based agent], Food: 10, Hazards: 0
INFO 13:27:47.710122 Turn: 225, Snakes Alive: [Rule-based agent], Food: 10, Hazards: 0
INFO 13:27:47.711799 Turn: 226, Snakes Alive: [Rule-based agent], Food: 10, Hazards: 0
INFO 13:27:47.713387 Turn: 227, Snakes Alive: [Rule-based agent], Food: 10, Hazards: 0
INFO 13:27:47.715059 Turn: 228, Snakes Alive: [Rule-based agent], Food: 9, Hazards: 0
INFO 13:27:47.716694 Turn: 229, Snakes Alive: [Rule-based agent], Food: 9, Hazards: 0
INFO 13:27:47.718268 Turn: 230, Snakes Alive: [Rule-based agent], Food: 8, Hazards: 0
INFO 13:27:47.720595 Turn: 231, Snakes Alive: [Rule-based agent], Food: 8, Hazards: 0
INFO 13:27:47.722205 Turn: 232, Snakes Alive: [Rule-based agent], Food: 8, Hazards: 0
INFO 13:27:47.724182 Turn: 233, Snakes Alive: [Rule-based agent], Food: 7, Hazards: 0
INFO 13:27:47.726038 Turn: 234, Snakes Alive: [Rule-based agent], Food: 7, Hazards: 0
INFO 13:27:47.727652 Turn: 235, Snakes Alive: [Rule-based agent], Food: 7, Hazards: 0
INFO 13:27:47.729243 Turn: 236, Snakes Alive: [Rule-based agent], Food: 7, Hazards: 0
INFO 13:27:47.730764 Turn: 237, Snakes Alive: [], Food: 7, Hazards: 0
INFO 13:27:47.732040 Game completed after 238 turns.
INFO 13:27:47.798213 Snake ID: 2ab1a1e5-ea38-40d4-b052-62d40290f92c URL: http://127.0.0.1:41103, Name: "Rule-based agent"
INFO 13:27:47.800083 Ruleset: solo, Seed: 106
INFO 13:27:47.800121 Turn: 0, Snakes Alive: [Rule-based agent], Food: 2, Hazards: 0
INFO 13:27:47.811763 Turn: 1, Snakes Alive: [Rule-based agent], Food: 3, Hazards: 0
INFO 13:27:47.813367 Turn: 2, Snakes Alive: [Rule-based agent], Food: 3, Hazards: 0
INFO 13:27:47.814795 Turn: 3, Snakes Alive: [Rule-based agent], Food: 4, Hazards: 0
INFO 13:27:47.816251 Turn: 4, Snakes Alive: [Rule-based agent], Food: 4, Hazards: 0
INFO 13:27:47.817653 Turn: 5, Snakes Alive: [Rule-based agent], Food: 4, Hazards: 0
INFO 13:27:47.819174 Turn: 6, Snakes Alive: [Rule-based agent], Food: 3, Hazards: 0
INFO 13:27:47.820733 Turn: 7, Snakes Alive: [Rule-based agent], Food: 4, Hazards: 0
INFO 13:27:47.821992 Turn: 8, Snakes Alive: [Rule-based agent], Food: 5, Hazards: 0
INFO 13:27:47.823565 Turn: 9, Snakes Alive: [Rule-based agent], Food: 5, Hazards: 0
INFO 13:27:47.824945 Turn: 10, Snakes Alive: [Rule-based agent], Food: 5, Hazards: 0
INFO 13:27:47.826330 Turn: 11, Snakes Alive: [Rule-based agent], Food: 6, Hazards: 0
INFO 13:27:47.827687 Turn: 12, Snakes Alive: [Rule-based agent], Food: 6, Hazards: 0
INFO 13:27:47.829077 Turn: 13, Snakes Alive: [Rule-based agent], Food: 6, Hazards: 0
INFO 13:27:47.830567 Turn: 14, Snakes Alive: [Rule-based agent], Food: 6, Hazards: 0
INFO 13:27:47.831859 Turn: 15, Snakes Alive: [Rule-based agent], Food: 6, Hazards: 0
INFO 13:27:47.833183 Turn: 16, Snakes Alive: [Rule-based agent], Food: 6, Hazards: 0
INFO 13:27:47.834758 Turn: 17, Snakes Alive: [Rule-based agent], Food: 7, Hazards: 0
INFO 13:27:47.836145 Turn: 18, Snakes Alive: [Rule-based agent], Food: 7, Hazards: 0
INFO 13:27:47.837550 Turn: 19, Snakes Alive: [Rule-based agent], Food: 8, Hazards: 0
INFO 13:27:47.839177 Turn: 20, Snakes Alive: [Rule-based agent], Food: 9, Hazards: 0
INFO 13:27:47.840697 Turn: 21, Snakes Alive: [Rule-based agent], Food: 10, Hazards: 0
INFO 13:27:47.842229 Turn: 22, Snakes Alive: [Rule-based agent], Food: 10, Hazards: 0
INFO 13:27:47.843544 Turn: 23, Snakes Alive: [Rule-based agent], Food: 10, Hazards: 0
INFO 13:27:47.844869 Turn: 24, Snakes Alive: [Rule-based agent], Food: 11, Hazards: 0
INFO 13:27:47.846193 Turn: 25, Snakes Alive: [Rule-based agent], Food: 12, Hazards: 0
INFO 13:27:47.847530 Turn: 26, Snakes Alive: [Rule-based agent], Food: 12, Hazards: 0
INFO 13:27:47.848883 Turn: 27, Snakes Alive: [Rule-based agent], Food: 12, Hazards: 0
INFO 13:27:47.850423 Turn: 28, Snakes Alive: [Rule-based agent], Food: 12, Hazards: 0
INFO 13:27:47.851802 Turn: 29, Snakes Alive: [Rule-based agent], Food: 12, Hazards: 0
INFO 13:27:47.853245 Turn: 30, Snakes Alive: [Rule-based agent], Food: 12, Hazards: 0
INFO 13:27:47.855099 Turn: 31, Snakes Alive: [Rule-based agent], Food: 12, Hazards: 0
INFO 13:27:47.856674 Turn: 32, Snakes Alive: [Rule-based agent], Food: 12, Hazards: 0
INFO 13:27:47.858503 Turn: 33, Snakes Alive: [Rule-based agent], Food: 12, Hazards: 0
INFO 13:27:47.859888 Turn: 34, Snakes Alive: [Rule-based agent], Food: 12, Hazards: 0
INFO 13:27:47.861328 Turn: 35, Snakes Alive: [Rule-based agent], Food: 12, Hazards: 0
INFO 13:27:47.862789 Turn: 36, Snakes Alive: [Rule-based agent], Food: 12, Hazards: 0
INFO 13:27:47.864259 Turn: 37, Snakes Alive: [Rule-based agent], Food: 12, Hazards: 0
INFO 13:27:47.865638 Turn: 38, Snakes Alive: [Rule-based agent], Food: 12, Hazards: 0
INFO 13:27:47.867266 Turn: 39, Snakes Alive: [Rule-based agent], Food: 12, Hazards: 0
INFO 13:27:47.868872 Turn: 40, Snakes Alive: [Rule-based agent], Food: 12, Hazards: 0
INFO 13:27:47.870580 Turn: 41, Snakes Alive: [Rule-based agent], Food: 12, Hazards: 0
INFO 13:27:47.872071 Turn: 42, Snakes Alive: [Rule-based agent], Food: 12, Hazards: 0
INFO 13:27:47.873693 Turn: 43, Snakes Alive: [Rule-based agent], Food: 12, Hazards: 0
INFO 13:27:47.875421 Turn: 44, Snakes Alive: [Rule-based agent], Food: 13, Hazards: 0
INFO 13:27:47.876872 Turn: 45, Snakes Alive: [Rule-based agent], Food: 13, Hazards: 0
INFO 13:27:47.878304 Turn: 46, Snakes Alive: [Rule-based agent], Food: 13, Hazards: 0
INFO 13:27:47.879819 Turn: 47, Snakes Alive: [Rule-based agent], Food: 13, Hazards: 0
INFO 13:27:47.881357 Turn: 48, Snakes Alive: [Rule-based agent], Food: 14, Hazards: 0
INFO 13:27:47.882977 Turn: 49, Snakes Alive: [Rule-based agent], Food: 14, Hazards: 0
INFO 13:27:47.884360 Turn: 50, Snakes Alive: [Rule-based agent], Food: 15, Hazards: 0
INFO 13:27:47.885803 Turn: 51, Snakes Alive: [Rule-based agent], Food: 15, Hazards: 0
INFO 13:27:47.887229 Turn: 52, Snakes Alive: [Rule-based agent], Food: 15, Hazards: 0
INFO 13:27:47.888605 Turn: 53, Snakes Alive: [Rule-based agent], Food: 15, Hazards: 0
INFO 13:27:47.890039 Turn: 54, Snakes Alive: [Rule-based agent], Food: 15, Hazards: 0
INFO 13:27:47.891731 Turn: 55, Snakes Alive: [Rule-based agent], Food: 15, Hazards: 0
INFO 13:27:47.893161 Turn: 56, Snakes Alive: [Rule-based agent], Food: 15, Hazards: 0
INFO 13:27:47.894411 Turn: 57, Snakes Alive: [Rule-based agent], Food: 15, Hazards: 0
INFO 13:27:47.895787 Turn: 58, Snakes Alive: [Rule-based agent], Food: 15, Hazards: 0
INFO 13:27:47.897894 Turn: 59, Snakes Alive: [Rule-based agent], Food: 15, Hazards: 0
INFO 13:27:47.899360 Turn: 60, Snakes Alive: [Rule-based agent], Food: 15, Hazards: 0
INFO 13:27:47.900777 Turn: 61, Snakes Alive: [Rule-based agent], Food: 15, Hazards: 0
INFO 13:27:47.902242 Turn: 62, Snakes Alive: [Rule-based agent], Food: 15, Hazards: 0
INFO 13:27:47.903703 Turn: 63, Snakes Alive: [Rule-based agent], Food: 15, Hazards: 0
INFO 13:27:47.905189 Turn: 64, Snakes Alive: [Rule-based agent], Food: 15, Hazards: 0
INFO 13:27:47.906690 Turn: 65, Snakes Alive: [Rule-based agent], Food: 15, Hazards: 0
INFO 13:27:47.908556 Turn: 66, Snakes Alive: [Rule-based agent], Food: 14, Hazards: 0
INFO 13:27:47.910117 Turn: 67, Snakes Alive: [Rule-based agent], Food: 15, Hazards: 0
INFO 13:27:47.911585 Turn: 68, Snakes Alive: [Rule-based agent], Food: 15, Hazards: 0
INFO 13:27:47.913086 Turn: 69, Snakes Alive: [Rule-based agent], Food: 15, Hazards: 0
INFO 13:27:47.914707 Turn: 70, Snakes Alive: [Rule-based agent], Food: 15, Hazards: 0
INFO 13:27:47.916268 Turn: 71, Snakes Alive: [Rule-based agent], Food: 16, Hazards: 0
INFO 13:27:47.917856 Turn: 72, Snakes Alive: [Rule-based agent], Food: 17, Hazards: 0
INFO 13:27:47.919257 Turn: 73, Snakes Alive: [Rule-based agent], Food: 17, Hazards: 0
INFO 13:27:47.920832 Turn: 74, Snakes Alive: [Rule-based agent], Food: 17, Hazards: 0
INFO 13:27:47.922375 Turn: 75, Snakes Alive: [Rule-based agent], Food: 18, Hazards: 0
INFO 13:27:47.924099 Turn: 76, Snakes Alive: [Rule-based agent], Food: 18, Hazards: 0
INFO 13:27:47.925603 Turn: 77, Snakes Alive: [Rule-based agent], Food: 18, Hazards: 0
INFO 13:27:47.928344 Turn: 78, Snakes Alive: [Rule-based agent], Food: 18, Hazards: 0
INFO 13:27:47.930487 Turn: 79, Snakes Alive: [Rule-based agent], Food: 18, Hazards: 0
INFO 13:27:47.931927 Turn: 80, Snakes Alive: [Rule-based agent], Food: 17, Hazards: 0
INFO 13:27:47.933303 Turn: 81, Snakes Alive: [Rule-based agent], Food: 17, Hazards: 0
INFO 13:27:47.934788 Turn: 82, Snakes Alive: [Rule-based agent], Food: 17, Hazards: 0
INFO 13:27:47.936304 Turn: 83, Snakes Alive: [Rule-based agent], Food: 17, Hazards: 0
INFO 13:27:47.937780 Turn: 84, Snakes Alive: [Rule-based agent], Food: 16, Hazards: 0
INFO 13:27:47.939270 Turn: 85, Snakes Alive: [Rule-based agent], Food: 16, Hazards: 0
INFO 13:27:47.940785 Turn: 86, Snakes Alive: [Rule-based agent], Food: 15, Hazards: 0
INFO 13:27:47.942398 Turn: 87, Snakes Alive: [Rule-based agent], Food: 15, Hazards: 0
INFO 13:27:47.943980 Turn: 88, Snakes Alive: [Rule-based agent], Food: 15, Hazards: 0
INFO 13:27:47.945390 Turn: 89, Snakes Alive: [Rule-based agent], Food: 15, Hazards: 0
INFO 13:27:47.946877 Turn: 90, Snakes Alive: [Rule-based agent], Food: 14, Hazards: 0
INFO 13:27:47.948222 Turn: 91, Snakes Alive: [], Food: 14, Hazards: 0
INFO 13:27:47.949430 Game completed after 92 turns.
INFO 13:27:48.018150 Snake ID: 1e5590be-448d-4951-a19e-c221b18c11d1 URL: http://127.0.0.1:41103, Name: "Rule-based agent"
INFO 13:27:48.019954 Ruleset: solo, Seed: 107
INFO 13:27:48.019991 Turn: 0, Snakes Alive: [Rule-based agent], Food: 2, Hazards: 0
INFO 13:27:48.032012 Turn: 1, Snakes Alive: [Rule-based agent], Food: 2, Hazards: 0
INFO 13:27:48.033656 Turn: 2, Snakes Alive: [Rule-based agent], Food: 2, Hazards: 0
INFO 13:27:48.035147 Turn: 3, Snakes Alive: [Rule-based agent], Food: 2, Hazards: 0
INFO 13:27:48.036757 Turn: 4, Snakes Alive: [Rule-based agent], Food: 2, Hazards: 0
INFO 13:27:48.038184 Turn: 5, Snakes Alive: [Rule-based agent], Food: 2, Hazards: 0
INFO 13:27:48.039592 Turn: 6, Snakes Alive: [Rule-based agent], Food: 3, Hazards: 0
INFO 13:27:48.041115 Turn: 7, Snakes Alive: [Rule-based agent], Food: 4, Hazards: 0
INFO 13:27:48.042671 Turn: 8, Snakes Alive: [Rule-based agent], Food: 4, Hazards: 0
INFO 13:27:48.044030 Turn: 9, Snakes Alive: [Rule-based agent], Food: 4, Hazards: 0
INFO 13:27:48.045470 Turn: 10, Snakes Alive: [Rule-based agent], Food: 4, Hazards: 0
INFO 13:27:48.046860 Turn: 11, Snakes Alive: [Rule-based agent], Food: 4, Hazards: 0
INFO 13:27:48.048285 Turn: 12, Snakes Alive: [Rule-based agent], Food: 4, Hazards: 0
INFO 13:27:48.049743 Turn: 13, Snakes Alive: [Rule-based agent], Food: 4, Hazards: 0
INFO 13:27:48.051240 Turn: 14, Snakes Alive: [Rule-based agent], Food: 4, Hazards: 0
INFO 13:27:48.052870 Turn: 15, Snakes Alive: [Rule-based agent], Food: 4, Hazards: 0
INFO 13:27:48.054209 Turn: 16, Snakes Alive: [Rule-based agent], Food: 5, Hazards: 0
INFO 13:27:48.055548 Turn: 17, Snakes Alive: [Rule-based agent], Food: 5, Hazards: 0
INFO 13:27:48.057127 Turn: 18, Snakes Alive: [Rule-based agent], Food: 6, Hazards: 0
INFO 13:27:48.058699 Turn: 19, Snakes Alive: [Rule-based agent], Food: 7, Hazards: 0
INFO 13:27:48.060073 Turn: 20, Snakes Alive: [Rule-based agent], Food: 8, Hazards: 0
INFO 13:27:48.061399 Turn: 21, Snakes Alive: [Rule-based agent], Food: 8, Hazards: 0
INFO 13:27:48.062778 Turn: 22, Snakes Alive: [Rule-based agent], Food: 8, Hazards: 0
INFO 13:27:48.064233 Turn: 23, Snakes Alive: [Rule-based agent], Food: 9, Hazards: 0
INFO 13:27:48.065637 Turn: 24, Snakes Alive: [Rule-based agent], Food: 10, Hazards: 0
INFO 13:27:48.067121 Turn: 25, Snakes Alive: [Rule-based agent], Food: 10, Hazards: 0
INFO 13:27:48.068535 Turn: 26, Snakes Alive: [Rule-based agent], Food: 11, Hazards: 0
INFO 13:27:48.070022 Turn: 27, Snakes Alive: [Rule-based agent], Food: 11, Hazards: 0
INFO 13:27:48.071570 Turn: 28, Snakes Alive: [Rule-based agent], Food: 11, Hazards: 0
INFO 13:27:48.072921 Turn: 29, Snakes Alive: [Rule-based agent], Food: 11, Hazards: 0
INFO 13:27:48.074433 Turn: 30, Snakes Alive: [Rule-based agent], Food: 11, Hazards: 0
INFO 13:27:48.075879 Turn: 31, Snakes Alive: [Rule-based agent], Food: 11, Hazards: 0
INFO 13:27:48.077342 Turn: 32, Snakes Alive: [Rule-based agent], Food: 11, Hazards: 0
INFO 13:27:48.078675 Turn: 33, Snakes Alive: [Rule-based agent], Food: 11, Hazards: 0
INFO 13:27:48.080067 Turn: 34, Snakes Alive: [Rule-based agent], Food: 10, Hazards: 0
INFO 13:27:48.081574 Turn: 35, Snakes Alive: [Rule-based agent], Food: 10, Hazards: 0
INFO 13:27:48.083170 Turn: 36, Snakes Alive: [Rule-based agent], Food: 10, Hazards: 0
INFO 13:27:48.084661 Turn: 37, Snakes Alive: [Rule-based agent], Food: 10, Hazards: 0
INFO 13:27:48.086154 Turn: 38, Snakes Alive: [Rule-based agent], Food: 10, Hazards: 0
INFO 13:27:48.087504 Turn: 39, Snakes Alive: [Rule-based agent], Food: 10, Hazards: 0
INFO 13:27:48.088871 Turn: 40, Snakes Alive: [Rule-based agent], Food: 10, Hazards: 0
INFO 13:27:48.090335 Turn: 41, Snakes Alive: [Rule-based agent], Food: 10, Hazards: 0
INFO 13:27:48.091910 Turn: 42, Snakes Alive: [Rule-based agent], Food: 10, Hazards: 0
INFO 13:27:48.093257 Turn: 43, Snakes Alive: [Rule-based agent], Food: 11, Hazards: 0
INFO 13:27:48.094649 Turn: 44, Snakes Alive: [Rule-based agent], Food: 11, Hazards: 0
INFO 13:27:48.096382 Turn: 45, Snakes Alive: [Rule-based agent], Food: 11, Hazards: 0
INFO 13:27:48.097861 Turn: 46, Snakes Alive: [Rule-based agent], Food: 11, Hazards: 0
INFO 13:27:48.099333 Turn: 47, Snakes Alive: [Rule-based agent], Food: 12, Hazards: 0
INFO 13:27:48.100782 Turn: 48, Snakes Alive: [Rule-based agent], Food: 12, Hazards: 0
INFO 13:27:48.102059 Turn: 49, Snakes Alive: [Rule-based agent], Food: 13, Hazards: 0
INFO 13:27:48.103513 Turn: 50, Snakes Alive: [Rule-based agent], Food: 13, Hazards: 0
INFO 13:27:48.104899 Turn: 51, Snakes Alive: [Rule-based agent], Food: 14, Hazards: 0
INFO 13:27:48.106230 Turn: 52, Snakes Alive: [Rule-based agent], Food: 14, Hazards: 0
INFO 13:27:48.107926 Turn: 53, Snakes Alive: [Rule-based agent], Food: 14, Hazards: 0
INFO 13:27:48.109321 Turn: 54, Snakes Alive: [Rule-based agent], Food: 14, Hazards: 0
INFO 13:27:48.110660 Turn: 55, Snakes Alive: [Rule-based agent], Food: 14, Hazards: 0
INFO 13:27:48.112193 Turn: 56, Snakes Alive: [Rule-based agent], Food: 13, Hazards: 0
INFO 13:27:48.113649 Turn: 57, Snakes Alive: [Rule-based agent], Food: 12, Hazards: 0
INFO 13:27:48.115212 Turn: 58, Snakes Alive: [Rule-based agent], Food: 12, Hazards: 0
INFO 13:27:48.116684 Turn: 59, Snakes Alive: [Rule-based agent], Food: 11, Hazards: 0
INFO 13:27:48.118108 Turn: 60, Snakes Alive: [Rule-based agent], Food: 11, Hazards: 0
INFO 13:27:48.119611 Turn: 61, Snakes Alive: [Rule-based agent], Food: 11, Hazards: 0
INFO 13:27:48.121145 Turn: 62, Snakes Alive: [Rule-based agent], Food: 11, Hazards: 0
INFO 13:27:48.122707 Turn: 63, Snakes Alive: [Rule-based agent], Food: 11, Hazards: 0
INFO 13:27:48.124356 Turn: 64, Snakes Alive: [Rule-based agent], Food: 11, Hazards: 0
INFO 13:27:48.125972 Turn: 65, Snakes Alive: [Rule-based agent], Food: 11, Hazards: 0
INFO 13:27:48.127519 Turn: 66, Snakes Alive: [Rule-based agent], Food: 12, Hazards: 0
INFO 13:27:48.128895 Turn: 67, Snakes Alive: [Rule-based agent], Food: 12, Hazards: 0
INFO 13:27:48.130448 Turn: 68, Snakes Alive: [Rule-based agent], Food: 12, Hazards: 0
INFO 13:27:48.131957 Turn: 69, Snakes Alive: [Rule-based agent], Food: 12, Hazards: 0
INFO 13:27:48.133625 Turn: 70, Snakes Alive: [Rule-based agent], Food: 13, Hazards: 0
INFO 13:27:48.135092 Turn: 71, Snakes Alive: [Rule-based agent], Food: 14, Hazards: 0
INFO 13:27:48.136514 Turn: 72, Snakes Alive: [Rule-based agent], Food: 14, Hazards: 0
INFO 13:27:48.137916 Turn: 73, Snakes Alive: [Rule-based agent], Food: 14, Hazards: 0
INFO 13:27:48.139467 Turn: 74, Snakes Alive: [Rule-based agent], Food: 15, Hazards: 0
INFO 13:27:48.141136 Turn: 75, Snakes Alive: [Rule-based agent], Food: 14, Hazards: 0
INFO 13:27:48.142714 Turn: 76, Snakes Alive: [Rule-based agent], Food: 14, Hazards: 0
INFO 13:27:48.144093 Turn: 77, Snakes Alive: [Rule-based agent], Food: 13, Hazards: 0
INFO 13:27:48.145511 Turn: 78, Snakes Alive: [Rule-based agent], Food: 13, Hazards: 0
INFO 13:27:48.148910 Turn: 79, Snakes Alive: [Rule-based agent], Food: 12, Hazards: 0
INFO 13:27:48.150686 Turn: 80, Snakes Alive: [Rule-based agent], Food: 12, Hazards: 0
INFO 13:27:48.152247 Turn: 81, Snakes Alive: [Rule-based agent], Food: 12, Hazards: 0
INFO 13:27:48.153822 Turn: 82, Snakes Alive: [Rule-based agent], Food: 12, Hazards: 0
INFO 13:27:48.155339 Turn: 83, Snakes Alive: [Rule-based agent], Food: 12, Hazards: 0
INFO 13:27:48.157132 Turn: 84, Snakes Alive: [Rule-based agent], Food: 12, Hazards: 0
INFO 13:27:48.158781 Turn: 85, Snakes Alive: [Rule-based agent], Food: 12, Hazards: 0
INFO 13:27:48.160217 Turn: 86, Snakes Alive: [Rule-based agent], Food: 12, Hazards: 0
INFO 13:27:48.161769 Turn: 87, Snakes Alive: [Rule-based agent], Food: 12, Hazards: 0
INFO 13:27:48.163315 Turn: 88, Snakes Alive: [Rule-based agent], Food: 12, Hazards: 0
INFO 13:27:48.164776 Turn: 89, Snakes Alive: [Rule-based agent], Food: 12, Hazards: 0
INFO 13:27:48.166273 Turn: 90, Snakes Alive: [Rule-based agent], Food: 12, Hazards: 0
INFO 13:27:48.167522 Turn: 91, Snakes Alive: [], Food: 12, Hazards: 0
INFO 13:27:48.168725 Game completed after 92 turns.
INFO 13:27:48.243671 Snake ID: 43efdbed-b526-4733-8bcd-e48cb1a41ae8 URL: http://127.0.0.1:41103, Name: "Rule-based agent"
INFO 13:27:48.245543 Ruleset: solo, Seed: 108
INFO 13:27:48.245561 Turn: 0, Snakes Alive: [Rule-based agent], Food: 2, Hazards: 0
INFO 13:27:48.257743 Turn: 1, Snakes Alive: [Rule-based agent], Food: 3, Hazards: 0
INFO 13:27:48.259584 Turn: 2, Snakes Alive: [Rule-based agent], Food: 3, Hazards: 0
INFO 13:27:48.260979 Turn: 3, Snakes Alive: [Rule-based agent], Food: 3, Hazards: 0
INFO 13:27:48.262267 Turn: 4, Snakes Alive: [Rule-based agent], Food: 3, Hazards: 0
INFO 13:27:48.263634 Turn: 5, Snakes Alive: [Rule-based agent], Food: 4, Hazards: 0
INFO 13:27:48.264943 Turn: 6, Snakes Alive: [Rule-based agent], Food: 5, Hazards: 0
INFO 13:27:48.266351 Turn: 7, Snakes Alive: [Rule-based agent], Food: 5, Hazards: 0
INFO 13:27:48.267821 Turn: 8, Snakes Alive: [Rule-based agent], Food: 5, Hazards: 0
INFO 13:27:48.269401 Turn: 9, Snakes Alive: [Rule-based agent], Food: 6, Hazards: 0
INFO 13:27:48.270907 Turn: 10, Snakes Alive: [Rule-based agent], Food: 6, Hazards: 0
INFO 13:27:48.272241 Turn: 11, Snakes Alive: [Rule-based agent], Food: 6, Hazards: 0
INFO 13:27:48.273618 Turn: 12, Snakes Alive: [Rule-based agent], Food: 6, Hazards: 0
INFO 13:27:48.275326 Turn: 13, Snakes Alive: [Rule-based agent], Food: 6, Hazards: 0
INFO 13:27:48.276670 Turn: 14, Snakes Alive: [Rule-based agent], Food: 6, Hazards: 0
INFO 13:27:48.277932 Turn: 15, Snakes Alive: [Rule-based agent], Food: 7, Hazards: 0
INFO 13:27:48.279271 Turn: 16, Snakes Alive: [Rule-based agent], Food: 7, Hazards: 0
INFO 13:27:48.280691 Turn: 17, Snakes Alive: [Rule-based agent], Food: 8, Hazards: 0
INFO 13:27:48.281981 Turn: 18, Snakes Alive: [Rule-based agent], Food: 9, Hazards: 0
INFO 13:27:48.283429 Turn: 19, Snakes Alive: [Rule-based agent], Food: 10, Hazards: 0
INFO 13:27:48.284900 Turn: 20, Snakes Alive: [Rule-based agent], Food: 10, Hazards: 0
INFO 13:27:48.286731 Turn: 21, Snakes Alive: [Rule-based agent], Food: 10, Hazards: 0
INFO 13:27:48.288144 Turn: 22, Snakes Alive: [Rule-based agent], Food: 10, Hazards: 0
INFO 13:27:48.289558 Turn: 23, Snakes Alive: [Rule-based agent], Food: 11, Hazards: 0
INFO 13:27:48.291119 Turn: 24, Snakes Alive: [Rule-based agent], Food: 10, Hazards: 0
INFO 13:27:48.292987 Turn: 25, Snakes Alive: [Rule-based agent], Food: 11, Hazards: 0
INFO 13:27:48.294386 Turn: 26, Snakes Alive: [Rule-based agent], Food: 11, Hazards: 0
INFO 13:27:48.295732 Turn: 27, Snakes Alive: [Rule-based agent], Food: 11, Hazards: 0
INFO 13:27:48.297067 Turn: 28, Snakes Alive: [Rule-based agent], Food: 11, Hazards: 0
INFO 13:27:48.298448 Turn: 29, Snakes Alive: [Rule-based agent], Food: 11, Hazards: 0
INFO 13:27:48.299939 Turn: 30, Snakes Alive: [Rule-based agent], Food: 11, Hazards: 0
INFO 13:27:48.301373 Turn: 31, Snakes Alive: [Rule-based agent], Food: 11, Hazards: 0
INFO 13:27:48.302994 Turn: 32, Snakes Alive: [Rule-based agent], Food: 11, Hazards: 0
INFO 13:27:48.304346 Turn: 33, Snakes Alive: [Rule-based agent], Food: 11, Hazards: 0
INFO 13:27:48.305730 Turn: 34, Snakes Alive: [Rule-based agent], Food: 11, Hazards: 0
INFO 13:27:48.307215 Turn: 35, Snakes Alive: [Rule-based agent], Food: 11, Hazards: 0
INFO 13:27:48.308754 Turn: 36, Snakes Alive: [Rule-based agent], Food: 11, Hazards: 0
INFO 13:27:48.310075 Turn: 37, Snakes Alive: [Rule-based agent], Food: 10, Hazards: 0
INFO 13:27:48.311362 Turn: 38, Snakes Alive: [Rule-based agent], Food: 10, Hazards: 0
INFO 13:27:48.312693 Turn: 39, Snakes Alive: [Rule-based agent], Food: 10, Hazards: 0
INFO 13:27:48.314002 Turn: 40, Snakes Alive: [Rule-based agent], Food: 10, Hazards: 0
INFO 13:27:48.315271 Turn: 41, Snakes Alive: [Rule-based agent], Food: 10, Hazards: 0
INFO 13:27:48.316725 Turn: 42, Snakes Alive: [Rule-based agent], Food: 11, Hazards: 0
INFO 13:27:48.318205 Turn: 43, Snakes Alive: [Rule-based agent], Food: 11, Hazards: 0
INFO 13:27:48.319686 Turn: 44, Snakes Alive: [Rule-based agent], Food: 11, Hazards: 0
INFO 13:27:48.321050 Turn: 45, Snakes Alive: [Rule-based agent], Food: 11, Hazards: 0
INFO 13:27:48.322441 Turn: 46, Snakes Alive: [Rule-based agent], Food: 12, Hazards: 0
INFO 13:27:48.323961 Turn: 47, Snakes Alive: [Rule-based agent], Food: 12, Hazards: 0
INFO 13:27:48.325523 Turn: 48, Snakes Alive: [Rule-based agent], Food: 13, Hazards: 0
INFO 13:27:48.327077 Turn: 49, Snakes Alive: [Rule-based agent], Food: 13, Hazards: 0
INFO 13:27:48.328495 Turn: 50, Snakes Alive: [Rule-based agent], Food: 14, Hazards: 0
INFO 13:27:48.329785 Turn: 51, Snakes Alive: [Rule-based agent], Food: 14, Hazards: 0
INFO 13:27:48.331168 Turn: 52, Snakes Alive: [Rule-based agent], Food: 14, Hazards: 0
INFO 13:27:48.332497 Turn: 53, Snakes Alive: [Rule-based agent], Food: 14, Hazards: 0
INFO 13:27:48.333808 Turn: 54, Snakes Alive: [Rule-based agent], Food: 13, Hazards: 0
INFO 13:27:48.335279 Turn: 55, Snakes Alive: [Rule-based agent], Food: 13, Hazards: 0
INFO 13:27:48.337066 Turn: 56, Snakes Alive: [Rule-based agent], Food: 13, Hazards: 0
INFO 13:27:48.338498 Turn: 57, Snakes Alive: [Rule-based agent], Food: 12, Hazards: 0
INFO 13:27:48.339904 Turn: 58, Snakes Alive: [Rule-based agent], Food: 11, Hazards: 0
INFO 13:27:48.341513 Turn: 59, Snakes Alive: [Rule-based agent], Food: 11, Hazards: 0
INFO 13:27:48.343004 Turn: 60, Snakes Alive: [Rule-based agent], Food: 11, Hazards: 0
INFO 13:27:48.344375 Turn: 61, Snakes Alive: [], Food: 11, Hazards: 0
INFO 13:27:48.345621 Game completed after 62 turns.
INFO 13:27:48.419309 Snake ID: 8fcabf8d-f1e9-465a-8b5b-27435654f8f6 URL: http://127.0.0.1:41103, Name: "Rule-based agent"
INFO 13:27:48.421058 Ruleset: solo, Seed: 109
INFO 13:27:48.421076 Turn: 0, Snakes Alive: [Rule-based agent], Food: 2, Hazards: 0
INFO 13:27:48.432528 Turn: 1, Snakes Alive: [Rule-based agent], Food: 2, Hazards: 0
INFO 13:27:48.434032 Turn: 2, Snakes Alive: [Rule-based agent], Food: 1, Hazards: 0
INFO 13:27:48.435603 Turn: 3, Snakes Alive: [Rule-based agent], Food: 1, Hazards: 0
INFO 13:27:48.437039 Turn: 4, Snakes Alive: [Rule-based agent], Food: 2, Hazards: 0
INFO 13:27:48.438588 Turn: 5, Snakes Alive: [Rule-based agent], Food: 3, Hazards: 0
INFO 13:27:48.439881 Turn: 6, Snakes Alive: [Rule-based agent], Food: 3, Hazards: 0
INFO 13:27:48.441326 Turn: 7, Snakes Alive: [Rule-based agent], Food: 3, Hazards: 0
INFO 13:27:48.442908 Turn: 8, Snakes Alive: [Rule-based agent], Food: 4, Hazards: 0
INFO 13:27:48.444268 Turn: 9, Snakes Alive: [Rule-based agent], Food: 4, Hazards: 0
INFO 13:27:48.445563 Turn: 10, Snakes Alive: [Rule-based agent], Food: 4, Hazards: 0
INFO 13:27:48.447014 Turn: 11, Snakes Alive: [Rule-based agent], Food: 4, Hazards: 0
INFO 13:27:48.448414 Turn: 12, Snakes Alive: [Rule-based agent], Food: 4, Hazards: 0
INFO 13:27:48.449930 Turn: 13, Snakes Alive: [Rule-based agent], Food: 4, Hazards: 0
INFO 13:27:48.451548 Turn: 14, Snakes Alive: [Rule-based agent], Food: 5, Hazards: 0
INFO 13:27:48.453073 Turn: 15, Snakes Alive: [Rule-based agent], Food: 5, Hazards: 0
INFO 13:27:48.454507 Turn: 16, Snakes Alive: [Rule-based agent], Food: 6, Hazards: 0
INFO 13:27:48.455910 Turn: 17, Snakes Alive: [Rule-based agent], Food: 7, Hazards: 0
INFO 13:27:48.457349 Turn: 18, Snakes Alive: [Rule-based agent], Food: 8, Hazards: 0
INFO 13:27:48.458922 Turn: 19, Snakes Alive: [Rule-based agent], Food: 8, Hazards: 0
INFO 13:27:48.460415 Turn: 20, Snakes Alive: [Rule-based agent], Food: 8, Hazards: 0
INFO 13:27:48.461889 Turn: 21, Snakes Alive: [Rule-based agent], Food: 9, Hazards: 0
INFO 13:27:48.463374 Turn: 22, Snakes Alive: [Rule-based agent], Food: 10, Hazards: 0
INFO 13:27:48.464767 Turn: 23, Snakes Alive: [Rule-based agent], Food: 10, Hazards: 0
INFO 13:27:48.466237 Turn: 24, Snakes Alive: [Rule-based agent], Food: 11, Hazards: 0
INFO 13:27:48.467707 Turn: 25, Snakes Alive: [Rule-based agent], Food: 11, Hazards: 0
INFO 13:27:48.469048 Turn: 26, Snakes Alive: [Rule-based agent], Food: 10, Hazards: 0
INFO 13:27:48.470632 Turn: 27, Snakes Alive: [Rule-based agent], Food: 10, Hazards: 0
INFO 13:27:48.472165 Turn: 28, Snakes Alive: [Rule-based agent], Food: 9, Hazards: 0
INFO 13:27:48.473796 Turn: 29, Snakes Alive: [Rule-based agent], Food: 9, Hazards: 0
INFO 13:27:48.475254 Turn: 30, Snakes Alive: [Rule-based agent], Food: 9, Hazards: 0
INFO 13:27:48.476527 Turn: 31, Snakes Alive: [Rule-based agent], Food: 9, Hazards: 0
INFO 13:27:48.477966 Turn: 32, Snakes Alive: [Rule-based agent], Food: 9, Hazards: 0
INFO 13:27:48.479558 Turn: 33, Snakes Alive: [Rule-based agent], Food: 9, Hazards: 0
INFO 13:27:48.481043 Turn: 34, Snakes Alive: [Rule-based agent], Food: 9, Hazards: 0
INFO 13:27:48.482461 Turn: 35, Snakes Alive: [Rule-based agent], Food: 9, Hazards: 0
INFO 13:27:48.483959 Turn: 36, Snakes Alive: [Rule-based agent], Food: 9, Hazards: 0
INFO 13:27:48.485326 Turn: 37, Snakes Alive: [Rule-based agent], Food: 9, Hazards: 0
INFO 13:27:48.486859 Turn: 38, Snakes Alive: [Rule-based agent], Food: 9, Hazards: 0
INFO 13:27:48.488383 Turn: 39, Snakes Alive: [Rule-based agent], Food: 9, Hazards: 0
INFO 13:27:48.489987 Turn: 40, Snakes Alive: [Rule-based agent], Food: 9, Hazards: 0
INFO 13:27:48.491711 Turn: 41, Snakes Alive: [Rule-based agent], Food: 10, Hazards: 0
INFO 13:27:48.493050 Turn: 42, Snakes Alive: [Rule-based agent], Food: 10, Hazards: 0
INFO 13:27:48.494418 Turn: 43, Snakes Alive: [Rule-based agent], Food: 10, Hazards: 0
INFO 13:27:48.495772 Turn: 44, Snakes Alive: [Rule-based agent], Food: 10, Hazards: 0
INFO 13:27:48.497251 Turn: 45, Snakes Alive: [Rule-based agent], Food: 11, Hazards: 0
INFO 13:27:48.498958 Turn: 46, Snakes Alive: [Rule-based agent], Food: 11, Hazards: 0
INFO 13:27:48.500353 Turn: 47, Snakes Alive: [Rule-based agent], Food: 12, Hazards: 0
INFO 13:27:48.501823 Turn: 48, Snakes Alive: [Rule-based agent], Food: 12, Hazards: 0
INFO 13:27:48.503347 Turn: 49, Snakes Alive: [Rule-based agent], Food: 13, Hazards: 0
INFO 13:27:48.504761 Turn: 50, Snakes Alive: [Rule-based agent], Food: 13, Hazards: 0
INFO 13:27:48.506143 Turn: 51, Snakes Alive: [Rule-based agent], Food: 13, Hazards: 0
INFO 13:27:48.507885 Turn: 52, Snakes Alive: [Rule-based agent], Food: 13, Hazards: 0
INFO 13:27:48.509323 Turn: 53, Snakes Alive: [Rule-based agent], Food: 13, Hazards: 0
INFO 13:27:48.510751 Turn: 54, Snakes Alive: [Rule-based agent], Food: 13, Hazards: 0
INFO 13:27:48.512239 Turn: 55, Snakes Alive: [Rule-based agent], Food: 13, Hazards: 0
INFO 13:27:48.513613 Turn: 56, Snakes Alive: [Rule-based agent], Food: 13, Hazards: 0
INFO 13:27:48.515185 Turn: 57, Snakes Alive: [Rule-based agent], Food: 13, Hazards: 0
INFO 13:27:48.516611 Turn: 58, Snakes Alive: [Rule-based agent], Food: 13, Hazards: 0
INFO 13:27:48.518326 Turn: 59, Snakes Alive: [Rule-based agent], Food: 13, Hazards: 0
INFO 13:27:48.519755 Turn: 60, Snakes Alive: [Rule-based agent], Food: 13, Hazards: 0
INFO 13:27:48.521119 Turn: 61, Snakes Alive: [Rule-based agent], Food: 13, Hazards: 0
INFO 13:27:48.522505 Turn: 62, Snakes Alive: [Rule-based agent], Food: 13, Hazards: 0
INFO 13:27:48.524102 Turn: 63, Snakes Alive: [Rule-based agent], Food: 13, Hazards: 0
INFO 13:27:48.525741 Turn: 64, Snakes Alive: [Rule-based agent], Food: 14, Hazards: 0
INFO 13:27:48.527286 Turn: 65, Snakes Alive: [Rule-based agent], Food: 14, Hazards: 0
INFO 13:27:48.528741 Turn: 66, Snakes Alive: [Rule-based agent], Food: 14, Hazards: 0
INFO 13:27:48.530370 Turn: 67, Snakes Alive: [Rule-based agent], Food: 14, Hazards: 0
INFO 13:27:48.531953 Turn: 68, Snakes Alive: [Rule-based agent], Food: 14, Hazards: 0
INFO 13:27:48.533389 Turn: 69, Snakes Alive: [], Food: 15, Hazards: 0
INFO 13:27:48.534669 Game completed after 70 turns.
INFO 13:27:48.649883 Snake ID: ab9d9b62-db0e-4a00-933e-58a8992615ba URL: http://127.0.0.1:41103, Name: "Rule-based agent"
INFO 13:27:48.651784 Ruleset: solo, Seed: 110
INFO 13:27:48.651815 Turn: 0, Snakes Alive: [Rule-based agent], Food: 2, Hazards: 0
INFO 13:27:48.663880 Turn: 1, Snakes Alive: [Rule-based agent], Food: 2, Hazards: 0
INFO 13:27:48.665530 Turn: 2, Snakes Alive: [Rule-based agent], Food: 2, Hazards: 0
INFO 13:27:48.667018 Turn: 3, Snakes Alive: [Rule-based agent], Food: 3, Hazards: 0
INFO 13:27:48.668505 Turn: 4, Snakes Alive: [Rule-based agent], Food: 4, Hazards: 0
INFO 13:27:48.670137 Turn: 5, Snakes Alive: [Rule-based agent], Food: 4, Hazards: 0
INFO 13:27:48.671592 Turn: 6, Snakes Alive: [Rule-based agent], Food: 3, Hazards: 0
INFO 13:27:48.672916 Turn: 7, Snakes Alive: [Rule-based agent], Food: 4, Hazards: 0
INFO 13:27:48.674388 Turn: 8, Snakes Alive: [Rule-based agent], Food: 4, Hazards: 0
INFO 13:27:48.675902 Turn: 9, Snakes Alive: [Rule-based agent], Food: 4, Hazards: 0
INFO 13:27:48.677258 Turn: 10, Snakes Alive: [Rule-based agent], Food: 4, Hazards: 0
INFO 13:27:48.678652 Turn: 11, Snakes Alive: [Rule-based agent], Food: 4, Hazards: 0
INFO 13:27:48.679990 Turn: 12, Snakes Alive: [Rule-based agent], Food: 4, Hazards: 0
INFO 13:27:48.681367 Turn: 13, Snakes Alive: [Rule-based agent], Food: 5, Hazards: 0
INFO 13:27:48.682939 Turn: 14, Snakes Alive: [Rule-based agent], Food: 5, Hazards: 0
INFO 13:27:48.684378 Turn: 15, Snakes Alive: [Rule-based agent], Food: 6, Hazards: 0
INFO 13:27:48.685860 Turn: 16, Snakes Alive: [Rule-based agent], Food: 7, Hazards: 0
INFO 13:27:48.687336 Turn: 17, Snakes Alive: [Rule-based agent], Food: 8, Hazards: 0
INFO 13:27:48.688734 Turn: 18, Snakes Alive: [Rule-based agent], Food: 8, Hazards: 0
INFO 13:27:48.690227 Turn: 19, Snakes Alive: [Rule-based agent], Food: 8, Hazards: 0
INFO 13:27:48.691978 Turn: 20, Snakes Alive: [Rule-based agent], Food: 9, Hazards: 0
INFO 13:27:48.693444 Turn: 21, Snakes Alive: [Rule-based agent], Food: 10, Hazards: 0
INFO 13:27:48.694859 Turn: 22, Snakes Alive: [Rule-based agent], Food: 10, Hazards: 0
INFO 13:27:48.696626 Turn: 23, Snakes Alive: [Rule-based agent], Food: 11, Hazards: 0
INFO 13:27:48.698204 Turn: 24, Snakes Alive: [Rule-based agent], Food: 11, Hazards: 0
INFO 13:27:48.699805 Turn: 25, Snakes Alive: [Rule-based agent], Food: 11, Hazards: 0
INFO 13:27:48.701120 Turn: 26, Snakes Alive: [Rule-based agent], Food: 11, Hazards: 0
INFO 13:27:48.702613 Turn: 27, Snakes Alive: [Rule-based agent], Food: 11, Hazards: 0
INFO 13:27:48.704036 Turn: 28, Snakes Alive: [Rule-based agent], Food: 11, Hazards: 0
INFO 13:27:48.705467 Turn: 29, Snakes Alive: [Rule-based agent], Food: 11, Hazards: 0
INFO 13:27:48.707216 Turn: 30, Snakes Alive: [Rule-based agent], Food: 10, Hazards: 0
INFO 13:27:48.709042 Turn: 31, Snakes Alive: [Rule-based agent], Food: 10, Hazards: 0
INFO 13:27:48.710599 Turn: 32, Snakes Alive: [Rule-based agent], Food: 10, Hazards: 0
INFO 13:27:48.712164 Turn: 33, Snakes Alive: [Rule-based agent], Food: 9, Hazards: 0
INFO 13:27:48.713535 Turn: 34, Snakes Alive: [Rule-based agent], Food: 9, Hazards: 0
INFO 13:27:48.715119 Turn: 35, Snakes Alive: [Rule-based agent], Food: 9, Hazards: 0
INFO 13:27:48.716636 Turn: 36, Snakes Alive: [Rule-based agent], Food: 9, Hazards: 0
INFO 13:27:48.717925 Turn: 37, Snakes Alive: [Rule-based agent], Food: 9, Hazards: 0
INFO 13:27:48.719386 Turn: 38, Snakes Alive: [Rule-based agent], Food: 9, Hazards: 0
INFO 13:27:48.720696 Turn: 39, Snakes Alive: [Rule-based agent], Food: 9, Hazards: 0
INFO 13:27:48.722269 Turn: 40, Snakes Alive: [Rule-based agent], Food: 10, Hazards: 0
INFO 13:27:48.723919 Turn: 41, Snakes Alive: [Rule-based agent], Food: 10, Hazards: 0
INFO 13:27:48.725366 Turn: 42, Snakes Alive: [Rule-based agent], Food: 10, Hazards: 0
INFO 13:27:48.726840 Turn: 43, Snakes Alive: [Rule-based agent], Food: 10, Hazards: 0
INFO 13:27:48.728568 Turn: 44, Snakes Alive: [Rule-based agent], Food: 11, Hazards: 0
INFO 13:27:48.730080 Turn: 45, Snakes Alive: [Rule-based agent], Food: 11, Hazards: 0
INFO 13:27:48.731610 Turn: 46, Snakes Alive: [Rule-based agent], Food: 12, Hazards: 0
INFO 13:27:48.733142 Turn: 47, Snakes Alive: [Rule-based agent], Food: 12, Hazards: 0
INFO 13:27:48.734649 Turn: 48, Snakes Alive: [Rule-based agent], Food: 13, Hazards: 0
INFO 13:27:48.736086 Turn: 49, Snakes Alive: [Rule-based agent], Food: 13, Hazards: 0
INFO 13:27:48.737511 Turn: 50, Snakes Alive: [Rule-based agent], Food: 13, Hazards: 0
INFO 13:27:48.739159 Turn: 51, Snakes Alive: [Rule-based agent], Food: 13, Hazards: 0
INFO 13:27:48.740864 Turn: 52, Snakes Alive: [Rule-based agent], Food: 12, Hazards: 0
INFO 13:27:48.742517 Turn: 53, Snakes Alive: [Rule-based agent], Food: 12, Hazards: 0
INFO 13:27:48.743926 Turn: 54, Snakes Alive: [Rule-based agent], Food: 12, Hazards: 0
INFO 13:27:48.745445 Turn: 55, Snakes Alive: [Rule-based agent], Food: 12, Hazards: 0
INFO 13:27:48.747009 Turn: 56, Snakes Alive: [Rule-based agent], Food: 12, Hazards: 0
INFO 13:27:48.748460 Turn: 57, Snakes Alive: [Rule-based agent], Food: 12, Hazards: 0
INFO 13:27:48.749900 Turn: 58, Snakes Alive: [Rule-based agent], Food: 12, Hazards: 0
INFO 13:27:48.751829 Turn: 59, Snakes Alive: [Rule-based agent], Food: 12, Hazards: 0
INFO 13:27:48.753614 Turn: 60, Snakes Alive: [Rule-based agent], Food: 12, Hazards: 0
INFO 13:27:48.755186 Turn: 61, Snakes Alive: [Rule-based agent], Food: 12, Hazards: 0
INFO 13:27:48.756499 Turn: 62, Snakes Alive: [Rule-based agent], Food: 12, Hazards: 0
INFO 13:27:48.758253 Turn: 63, Snakes Alive: [Rule-based agent], Food: 13, Hazards: 0
INFO 13:27:48.760008 Turn: 64, Snakes Alive: [Rule-based agent], Food: 12, Hazards: 0
INFO 13:27:48.761374 Turn: 65, Snakes Alive: [Rule-based agent], Food: 12, Hazards: 0
INFO 13:27:48.762956 Turn: 66, Snakes Alive: [Rule-based agent], Food: 11, Hazards: 0
INFO 13:27:48.764482 Turn: 67, Snakes Alive: [Rule-based agent], Food: 11, Hazards: 0
INFO 13:27:48.766036 Turn: 68, Snakes Alive: [Rule-based agent], Food: 12, Hazards: 0
INFO 13:27:48.767442 Turn: 69, Snakes Alive: [Rule-based agent], Food: 12, Hazards: 0
INFO 13:27:48.769328 Turn: 70, Snakes Alive: [Rule-based agent], Food: 12, Hazards: 0
INFO 13:27:48.770954 Turn: 71, Snakes Alive: [Rule-based agent], Food: 13, Hazards: 0
INFO 13:27:48.772532 Turn: 72, Snakes Alive: [Rule-based agent], Food: 13, Hazards: 0
INFO 13:27:48.774034 Turn: 73, Snakes Alive: [Rule-based agent], Food: 13, Hazards: 0
INFO 13:27:48.775772 Turn: 74, Snakes Alive: [Rule-based agent], Food: 13, Hazards: 0
INFO 13:27:48.777250 Turn: 75, Snakes Alive: [Rule-based agent], Food: 13, Hazards: 0
INFO 13:27:48.778805 Turn: 76, Snakes Alive: [Rule-based agent], Food: 13, Hazards: 0
INFO 13:27:48.780487 Turn: 77, Snakes Alive: [Rule-based agent], Food: 13, Hazards: 0
INFO 13:27:48.782029 Turn: 78, Snakes Alive: [Rule-based agent], Food: 12, Hazards: 0
INFO 13:27:48.783820 Turn: 79, Snakes Alive: [Rule-based agent], Food: 12, Hazards: 0
INFO 13:27:48.785407 Turn: 80, Snakes Alive: [Rule-based agent], Food: 12, Hazards: 0
INFO 13:27:48.787036 Turn: 81, Snakes Alive: [Rule-based agent], Food: 12, Hazards: 0
INFO 13:27:48.789614 Turn: 82, Snakes Alive: [Rule-based agent], Food: 12, Hazards: 0
INFO 13:27:48.791711 Turn: 83, Snakes Alive: [Rule-based agent], Food: 12, Hazards: 0
INFO 13:27:48.793166 Turn: 84, Snakes Alive: [Rule-based agent], Food: 12, Hazards: 0
INFO 13:27:48.794745 Turn: 85, Snakes Alive: [Rule-based agent], Food: 12, Hazards: 0
INFO 13:27:48.796228 Turn: 86, Snakes Alive: [Rule-based agent], Food: 12, Hazards: 0
INFO 13:27:48.797774 Turn: 87, Snakes Alive: [Rule-based agent], Food: 12, Hazards: 0
INFO 13:27:48.799482 Turn: 88, Snakes Alive: [Rule-based agent], Food: 12, Hazards: 0
INFO 13:27:48.800939 Turn: 89, Snakes Alive: [Rule-based agent], Food: 12, Hazards: 0
INFO 13:27:48.802684 Turn: 90, Snakes Alive: [Rule-based agent], Food: 12, Hazards: 0
INFO 13:27:48.804260 Turn: 91, Snakes Alive: [Rule-based agent], Food: 12, Hazards: 0
INFO 13:27:48.805720 Turn: 92, Snakes Alive: [Rule-based agent], Food: 12, Hazards: 0
INFO 13:27:48.807527 Turn: 93, Snakes Alive: [Rule-based agent], Food: 12, Hazards: 0
INFO 13:27:48.809235 Turn: 94, Snakes Alive: [Rule-based agent], Food: 12, Hazards: 0
INFO 13:27:48.810830 Turn: 95, Snakes Alive: [Rule-based agent], Food: 12, Hazards: 0
INFO 13:27:48.812425 Turn: 96, Snakes Alive: [Rule-based agent], Food: 13, Hazards: 0
INFO 13:27:48.814016 Turn: 97, Snakes Alive: [Rule-based agent], Food: 13, Hazards: 0
INFO 13:27:48.817352 Turn: 98, Snakes Alive: [Rule-based agent], Food: 13, Hazards: 0
INFO 13:27:48.819037 Turn: 99, Snakes Alive: [Rule-based agent], Food: 13, Hazards: 0
INFO 13:27:48.820692 Turn: 100, Snakes Alive: [Rule-based agent], Food: 13, Hazards: 0
INFO 13:27:48.822275 Turn: 101, Snakes Alive: [Rule-based agent], Food: 13, Hazards: 0
INFO 13:27:48.823983 Turn: 102, Snakes Alive: [Rule-based agent], Food: 13, Hazards: 0
INFO 13:27:48.825670 Turn: 103, Snakes Alive: [Rule-based agent], Food: 13, Hazards: 0
INFO 13:27:48.827119 Turn: 104, Snakes Alive: [Rule-based agent], Food: 13, Hazards: 0
INFO 13:27:48.828627 Turn: 105, Snakes Alive: [Rule-based agent], Food: 13, Hazards: 0
INFO 13:27:48.830087 Turn: 106, Snakes Alive: [Rule-based agent], Food: 13, Hazards: 0
INFO 13:27:48.831657 Turn: 107, Snakes Alive: [Rule-based agent], Food: 13, Hazards: 0
INFO 13:27:48.833181 Turn: 108, Snakes Alive: [Rule-based agent], Food: 13, Hazards: 0
INFO 13:27:48.834840 Turn: 109, Snakes Alive: [Rule-based agent], Food: 13, Hazards: 0
INFO 13:27:48.836493 Turn: 110, Snakes Alive: [Rule-based agent], Food: 13, Hazards: 0
INFO 13:27:48.837999 Turn: 111, Snakes Alive: [Rule-based agent], Food: 12, Hazards: 0
INFO 13:27:48.839646 Turn: 112, Snakes Alive: [Rule-based agent], Food: 12, Hazards: 0
INFO 13:27:48.841449 Turn: 113, Snakes Alive: [Rule-based agent], Food: 12, Hazards: 0
INFO 13:27:48.843044 Turn: 114, Snakes Alive: [Rule-based agent], Food: 12, Hazards: 0
INFO 13:27:48.844517 Turn: 115, Snakes Alive: [Rule-based agent], Food: 12, Hazards: 0
INFO 13:27:48.846092 Turn: 116, Snakes Alive: [Rule-based agent], Food: 12, Hazards: 0
INFO 13:27:48.847635 Turn: 117, Snakes Alive: [Rule-based agent], Food: 12, Hazards: 0
INFO 13:27:48.849077 Turn: 118, Snakes Alive: [Rule-based agent], Food: 12, Hazards: 0
INFO 13:27:48.850891 Turn: 119, Snakes Alive: [Rule-based agent], Food: 12, Hazards: 0
INFO 13:27:48.852528 Turn: 120, Snakes Alive: [Rule-based agent], Food: 13, Hazards: 0
INFO 13:27:48.854143 Turn: 121, Snakes Alive: [Rule-based agent], Food: 13, Hazards: 0
INFO 13:27:48.855875 Turn: 122, Snakes Alive: [Rule-based agent], Food: 13, Hazards: 0
INFO 13:27:48.857612 Turn: 123, Snakes Alive: [Rule-based agent], Food: 13, Hazards: 0
INFO 13:27:48.859308 Turn: 124, Snakes Alive: [Rule-based agent], Food: 13, Hazards: 0
INFO 13:27:48.860878 Turn: 125, Snakes Alive: [Rule-based agent], Food: 13, Hazards: 0
INFO 13:27:48.862372 Turn: 126, Snakes Alive: [Rule-based agent], Food: 13, Hazards: 0
INFO 13:27:48.864093 Turn: 127, Snakes Alive: [Rule-based agent], Food: 13, Hazards: 0
INFO 13:27:48.865669 Turn: 128, Snakes Alive: [Rule-based agent], Food: 13, Hazards: 0
INFO 13:27:48.867196 Turn: 129, Snakes Alive: [Rule-based agent], Food: 13, Hazards: 0
INFO 13:27:48.868825 Turn: 130, Snakes Alive: [Rule-based agent], Food: 13, Hazards: 0
INFO 13:27:48.870447 Turn: 131, Snakes Alive: [Rule-based agent], Food: 13, Hazards: 0
INFO 13:27:48.872013 Turn: 132, Snakes Alive: [Rule-based agent], Food: 13, Hazards: 0
INFO 13:27:48.873641 Turn: 133, Snakes Alive: [Rule-based agent], Food: 12, Hazards: 0
INFO 13:27:48.875079 Turn: 134, Snakes Alive: [], Food: 12, Hazards: 0
INFO 13:27:48.876372 Game completed after 135 turns.
INFO 13:27:48.991287 Snake ID: 1d099cef-1e45-473d-96f1-58ab0e6cca74 URL: http://127.0.0.1:41103, Name: "Rule-based agent"
INFO 13:27:48.992861 Ruleset: solo, Seed: 111
INFO 13:27:48.992895 Turn: 0, Snakes Alive: [Rule-based agent], Food: 2, Hazards: 0
INFO 13:27:49.004557 Turn: 1, Snakes Alive: [Rule-based agent], Food: 2, Hazards: 0
INFO 13:27:49.005994 Turn: 2, Snakes Alive: [Rule-based agent], Food: 3, Hazards: 0
INFO 13:27:49.007715 Turn: 3, Snakes Alive: [Rule-based agent], Food: 4, Hazards: 0
INFO 13:27:49.009122 Turn: 4, Snakes Alive: [Rule-based agent], Food: 4, Hazards: 0
INFO 13:27:49.010463 Turn: 5, Snakes Alive: [Rule-based agent], Food: 4, Hazards: 0
INFO 13:27:49.011882 Turn: 6, Snakes Alive: [Rule-based agent], Food: 5, Hazards: 0
INFO 13:27:49.013242 Turn: 7, Snakes Alive: [Rule-based agent], Food: 5, Hazards: 0
INFO 13:27:49.014825 Turn: 8, Snakes Alive: [Rule-based agent], Food: 5, Hazards: 0
INFO 13:27:49.016407 Turn: 9, Snakes Alive: [Rule-based agent], Food: 5, Hazards: 0
INFO 13:27:49.017954 Turn: 10, Snakes Alive: [Rule-based agent], Food: 5, Hazards: 0
INFO 13:27:49.019649 Turn: 11, Snakes Alive: [Rule-based agent], Food: 5, Hazards: 0
INFO 13:27:49.020964 Turn: 12, Snakes Alive: [Rule-based agent], Food: 6, Hazards: 0
INFO 13:27:49.022297 Turn: 13, Snakes Alive: [Rule-based agent], Food: 6, Hazards: 0
INFO 13:27:49.023640 Turn: 14, Snakes Alive: [Rule-based agent], Food: 7, Hazards: 0
INFO 13:27:49.025135 Turn: 15, Snakes Alive: [Rule-based agent], Food: 8, Hazards: 0
INFO 13:27:49.026846 Turn: 16, Snakes Alive: [Rule-based agent], Food: 9, Hazards: 0
INFO 13:27:49.028425 Turn: 17, Snakes Alive: [Rule-based agent], Food: 9, Hazards: 0
INFO 13:27:49.029813 Turn: 18, Snakes Alive: [Rule-based agent], Food: 9, Hazards: 0
INFO 13:27:49.031234 Turn: 19, Snakes Alive: [Rule-based agent], Food: 10, Hazards: 0
INFO 13:27:49.032796 Turn: 20, Snakes Alive: [Rule-based agent], Food: 11, Hazards: 0
INFO 13:27:49.034173 Turn: 21, Snakes Alive: [Rule-based agent], Food: 11, Hazards: 0
INFO 13:27:49.035637 Turn: 22, Snakes Alive: [Rule-based agent], Food: 12, Hazards: 0
INFO 13:27:49.037095 Turn: 23, Snakes Alive: [Rule-based agent], Food: 12, Hazards: 0
INFO 13:27:49.038633 Turn: 24, Snakes Alive: [Rule-based agent], Food: 12, Hazards: 0
INFO 13:27:49.040102 Turn: 25, Snakes Alive: [Rule-based agent], Food: 12, Hazards: 0
INFO 13:27:49.042118 Turn: 26, Snakes Alive: [Rule-based agent], Food: 12, Hazards: 0
INFO 13:27:49.043556 Turn: 27, Snakes Alive: [Rule-based agent], Food: 12, Hazards: 0
INFO 13:27:49.044945 Turn: 28, Snakes Alive: [Rule-based agent], Food: 12, Hazards: 0
INFO 13:27:49.046521 Turn: 29, Snakes Alive: [Rule-based agent], Food: 12, Hazards: 0
INFO 13:27:49.048059 Turn: 30, Snakes Alive: [Rule-based agent], Food: 12, Hazards: 0
INFO 13:27:49.049708 Turn: 31, Snakes Alive: [Rule-based agent], Food: 12, Hazards: 0
INFO 13:27:49.051122 Turn: 32, Snakes Alive: [Rule-based agent], Food: 12, Hazards: 0
INFO 13:27:49.052501 Turn: 33, Snakes Alive: [Rule-based agent], Food: 12, Hazards: 0
INFO 13:27:49.053934 Turn: 34, Snakes Alive: [Rule-based agent], Food: 12, Hazards: 0
INFO 13:27:49.055440 Turn: 35, Snakes Alive: [Rule-based agent], Food: 12, Hazards: 0
INFO 13:27:49.056840 Turn: 36, Snakes Alive: [Rule-based agent], Food: 12, Hazards: 0
INFO 13:27:49.058508 Turn: 37, Snakes Alive: [Rule-based agent], Food: 12, Hazards: 0
INFO 13:27:49.060223 Turn: 38, Snakes Alive: [Rule-based agent], Food: 12, Hazards: 0
INFO 13:27:49.061889 Turn: 39, Snakes Alive: [Rule-based agent], Food: 13, Hazards: 0
INFO 13:27:49.063508 Turn: 40, Snakes Alive: [Rule-based agent], Food: 13, Hazards: 0
INFO 13:27:49.065436 Turn: 41, Snakes Alive: [Rule-based agent], Food: 13, Hazards: 0
INFO 13:27:49.067006 Turn: 42, Snakes Alive: [Rule-based agent], Food: 13, Hazards: 0
INFO 13:27:49.068528 Turn: 43, Snakes Alive: [Rule-based agent], Food: 14, Hazards: 0
INFO 13:27:49.070038 Turn: 44, Snakes Alive: [Rule-based agent], Food: 14, Hazards: 0
INFO 13:27:49.072161 Turn: 45, Snakes Alive: [Rule-based agent], Food: 15, Hazards: 0
INFO 13:27:49.073777 Turn: 46, Snakes Alive: [Rule-based agent], Food: 15, Hazards: 0
INFO 13:27:49.076125 Turn: 47, Snakes Alive: [Rule-based agent], Food: 16, Hazards: 0
INFO 13:27:49.077865 Turn: 48, Snakes Alive: [Rule-based agent], Food: 16, Hazards: 0
INFO 13:27:49.079418 Turn: 49, Snakes Alive: [Rule-based agent], Food: 16, Hazards: 0
INFO 13:27:49.080862 Turn: 50, Snakes Alive: [Rule-based agent], Food: 16, Hazards: 0
INFO 13:27:49.082260 Turn: 51, Snakes Alive: [Rule-based agent], Food: 16, Hazards: 0
INFO 13:27:49.084532 Turn: 52, Snakes Alive: [Rule-based agent], Food: 15, Hazards: 0
INFO 13:27:49.085915 Turn: 53, Snakes Alive: [Rule-based agent], Food: 15, Hazards: 0
INFO 13:27:49.087188 Turn: 54, Snakes Alive: [Rule-based agent], Food: 15, Hazards: 0
INFO 13:27:49.088533 Turn: 55, Snakes Alive: [Rule-based agent], Food: 15, Hazards: 0
INFO 13:27:49.090097 Turn: 56, Snakes Alive: [Rule-based agent], Food: 15, Hazards: 0
INFO 13:27:49.091449 Turn: 57, Snakes Alive: [Rule-based agent], Food: 15, Hazards: 0
INFO 13:27:49.093131 Turn: 58, Snakes Alive: [Rule-based agent], Food: 15, Hazards: 0
INFO 13:27:49.094645 Turn: 59, Snakes Alive: [Rule-based agent], Food: 15, Hazards: 0
INFO 13:27:49.096113 Turn: 60, Snakes Alive: [Rule-based agent], Food: 15, Hazards: 0
INFO 13:27:49.097549 Turn: 61, Snakes Alive: [Rule-based agent], Food: 15, Hazards: 0
INFO 13:27:49.099083 Turn: 62, Snakes Alive: [Rule-based agent], Food: 16, Hazards: 0
INFO 13:27:49.100720 Turn: 63, Snakes Alive: [Rule-based agent], Food: 16, Hazards: 0
INFO 13:27:49.102277 Turn: 64, Snakes Alive: [Rule-based agent], Food: 16, Hazards: 0
INFO 13:27:49.104026 Turn: 65, Snakes Alive: [Rule-based agent], Food: 16, Hazards: 0
INFO 13:27:49.105429 Turn: 66, Snakes Alive: [Rule-based agent], Food: 17, Hazards: 0
INFO 13:27:49.106920 Turn: 67, Snakes Alive: [Rule-based agent], Food: 18, Hazards: 0
INFO 13:27:49.108507 Turn: 68, Snakes Alive: [Rule-based agent], Food: 18, Hazards: 0
INFO 13:27:49.110017 Turn: 69, Snakes Alive: [Rule-based agent], Food: 18, Hazards: 0
INFO 13:27:49.111538 Turn: 70, Snakes Alive: [Rule-based agent], Food: 19, Hazards: 0
INFO 13:27:49.112916 Turn: 71, Snakes Alive: [Rule-based agent], Food: 19, Hazards: 0
INFO 13:27:49.115202 Turn: 72, Snakes Alive: [Rule-based agent], Food: 19, Hazards: 0
INFO 13:27:49.117657 Turn: 73, Snakes Alive: [Rule-based agent], Food: 19, Hazards: 0
INFO 13:27:49.119509 Turn: 74, Snakes Alive: [Rule-based agent], Food: 19, Hazards: 0
INFO 13:27:49.121078 Turn: 75, Snakes Alive: [Rule-based agent], Food: 19, Hazards: 0
INFO 13:27:49.122738 Turn: 76, Snakes Alive: [Rule-based agent], Food: 19, Hazards: 0
INFO 13:27:49.124301 Turn: 77, Snakes Alive: [Rule-based agent], Food: 18, Hazards: 0
INFO 13:27:49.125930 Turn: 78, Snakes Alive: [Rule-based agent], Food: 18, Hazards: 0
INFO 13:27:49.127914 Turn: 79, Snakes Alive: [Rule-based agent], Food: 17, Hazards: 0
INFO 13:27:49.129415 Turn: 80, Snakes Alive: [Rule-based agent], Food: 17, Hazards: 0
INFO 13:27:49.130968 Turn: 81, Snakes Alive: [Rule-based agent], Food: 17, Hazards: 0
INFO 13:27:49.132437 Turn: 82, Snakes Alive: [Rule-based agent], Food: 16, Hazards: 0
INFO 13:27:49.133827 Turn: 83, Snakes Alive: [Rule-based agent], Food: 15, Hazards: 0
INFO 13:27:49.135431 Turn: 84, Snakes Alive: [Rule-based agent], Food: 15, Hazards: 0
INFO 13:27:49.136807 Turn: 85, Snakes Alive: [Rule-based agent], Food: 14, Hazards: 0
INFO 13:27:49.138217 Turn: 86, Snakes Alive: [Rule-based agent], Food: 14, Hazards: 0
INFO 13:27:49.139801 Turn: 87, Snakes Alive: [Rule-based agent], Food: 14, Hazards: 0
INFO 13:27:49.141453 Turn: 88, Snakes Alive: [Rule-based agent], Food: 14, Hazards: 0
INFO 13:27:49.143061 Turn: 89, Snakes Alive: [Rule-based agent], Food: 14, Hazards: 0
INFO 13:27:49.144468 Turn: 90, Snakes Alive: [Rule-based agent], Food: 14, Hazards: 0
INFO 13:27:49.145973 Turn: 91, Snakes Alive: [Rule-based agent], Food: 14, Hazards: 0
INFO 13:27:49.147567 Turn: 92, Snakes Alive: [Rule-based agent], Food: 14, Hazards: 0
INFO 13:27:49.149045 Turn: 93, Snakes Alive: [Rule-based agent], Food: 14, Hazards: 0
INFO 13:27:49.150544 Turn: 94, Snakes Alive: [Rule-based agent], Food: 13, Hazards: 0
INFO 13:27:49.152069 Turn: 95, Snakes Alive: [Rule-based agent], Food: 14, Hazards: 0
INFO 13:27:49.153562 Turn: 96, Snakes Alive: [Rule-based agent], Food: 14, Hazards: 0
INFO 13:27:49.155076 Turn: 97, Snakes Alive: [Rule-based agent], Food: 13, Hazards: 0
INFO 13:27:49.156578 Turn: 98, Snakes Alive: [Rule-based agent], Food: 13, Hazards: 0
INFO 13:27:49.158153 Turn: 99, Snakes Alive: [Rule-based agent], Food: 13, Hazards: 0
INFO 13:27:49.159739 Turn: 100, Snakes Alive: [Rule-based agent], Food: 13, Hazards: 0
INFO 13:27:49.161249 Turn: 101, Snakes Alive: [Rule-based agent], Food: 13, Hazards: 0
INFO 13:27:49.162872 Turn: 102, Snakes Alive: [Rule-based agent], Food: 13, Hazards: 0
INFO 13:27:49.164564 Turn: 103, Snakes Alive: [Rule-based agent], Food: 13, Hazards: 0
INFO 13:27:49.166164 Turn: 104, Snakes Alive: [Rule-based agent], Food: 13, Hazards: 0
INFO 13:27:49.167704 Turn: 105, Snakes Alive: [Rule-based agent], Food: 13, Hazards: 0
INFO 13:27:49.169246 Turn: 106, Snakes Alive: [Rule-based agent], Food: 13, Hazards: 0
INFO 13:27:49.170846 Turn: 107, Snakes Alive: [Rule-based agent], Food: 13, Hazards: 0
INFO 13:27:49.172313 Turn: 108, Snakes Alive: [Rule-based agent], Food: 13, Hazards: 0
INFO 13:27:49.173750 Turn: 109, Snakes Alive: [Rule-based agent], Food: 13, Hazards: 0
INFO 13:27:49.175357 Turn: 110, Snakes Alive: [Rule-based agent], Food: 13, Hazards: 0
INFO 13:27:49.176926 Turn: 111, Snakes Alive: [Rule-based agent], Food: 13, Hazards: 0
INFO 13:27:49.178354 Turn: 112, Snakes Alive: [Rule-based agent], Food: 13, Hazards: 0
INFO 13:27:49.179772 Turn: 113, Snakes Alive: [Rule-based agent], Food: 13, Hazards: 0
INFO 13:27:49.181566 Turn: 114, Snakes Alive: [Rule-based agent], Food: 13, Hazards: 0
INFO 13:27:49.183222 Turn: 115, Snakes Alive: [Rule-based agent], Food: 13, Hazards: 0
INFO 13:27:49.184756 Turn: 116, Snakes Alive: [Rule-based agent], Food: 13, Hazards: 0
INFO 13:27:49.186576 Turn: 117, Snakes Alive: [Rule-based agent], Food: 13, Hazards: 0
INFO 13:27:49.188010 Turn: 118, Snakes Alive: [Rule-based agent], Food: 13, Hazards: 0
INFO 13:27:49.189478 Turn: 119, Snakes Alive: [Rule-based agent], Food: 14, Hazards: 0
INFO 13:27:49.191146 Turn: 120, Snakes Alive: [Rule-based agent], Food: 14, Hazards: 0
INFO 13:27:49.193020 Turn: 121, Snakes Alive: [Rule-based agent], Food: 14, Hazards: 0
INFO 13:27:49.194593 Turn: 122, Snakes Alive: [Rule-based agent], Food: 13, Hazards: 0
INFO 13:27:49.196112 Turn: 123, Snakes Alive: [Rule-based agent], Food: 13, Hazards: 0
INFO 13:27:49.197675 Turn: 124, Snakes Alive: [Rule-based agent], Food: 13, Hazards: 0
INFO 13:27:49.199232 Turn: 125, Snakes Alive: [Rule-based agent], Food: 13, Hazards: 0
INFO 13:27:49.200762 Turn: 126, Snakes Alive: [Rule-based agent], Food: 13, Hazards: 0
INFO 13:27:49.202340 Turn: 127, Snakes Alive: [Rule-based agent], Food: 13, Hazards: 0
INFO 13:27:49.203867 Turn: 128, Snakes Alive: [Rule-based agent], Food: 13, Hazards: 0
INFO 13:27:49.205466 Turn: 129, Snakes Alive: [Rule-based agent], Food: 13, Hazards: 0
INFO 13:27:49.207054 Turn: 130, Snakes Alive: [Rule-based agent], Food: 13, Hazards: 0
INFO 13:27:49.208623 Turn: 131, Snakes Alive: [Rule-based agent], Food: 13, Hazards: 0
INFO 13:27:49.209959 Turn: 132, Snakes Alive: [], Food: 13, Hazards: 0
INFO 13:27:49.211170 Game completed after 133 turns.
INFO 13:27:49.336355 Snake ID: c107d7dc-c490-41ae-8a09-8715ed6e56e8 URL: http://127.0.0.1:41103, Name: "Rule-based agent"
INFO 13:27:49.338297 Ruleset: solo, Seed: 112
INFO 13:27:49.338316 Turn: 0, Snakes Alive: [Rule-based agent], Food: 2, Hazards: 0
INFO 13:27:49.350482 Turn: 1, Snakes Alive: [Rule-based agent], Food: 3, Hazards: 0
INFO 13:27:49.352187 Turn: 2, Snakes Alive: [Rule-based agent], Food: 4, Hazards: 0
INFO 13:27:49.353691 Turn: 3, Snakes Alive: [Rule-based agent], Food: 4, Hazards: 0
INFO 13:27:49.355117 Turn: 4, Snakes Alive: [Rule-based agent], Food: 4, Hazards: 0
INFO 13:27:49.356510 Turn: 5, Snakes Alive: [Rule-based agent], Food: 5, Hazards: 0
INFO 13:27:49.358019 Turn: 6, Snakes Alive: [Rule-based agent], Food: 5, Hazards: 0
INFO 13:27:49.359688 Turn: 7, Snakes Alive: [Rule-based agent], Food: 5, Hazards: 0
INFO 13:27:49.361038 Turn: 8, Snakes Alive: [Rule-based agent], Food: 5, Hazards: 0
INFO 13:27:49.362559 Turn: 9, Snakes Alive: [Rule-based agent], Food: 5, Hazards: 0
INFO 13:27:49.364026 Turn: 10, Snakes Alive: [Rule-based agent], Food: 4, Hazards: 0
INFO 13:27:49.365483 Turn: 11, Snakes Alive: [Rule-based agent], Food: 5, Hazards: 0
INFO 13:27:49.366967 Turn: 12, Snakes Alive: [Rule-based agent], Food: 5, Hazards: 0
INFO 13:27:49.368510 Turn: 13, Snakes Alive: [Rule-based agent], Food: 6, Hazards: 0
INFO 13:27:49.369920 Turn: 14, Snakes Alive: [Rule-based agent], Food: 7, Hazards: 0
INFO 13:27:49.371292 Turn: 15, Snakes Alive: [Rule-based agent], Food: 8, Hazards: 0
INFO 13:27:49.372681 Turn: 16, Snakes Alive: [Rule-based agent], Food: 8, Hazards: 0
INFO 13:27:49.374235 Turn: 17, Snakes Alive: [Rule-based agent], Food: 8, Hazards: 0
INFO 13:27:49.375741 Turn: 18, Snakes Alive: [Rule-based agent], Food: 9, Hazards: 0
INFO 13:27:49.377187 Turn: 19, Snakes Alive: [Rule-based agent], Food: 10, Hazards: 0
INFO 13:27:49.378648 Turn: 20, Snakes Alive: [Rule-based agent], Food: 10, Hazards: 0
INFO 13:27:49.380235 Turn: 21, Snakes Alive: [Rule-based agent], Food: 11, Hazards: 0
INFO 13:27:49.381582 Turn: 22, Snakes Alive: [Rule-based agent], Food: 11, Hazards: 0
INFO 13:27:49.383193 Turn: 23, Snakes Alive: [Rule-based agent], Food: 10, Hazards: 0
INFO 13:27:49.384580 Turn: 24, Snakes Alive: [Rule-based agent], Food: 10, Hazards: 0
INFO 13:27:49.386023 Turn: 25, Snakes Alive: [Rule-based agent], Food: 9, Hazards: 0
INFO 13:27:49.387378 Turn: 26, Snakes Alive: [Rule-based agent], Food: 9, Hazards: 0
INFO 13:27:49.388734 Turn: 27, Snakes Alive: [Rule-based agent], Food: 9, Hazards: 0
INFO 13:27:49.390154 Turn: 28, Snakes Alive: [Rule-based agent], Food: 8, Hazards: 0
INFO 13:27:49.392156 Turn: 29, Snakes Alive: [Rule-based agent], Food: 8, Hazards: 0
INFO 13:27:49.393601 Turn: 30, Snakes Alive: [Rule-based agent], Food: 8, Hazards: 0
INFO 13:27:49.395144 Turn: 31, Snakes Alive: [Rule-based agent], Food: 8, Hazards: 0
INFO 13:27:49.396672 Turn: 32, Snakes Alive: [Rule-based agent], Food: 8, Hazards: 0
INFO 13:27:49.398186 Turn: 33, Snakes Alive: [Rule-based agent], Food: 8, Hazards: 0
INFO 13:27:49.399767 Turn: 34, Snakes Alive: [Rule-based agent], Food: 8, Hazards: 0
INFO 13:27:49.401133 Turn: 35, Snakes Alive: [Rule-based agent], Food: 8, Hazards: 0
INFO 13:27:49.402683 Turn: 36, Snakes Alive: [Rule-based agent], Food: 8, Hazards: 0
INFO 13:27:49.404130 Turn: 37, Snakes Alive: [Rule-based agent], Food: 7, Hazards: 0
INFO 13:27:49.405684 Turn: 38, Snakes Alive: [Rule-based agent], Food: 8, Hazards: 0
INFO 13:27:49.407314 Turn: 39, Snakes Alive: [Rule-based agent], Food: 8, Hazards: 0
INFO 13:27:49.408944 Turn: 40, Snakes Alive: [Rule-based agent], Food: 8, Hazards: 0
INFO 13:27:49.410325 Turn: 41, Snakes Alive: [Rule-based agent], Food: 8, Hazards: 0
INFO 13:27:49.411749 Turn: 42, Snakes Alive: [Rule-based agent], Food: 9, Hazards: 0
INFO 13:27:49.413226 Turn: 43, Snakes Alive: [Rule-based agent], Food: 9, Hazards: 0
INFO 13:27:49.414826 Turn: 44, Snakes Alive: [Rule-based agent], Food: 10, Hazards: 0
INFO 13:27:49.416389 Turn: 45, Snakes Alive: [Rule-based agent], Food: 10, Hazards: 0
INFO 13:27:49.417953 Turn: 46, Snakes Alive: [Rule-based agent], Food: 11, Hazards: 0
INFO 13:27:49.419503 Turn: 47, Snakes Alive: [Rule-based agent], Food: 11, Hazards: 0
INFO 13:27:49.421068 Turn: 48, Snakes Alive: [Rule-based agent], Food: 11, Hazards: 0
INFO 13:27:49.422588 Turn: 49, Snakes Alive: [Rule-based agent], Food: 10, Hazards: 0
INFO 13:27:49.424216 Turn: 50, Snakes Alive: [Rule-based agent], Food: 10, Hazards: 0
INFO 13:27:49.425769 Turn: 51, Snakes Alive: [Rule-based agent], Food: 10, Hazards: 0
INFO 13:27:49.427304 Turn: 52, Snakes Alive: [Rule-based agent], Food: 10, Hazards: 0
INFO 13:27:49.428847 Turn: 53, Snakes Alive: [Rule-based agent], Food: 10, Hazards: 0
INFO 13:27:49.430461 Turn: 54, Snakes Alive: [Rule-based agent], Food: 10, Hazards: 0
INFO 13:27:49.431904 Turn: 55, Snakes Alive: [Rule-based agent], Food: 10, Hazards: 0
INFO 13:27:49.433749 Turn: 56, Snakes Alive: [Rule-based agent], Food: 9, Hazards: 0
INFO 13:27:49.435246 Turn: 57, Snakes Alive: [Rule-based agent], Food: 8, Hazards: 0
INFO 13:27:49.436815 Turn: 58, Snakes Alive: [Rule-based agent], Food: 8, Hazards: 0
INFO 13:27:49.438428 Turn: 59, Snakes Alive: [Rule-based agent], Food: 8, Hazards: 0
INFO 13:27:49.440017 Turn: 60, Snakes Alive: [Rule-based agent], Food: 8, Hazards: 0
INFO 13:27:49.441882 Turn: 61, Snakes Alive: [Rule-based agent], Food: 9, Hazards: 0
INFO 13:27:49.443300 Turn: 62, Snakes Alive: [Rule-based agent], Food: 9, Hazards: 0
INFO 13:27:49.444769 Turn: 63, Snakes Alive: [Rule-based agent], Food: 9, Hazards: 0
INFO 13:27:49.446118 Turn: 64, Snakes Alive: [Rule-based agent], Food: 9, Hazards: 0
INFO 13:27:49.447581 Turn: 65, Snakes Alive: [Rule-based agent], Food: 10, Hazards: 0
INFO 13:27:49.448992 Turn: 66, Snakes Alive: [Rule-based agent], Food: 10, Hazards: 0
INFO 13:27:49.450721 Turn: 67, Snakes Alive: [Rule-based agent], Food: 10, Hazards: 0
INFO 13:27:49.452182 Turn: 68, Snakes Alive: [Rule-based agent], Food: 10, Hazards: 0
INFO 13:27:49.453556 Turn: 69, Snakes Alive: [Rule-based agent], Food: 11, Hazards: 0
INFO 13:27:49.455152 Turn: 70, Snakes Alive: [Rule-based agent], Food: 11, Hazards: 0
INFO 13:27:49.456629 Turn: 71, Snakes Alive: [Rule-based agent], Food: 11, Hazards: 0
INFO 13:27:49.458472 Turn: 72, Snakes Alive: [Rule-based agent], Food: 10, Hazards: 0
INFO 13:27:49.459862 Turn: 73, Snakes Alive: [Rule-based agent], Food: 10, Hazards: 0
INFO 13:27:49.461190 Turn: 74, Snakes Alive: [Rule-based agent], Food: 10, Hazards: 0
INFO 13:27:49.462610 Turn: 75, Snakes Alive: [Rule-based agent], Food: 10, Hazards: 0
INFO 13:27:49.464026 Turn: 76, Snakes Alive: [Rule-based agent], Food: 10, Hazards: 0
INFO 13:27:49.466590 Turn: 77, Snakes Alive: [Rule-based agent], Food: 10, Hazards: 0
INFO 13:27:49.468091 Turn: 78, Snakes Alive: [Rule-based agent], Food: 10, Hazards: 0
INFO 13:27:49.469655 Turn: 79, Snakes Alive: [Rule-based agent], Food: 10, Hazards: 0
INFO 13:27:49.471223 Turn: 80, Snakes Alive: [Rule-based agent], Food: 10, Hazards: 0
INFO 13:27:49.472692 Turn: 81, Snakes Alive: [Rule-based agent], Food: 10, Hazards: 0
INFO 13:27:49.474205 Turn: 82, Snakes Alive: [Rule-based agent], Food: 10, Hazards: 0
INFO 13:27:49.476000 Turn: 83, Snakes Alive: [Rule-based agent], Food: 10, Hazards: 0
INFO 13:27:49.477480 Turn: 84, Snakes Alive: [Rule-based agent], Food: 9, Hazards: 0
INFO 13:27:49.479088 Turn: 85, Snakes Alive: [Rule-based agent], Food: 9, Hazards: 0
INFO 13:27:49.480713 Turn: 86, Snakes Alive: [Rule-based agent], Food: 9, Hazards: 0
INFO 13:27:49.482265 Turn: 87, Snakes Alive: [Rule-based agent], Food: 9, Hazards: 0
INFO 13:27:49.483847 Turn: 88, Snakes Alive: [Rule-based agent], Food: 9, Hazards: 0
INFO 13:27:49.485395 Turn: 89, Snakes Alive: [Rule-based agent], Food: 9, Hazards: 0
INFO 13:27:49.486951 Turn: 90, Snakes Alive: [Rule-based agent], Food: 9, Hazards: 0
INFO 13:27:49.488552 Turn: 91, Snakes Alive: [Rule-based agent], Food: 9, Hazards: 0
INFO 13:27:49.490120 Turn: 92, Snakes Alive: [Rule-based agent], Food: 9, Hazards: 0
INFO 13:27:49.491858 Turn: 93, Snakes Alive: [Rule-based agent], Food: 9, Hazards: 0
INFO 13:27:49.493444 Turn: 94, Snakes Alive: [Rule-based agent], Food: 10, Hazards: 0
INFO 13:27:49.494983 Turn: 95, Snakes Alive: [Rule-based agent], Food: 10, Hazards: 0
INFO 13:27:49.496704 Turn: 96, Snakes Alive: [Rule-based agent], Food: 10, Hazards: 0
INFO 13:27:49.498187 Turn: 97, Snakes Alive: [Rule-based agent], Food: 10, Hazards: 0
INFO 13:27:49.499671 Turn: 98, Snakes Alive: [Rule-based agent], Food: 10, Hazards: 0
INFO 13:27:49.501403 Turn: 99, Snakes Alive: [Rule-based agent], Food: 10, Hazards: 0
INFO 13:27:49.503016 Turn: 100, Snakes Alive: [Rule-based agent], Food: 10, Hazards: 0
INFO 13:27:49.504554 Turn: 101, Snakes Alive: [Rule-based agent], Food: 10, Hazards: 0
INFO 13:27:49.506094 Turn: 102, Snakes Alive: [Rule-based agent], Food: 10, Hazards: 0
INFO 13:27:49.507782 Turn: 103, Snakes Alive: [Rule-based agent], Food: 10, Hazards: 0
INFO 13:27:49.509545 Turn: 104, Snakes Alive: [Rule-based agent], Food: 10, Hazards: 0
INFO 13:27:49.511029 Turn: 105, Snakes Alive: [Rule-based agent], Food: 10, Hazards: 0
INFO 13:27:49.512918 Turn: 106, Snakes Alive: [Rule-based agent], Food: 10, Hazards: 0
INFO 13:27:49.514348 Turn: 107, Snakes Alive: [Rule-based agent], Food: 10, Hazards: 0
INFO 13:27:49.515842 Turn: 108, Snakes Alive: [Rule-based agent], Food: 10, Hazards: 0
INFO 13:27:49.517391 Turn: 109, Snakes Alive: [Rule-based agent], Food: 10, Hazards: 0
INFO 13:27:49.518923 Turn: 110, Snakes Alive: [Rule-based agent], Food: 10, Hazards: 0
INFO 13:27:49.520295 Turn: 111, Snakes Alive: [Rule-based agent], Food: 10, Hazards: 0
INFO 13:27:49.521689 Turn: 112, Snakes Alive: [Rule-based agent], Food: 10, Hazards: 0
INFO 13:27:49.523170 Turn: 113, Snakes Alive: [Rule-based agent], Food: 10, Hazards: 0
INFO 13:27:49.524686 Turn: 114, Snakes Alive: [Rule-based agent], Food: 10, Hazards: 0
INFO 13:27:49.526227 Turn: 115, Snakes Alive: [], Food: 10, Hazards: 0
INFO 13:27:49.527600 Game completed after 116 turns.
INFO 13:27:49.641928 Snake ID: 67d1b991-76d6-4aef-ad5d-94f3f421ec54 URL: http://127.0.0.1:41103, Name: "Rule-based agent"
INFO 13:27:49.644150 Ruleset: solo, Seed: 113
INFO 13:27:49.644185 Turn: 0, Snakes Alive: [Rule-based agent], Food: 2, Hazards: 0
INFO 13:27:49.655950 Turn: 1, Snakes Alive: [Rule-based agent], Food: 3, Hazards: 0
INFO 13:27:49.657682 Turn: 2, Snakes Alive: [Rule-based agent], Food: 2, Hazards: 0
INFO 13:27:49.659182 Turn: 3, Snakes Alive: [Rule-based agent], Food: 2, Hazards: 0
INFO 13:27:49.660578 Turn: 4, Snakes Alive: [Rule-based agent], Food: 3, Hazards: 0
INFO 13:27:49.661897 Turn: 5, Snakes Alive: [Rule-based agent], Food: 3, Hazards: 0
INFO 13:27:49.663409 Turn: 6, Snakes Alive: [Rule-based agent], Food: 3, Hazards: 0
INFO 13:27:49.664826 Turn: 7, Snakes Alive: [Rule-based agent], Food: 3, Hazards: 0
INFO 13:27:49.666400 Turn: 8, Snakes Alive: [Rule-based agent], Food: 2, Hazards: 0
INFO 13:27:49.667845 Turn: 9, Snakes Alive: [Rule-based agent], Food: 2, Hazards: 0
INFO 13:27:49.669427 Turn: 10, Snakes Alive: [Rule-based agent], Food: 3, Hazards: 0
INFO 13:27:49.670797 Turn: 11, Snakes Alive: [Rule-based agent], Food: 3, Hazards: 0
INFO 13:27:49.672146 Turn: 12, Snakes Alive: [Rule-based agent], Food: 4, Hazards: 0
INFO 13:27:49.673485 Turn: 13, Snakes Alive: [Rule-based agent], Food: 5, Hazards: 0
INFO 13:27:49.675108 Turn: 14, Snakes Alive: [Rule-based agent], Food: 6, Hazards: 0
INFO 13:27:49.676732 Turn: 15, Snakes Alive: [Rule-based agent], Food: 6, Hazards: 0
INFO 13:27:49.678144 Turn: 16, Snakes Alive: [Rule-based agent], Food: 6, Hazards: 0
INFO 13:27:49.679595 Turn: 17, Snakes Alive: [Rule-based agent], Food: 7, Hazards: 0
INFO 13:27:49.681082 Turn: 18, Snakes Alive: [Rule-based agent], Food: 8, Hazards: 0
INFO 13:27:49.682616 Turn: 19, Snakes Alive: [Rule-based agent], Food: 8, Hazards: 0
INFO 13:27:49.684090 Turn: 20, Snakes Alive: [Rule-based agent], Food: 9, Hazards: 0
INFO 13:27:49.685642 Turn: 21, Snakes Alive: [Rule-based agent], Food: 9, Hazards: 0
INFO 13:27:49.687042 Turn: 22, Snakes Alive: [Rule-based agent], Food: 9, Hazards: 0
INFO 13:27:49.688457 Turn: 23, Snakes Alive: [Rule-based agent], Food: 9, Hazards: 0
INFO 13:27:49.689933 Turn: 24, Snakes Alive: [Rule-based agent], Food: 9, Hazards: 0
INFO 13:27:49.691556 Turn: 25, Snakes Alive: [Rule-based agent], Food: 9, Hazards: 0
INFO 13:27:49.693272 Turn: 26, Snakes Alive: [Rule-based agent], Food: 9, Hazards: 0
INFO 13:27:49.694900 Turn: 27, Snakes Alive: [Rule-based agent], Food: 9, Hazards: 0
INFO 13:27:49.696391 Turn: 28, Snakes Alive: [Rule-based agent], Food: 9, Hazards: 0
INFO 13:27:49.697872 Turn: 29, Snakes Alive: [Rule-based agent], Food: 9, Hazards: 0
INFO 13:27:49.699407 Turn: 30, Snakes Alive: [Rule-based agent], Food: 9, Hazards: 0
INFO 13:27:49.701009 Turn: 31, Snakes Alive: [Rule-based agent], Food: 9, Hazards: 0
INFO 13:27:49.702442 Turn: 32, Snakes Alive: [Rule-based agent], Food: 9, Hazards: 0
INFO 13:27:49.703846 Turn: 33, Snakes Alive: [Rule-based agent], Food: 9, Hazards: 0
INFO 13:27:49.708112 Turn: 34, Snakes Alive: [Rule-based agent], Food: 9, Hazards: 0
INFO 13:27:49.709966 Turn: 35, Snakes Alive: [Rule-based agent], Food: 9, Hazards: 0
INFO 13:27:49.711353 Turn: 36, Snakes Alive: [Rule-based agent], Food: 9, Hazards: 0
INFO 13:27:49.713216 Turn: 37, Snakes Alive: [Rule-based agent], Food: 10, Hazards: 0
INFO 13:27:49.714785 Turn: 38, Snakes Alive: [Rule-based agent], Food: 10, Hazards: 0
INFO 13:27:49.716388 Turn: 39, Snakes Alive: [Rule-based agent], Food: 10, Hazards: 0
INFO 13:27:49.717887 Turn: 40, Snakes Alive: [Rule-based agent], Food: 10, Hazards: 0
INFO 13:27:49.719393 Turn: 41, Snakes Alive: [Rule-based agent], Food: 11, Hazards: 0
INFO 13:27:49.720815 Turn: 42, Snakes Alive: [Rule-based agent], Food: 11, Hazards: 0
INFO 13:27:49.722260 Turn: 43, Snakes Alive: [Rule-based agent], Food: 12, Hazards: 0
INFO 13:27:49.723708 Turn: 44, Snakes Alive: [Rule-based agent], Food: 12, Hazards: 0
INFO 13:27:49.725339 Turn: 45, Snakes Alive: [Rule-based agent], Food: 13, Hazards: 0
INFO 13:27:49.726945 Turn: 46, Snakes Alive: [Rule-based agent], Food: 13, Hazards: 0
INFO 13:27:49.728354 Turn: 47, Snakes Alive: [Rule-based agent], Food: 13, Hazards: 0
INFO 13:27:49.729754 Turn: 48, Snakes Alive: [Rule-based agent], Food: 13, Hazards: 0
INFO 13:27:49.731403 Turn: 49, Snakes Alive: [Rule-based agent], Food: 13, Hazards: 0
INFO 13:27:49.732924 Turn: 50, Snakes Alive: [Rule-based agent], Food: 13, Hazards: 0
INFO 13:27:49.734361 Turn: 51, Snakes Alive: [Rule-based agent], Food: 13, Hazards: 0
INFO 13:27:49.735858 Turn: 52, Snakes Alive: [Rule-based agent], Food: 13, Hazards: 0
INFO 13:27:49.737293 Turn: 53, Snakes Alive: [Rule-based agent], Food: 13, Hazards: 0
INFO 13:27:49.738753 Turn: 54, Snakes Alive: [Rule-based agent], Food: 13, Hazards: 0
INFO 13:27:49.740236 Turn: 55, Snakes Alive: [Rule-based agent], Food: 13, Hazards: 0
INFO 13:27:49.741851 Turn: 56, Snakes Alive: [Rule-based agent], Food: 13, Hazards: 0
INFO 13:27:49.743404 Turn: 57, Snakes Alive: [Rule-based agent], Food: 13, Hazards: 0
INFO 13:27:49.744834 Turn: 58, Snakes Alive: [Rule-based agent], Food: 13, Hazards: 0
INFO 13:27:49.746311 Turn: 59, Snakes Alive: [Rule-based agent], Food: 13, Hazards: 0
INFO 13:27:49.747878 Turn: 60, Snakes Alive: [Rule-based agent], Food: 14, Hazards: 0
INFO 13:27:49.749451 Turn: 61, Snakes Alive: [Rule-based agent], Food: 14, Hazards: 0
INFO 13:27:49.750895 Turn: 62, Snakes Alive: [Rule-based agent], Food: 14, Hazards: 0
INFO 13:27:49.752345 Turn: 63, Snakes Alive: [Rule-based agent], Food: 14, Hazards: 0
INFO 13:27:49.753810 Turn: 64, Snakes Alive: [Rule-based agent], Food: 15, Hazards: 0
INFO 13:27:49.755340 Turn: 65, Snakes Alive: [Rule-based agent], Food: 16, Hazards: 0
INFO 13:27:49.756907 Turn: 66, Snakes Alive: [Rule-based agent], Food: 16, Hazards: 0
INFO 13:27:49.758578 Turn: 67, Snakes Alive: [Rule-based agent], Food: 16, Hazards: 0
INFO 13:27:49.760276 Turn: 68, Snakes Alive: [Rule-based agent], Food: 17, Hazards: 0
INFO 13:27:49.761560 Turn: 69, Snakes Alive: [Rule-based agent], Food: 17, Hazards: 0
INFO 13:27:49.762969 Turn: 70, Snakes Alive: [Rule-based agent], Food: 17, Hazards: 0
INFO 13:27:49.764543 Turn: 71, Snakes Alive: [Rule-based agent], Food: 17, Hazards: 0
INFO 13:27:49.766091 Turn: 72, Snakes Alive: [Rule-based agent], Food: 17, Hazards: 0
INFO 13:27:49.767611 Turn: 73, Snakes Alive: [Rule-based agent], Food: 17, Hazards: 0
INFO 13:27:49.769023 Turn: 74, Snakes Alive: [Rule-based agent], Food: 17, Hazards: 0
INFO 13:27:49.770506 Turn: 75, Snakes Alive: [Rule-based agent], Food: 17, Hazards: 0
INFO 13:27:49.771932 Turn: 76, Snakes Alive: [Rule-based agent], Food: 17, Hazards: 0
INFO 13:27:49.773342 Turn: 77, Snakes Alive: [Rule-based agent], Food: 16, Hazards: 0
INFO 13:27:49.774942 Turn: 78, Snakes Alive: [Rule-based agent], Food: 16, Hazards: 0
INFO 13:27:49.776583 Turn: 79, Snakes Alive: [Rule-based agent], Food: 16, Hazards: 0
INFO 13:27:49.779204 Turn: 80, Snakes Alive: [Rule-based agent], Food: 15, Hazards: 0
INFO 13:27:49.780745 Turn: 81, Snakes Alive: [Rule-based agent], Food: 15, Hazards: 0
INFO 13:27:49.782241 Turn: 82, Snakes Alive: [Rule-based agent], Food: 15, Hazards: 0
INFO 13:27:49.783748 Turn: 83, Snakes Alive: [Rule-based agent], Food: 15, Hazards: 0
INFO 13:27:49.785195 Turn: 84, Snakes Alive: [Rule-based agent], Food: 15, Hazards: 0
INFO 13:27:49.786780 Turn: 85, Snakes Alive: [Rule-based agent], Food: 15, Hazards: 0
INFO 13:27:49.788349 Turn: 86, Snakes Alive: [Rule-based agent], Food: 15, Hazards: 0
INFO 13:27:49.789795 Turn: 87, Snakes Alive: [Rule-based agent], Food: 15, Hazards: 0
INFO 13:27:49.791368 Turn: 88, Snakes Alive: [Rule-based agent], Food: 14, Hazards: 0
INFO 13:27:49.793037 Turn: 89, Snakes Alive: [Rule-based agent], Food: 14, Hazards: 0
INFO 13:27:49.794384 Turn: 90, Snakes Alive: [Rule-based agent], Food: 14, Hazards: 0
INFO 13:27:49.795851 Turn: 91, Snakes Alive: [Rule-based agent], Food: 14, Hazards: 0
INFO 13:27:49.797552 Turn: 92, Snakes Alive: [Rule-based agent], Food: 14, Hazards: 0
INFO 13:27:49.799173 Turn: 93, Snakes Alive: [Rule-based agent], Food: 15, Hazards: 0
INFO 13:27:49.800710 Turn: 94, Snakes Alive: [Rule-based agent], Food: 15, Hazards: 0
INFO 13:27:49.802215 Turn: 95, Snakes Alive: [Rule-based agent], Food: 15, Hazards: 0
INFO 13:27:49.803756 Turn: 96, Snakes Alive: [Rule-based agent], Food: 14, Hazards: 0
INFO 13:27:49.805267 Turn: 97, Snakes Alive: [Rule-based agent], Food: 14, Hazards: 0
INFO 13:27:49.806826 Turn: 98, Snakes Alive: [Rule-based agent], Food: 14, Hazards: 0
INFO 13:27:49.808489 Turn: 99, Snakes Alive: [Rule-based agent], Food: 14, Hazards: 0
INFO 13:27:49.810169 Turn: 100, Snakes Alive: [Rule-based agent], Food: 14, Hazards: 0
INFO 13:27:49.811589 Turn: 101, Snakes Alive: [Rule-based agent], Food: 14, Hazards: 0
INFO 13:27:49.812959 Turn: 102, Snakes Alive: [Rule-based agent], Food: 14, Hazards: 0
INFO 13:27:49.814519 Turn: 103, Snakes Alive: [Rule-based agent], Food: 14, Hazards: 0
INFO 13:27:49.816248 Turn: 104, Snakes Alive: [Rule-based agent], Food: 14, Hazards: 0
INFO 13:27:49.817679 Turn: 105, Snakes Alive: [Rule-based agent], Food: 14, Hazards: 0
INFO 13:27:49.819242 Turn: 106, Snakes Alive: [Rule-based agent], Food: 13, Hazards: 0
INFO 13:27:49.820796 Turn: 107, Snakes Alive: [Rule-based agent], Food: 13, Hazards: 0
INFO 13:27:49.822329 Turn: 108, Snakes Alive: [Rule-based agent], Food: 13, Hazards: 0
INFO 13:27:49.823892 Turn: 109, Snakes Alive: [Rule-based agent], Food: 13, Hazards: 0
INFO 13:27:49.825695 Turn: 110, Snakes Alive: [Rule-based agent], Food: 13, Hazards: 0
INFO 13:27:49.827173 Turn: 111, Snakes Alive: [Rule-based agent], Food: 13, Hazards: 0
INFO 13:27:49.828709 Turn: 112, Snakes Alive: [Rule-based agent], Food: 13, Hazards: 0
INFO 13:27:49.830140 Turn: 113, Snakes Alive: [Rule-based agent], Food: 12, Hazards: 0
INFO 13:27:49.831609 Turn: 114, Snakes Alive: [Rule-based agent], Food: 12, Hazards: 0
INFO 13:27:49.832993 Turn: 115, Snakes Alive: [Rule-based agent], Food: 12, Hazards: 0
INFO 13:27:49.834526 Turn: 116, Snakes Alive: [Rule-based agent], Food: 12, Hazards: 0
INFO 13:27:49.836070 Turn: 117, Snakes Alive: [Rule-based agent], Food: 13, Hazards: 0
INFO 13:27:49.837551 Turn: 118, Snakes Alive: [Rule-based agent], Food: 13, Hazards: 0
INFO 13:27:49.839204 Turn: 119, Snakes Alive: [Rule-based agent], Food: 13, Hazards: 0
INFO 13:27:49.840988 Turn: 120, Snakes Alive: [Rule-based agent], Food: 13, Hazards: 0
INFO 13:27:49.842956 Turn: 121, Snakes Alive: [Rule-based agent], Food: 13, Hazards: 0
INFO 13:27:49.844793 Turn: 122, Snakes Alive: [Rule-based agent], Food: 13, Hazards: 0
INFO 13:27:49.846529 Turn: 123, Snakes Alive: [Rule-based agent], Food: 13, Hazards: 0
INFO 13:27:49.848060 Turn: 124, Snakes Alive: [Rule-based agent], Food: 13, Hazards: 0
INFO 13:27:49.849664 Turn: 125, Snakes Alive: [Rule-based agent], Food: 13, Hazards: 0
INFO 13:27:49.851091 Turn: 126, Snakes Alive: [], Food: 13, Hazards: 0
INFO 13:27:49.852308 Game completed after 127 turns.
INFO 13:27:49.999037 Snake ID: 8b178dc5-f900-49a3-b9ec-7c73ddb516b4 URL: http://127.0.0.1:41103, Name: "Rule-based agent"
INFO 13:27:50.000931 Ruleset: solo, Seed: 114
INFO 13:27:50.000958 Turn: 0, Snakes Alive: [Rule-based agent], Food: 2, Hazards: 0
INFO 13:27:50.012565 Turn: 1, Snakes Alive: [Rule-based agent], Food: 2, Hazards: 0
INFO 13:27:50.014302 Turn: 2, Snakes Alive: [Rule-based agent], Food: 2, Hazards: 0
INFO 13:27:50.015748 Turn: 3, Snakes Alive: [Rule-based agent], Food: 3, Hazards: 0
INFO 13:27:50.017178 Turn: 4, Snakes Alive: [Rule-based agent], Food: 3, Hazards: 0
INFO 13:27:50.018965 Turn: 5, Snakes Alive: [Rule-based agent], Food: 3, Hazards: 0
INFO 13:27:50.020501 Turn: 6, Snakes Alive: [Rule-based agent], Food: 3, Hazards: 0
INFO 13:27:50.021976 Turn: 7, Snakes Alive: [Rule-based agent], Food: 3, Hazards: 0
INFO 13:27:50.023440 Turn: 8, Snakes Alive: [Rule-based agent], Food: 2, Hazards: 0
INFO 13:27:50.024995 Turn: 9, Snakes Alive: [Rule-based agent], Food: 3, Hazards: 0
INFO 13:27:50.026536 Turn: 10, Snakes Alive: [Rule-based agent], Food: 3, Hazards: 0
INFO 13:27:50.027809 Turn: 11, Snakes Alive: [Rule-based agent], Food: 4, Hazards: 0
INFO 13:27:50.029161 Turn: 12, Snakes Alive: [Rule-based agent], Food: 5, Hazards: 0
INFO 13:27:50.030700 Turn: 13, Snakes Alive: [Rule-based agent], Food: 6, Hazards: 0
INFO 13:27:50.031966 Turn: 14, Snakes Alive: [Rule-based agent], Food: 6, Hazards: 0
INFO 13:27:50.033401 Turn: 15, Snakes Alive: [Rule-based agent], Food: 6, Hazards: 0
INFO 13:27:50.034978 Turn: 16, Snakes Alive: [Rule-based agent], Food: 7, Hazards: 0
INFO 13:27:50.036350 Turn: 17, Snakes Alive: [Rule-based agent], Food: 8, Hazards: 0
INFO 13:27:50.037639 Turn: 18, Snakes Alive: [Rule-based agent], Food: 8, Hazards: 0
INFO 13:27:50.039132 Turn: 19, Snakes Alive: [Rule-based agent], Food: 9, Hazards: 0
INFO 13:27:50.040468 Turn: 20, Snakes Alive: [Rule-based agent], Food: 9, Hazards: 0
INFO 13:27:50.042348 Turn: 21, Snakes Alive: [Rule-based agent], Food: 9, Hazards: 0
INFO 13:27:50.044063 Turn: 22, Snakes Alive: [Rule-based agent], Food: 9, Hazards: 0
INFO 13:27:50.045369 Turn: 23, Snakes Alive: [Rule-based agent], Food: 9, Hazards: 0
INFO 13:27:50.046870 Turn: 24, Snakes Alive: [Rule-based agent], Food: 9, Hazards: 0
INFO 13:27:50.048348 Turn: 25, Snakes Alive: [Rule-based agent], Food: 9, Hazards: 0
INFO 13:27:50.049854 Turn: 26, Snakes Alive: [Rule-based agent], Food: 9, Hazards: 0
INFO 13:27:50.051297 Turn: 27, Snakes Alive: [Rule-based agent], Food: 8, Hazards: 0
INFO 13:27:50.052763 Turn: 28, Snakes Alive: [Rule-based agent], Food: 8, Hazards: 0
INFO 13:27:50.054137 Turn: 29, Snakes Alive: [Rule-based agent], Food: 8, Hazards: 0
INFO 13:27:50.055580 Turn: 30, Snakes Alive: [Rule-based agent], Food: 8, Hazards: 0
INFO 13:27:50.056979 Turn: 31, Snakes Alive: [Rule-based agent], Food: 8, Hazards: 0
INFO 13:27:50.058489 Turn: 32, Snakes Alive: [Rule-based agent], Food: 8, Hazards: 0
INFO 13:27:50.060080 Turn: 33, Snakes Alive: [Rule-based agent], Food: 8, Hazards: 0
INFO 13:27:50.061395 Turn: 34, Snakes Alive: [Rule-based agent], Food: 8, Hazards: 0
INFO 13:27:50.063309 Turn: 35, Snakes Alive: [Rule-based agent], Food: 8, Hazards: 0
INFO 13:27:50.064899 Turn: 36, Snakes Alive: [Rule-based agent], Food: 9, Hazards: 0
INFO 13:27:50.066439 Turn: 37, Snakes Alive: [Rule-based agent], Food: 9, Hazards: 0
INFO 13:27:50.067891 Turn: 38, Snakes Alive: [Rule-based agent], Food: 8, Hazards: 0
INFO 13:27:50.069413 Turn: 39, Snakes Alive: [Rule-based agent], Food: 8, Hazards: 0
INFO 13:27:50.070886 Turn: 40, Snakes Alive: [Rule-based agent], Food: 9, Hazards: 0
INFO 13:27:50.072307 Turn: 41, Snakes Alive: [Rule-based agent], Food: 9, Hazards: 0
INFO 13:27:50.073810 Turn: 42, Snakes Alive: [Rule-based agent], Food: 10, Hazards: 0
INFO 13:27:50.075247 Turn: 43, Snakes Alive: [Rule-based agent], Food: 10, Hazards: 0
INFO 13:27:50.076726 Turn: 44, Snakes Alive: [Rule-based agent], Food: 11, Hazards: 0
INFO 13:27:50.078082 Turn: 45, Snakes Alive: [Rule-based agent], Food: 11, Hazards: 0
INFO 13:27:50.079606 Turn: 46, Snakes Alive: [Rule-based agent], Food: 11, Hazards: 0
INFO 13:27:50.080984 Turn: 47, Snakes Alive: [Rule-based agent], Food: 11, Hazards: 0
INFO 13:27:50.082423 Turn: 48, Snakes Alive: [Rule-based agent], Food: 11, Hazards: 0
INFO 13:27:50.083973 Turn: 49, Snakes Alive: [Rule-based agent], Food: 11, Hazards: 0
INFO 13:27:50.085416 Turn: 50, Snakes Alive: [Rule-based agent], Food: 11, Hazards: 0
INFO 13:27:50.086909 Turn: 51, Snakes Alive: [Rule-based agent], Food: 11, Hazards: 0
INFO 13:27:50.088324 Turn: 52, Snakes Alive: [Rule-based agent], Food: 11, Hazards: 0
INFO 13:27:50.089692 Turn: 53, Snakes Alive: [Rule-based agent], Food: 11, Hazards: 0
INFO 13:27:50.091340 Turn: 54, Snakes Alive: [Rule-based agent], Food: 11, Hazards: 0
INFO 13:27:50.092903 Turn: 55, Snakes Alive: [Rule-based agent], Food: 11, Hazards: 0
INFO 13:27:50.094119 Turn: 56, Snakes Alive: [Rule-based agent], Food: 11, Hazards: 0
INFO 13:27:50.095456 Turn: 57, Snakes Alive: [Rule-based agent], Food: 10, Hazards: 0
INFO 13:27:50.096982 Turn: 58, Snakes Alive: [Rule-based agent], Food: 10, Hazards: 0
INFO 13:27:50.098426 Turn: 59, Snakes Alive: [Rule-based agent], Food: 11, Hazards: 0
INFO 13:27:50.099833 Turn: 60, Snakes Alive: [Rule-based agent], Food: 10, Hazards: 0
INFO 13:27:50.101211 Turn: 61, Snakes Alive: [Rule-based agent], Food: 10, Hazards: 0
INFO 13:27:50.102664 Turn: 62, Snakes Alive: [Rule-based agent], Food: 10, Hazards: 0
INFO 13:27:50.105812 Turn: 63, Snakes Alive: [Rule-based agent], Food: 11, Hazards: 0
INFO 13:27:50.107504 Turn: 64, Snakes Alive: [Rule-based agent], Food: 12, Hazards: 0
INFO 13:27:50.109444 Turn: 65, Snakes Alive: [Rule-based agent], Food: 11, Hazards: 0
INFO 13:27:50.110880 Turn: 66, Snakes Alive: [Rule-based agent], Food: 11, Hazards: 0
INFO 13:27:50.112321 Turn: 67, Snakes Alive: [Rule-based agent], Food: 12, Hazards: 0
INFO 13:27:50.113856 Turn: 68, Snakes Alive: [Rule-based agent], Food: 12, Hazards: 0
INFO 13:27:50.115311 Turn: 69, Snakes Alive: [Rule-based agent], Food: 12, Hazards: 0
INFO 13:27:50.116879 Turn: 70, Snakes Alive: [Rule-based agent], Food: 12, Hazards: 0
INFO 13:27:50.118419 Turn: 71, Snakes Alive: [Rule-based agent], Food: 12, Hazards: 0
INFO 13:27:50.119845 Turn: 72, Snakes Alive: [Rule-based agent], Food: 12, Hazards: 0
INFO 13:27:50.121130 Turn: 73, Snakes Alive: [Rule-based agent], Food: 12, Hazards: 0
INFO 13:27:50.123247 Turn: 74, Snakes Alive: [Rule-based agent], Food: 12, Hazards: 0
INFO 13:27:50.125536 Turn: 75, Snakes Alive: [Rule-based agent], Food: 12, Hazards: 0
INFO 13:27:50.127253 Turn: 76, Snakes Alive: [Rule-based agent], Food: 12, Hazards: 0
INFO 13:27:50.128787 Turn: 77, Snakes Alive: [Rule-based agent], Food: 12, Hazards: 0
INFO 13:27:50.130365 Turn: 78, Snakes Alive: [Rule-based agent], Food: 12, Hazards: 0
INFO 13:27:50.131833 Turn: 79, Snakes Alive: [Rule-based agent], Food: 12, Hazards: 0
INFO 13:27:50.133237 Turn: 80, Snakes Alive: [Rule-based agent], Food: 12, Hazards: 0
INFO 13:27:50.134736 Turn: 81, Snakes Alive: [Rule-based agent], Food: 12, Hazards: 0
INFO 13:27:50.136120 Turn: 82, Snakes Alive: [Rule-based agent], Food: 12, Hazards: 0
INFO 13:27:50.137508 Turn: 83, Snakes Alive: [], Food: 12, Hazards: 0
INFO 13:27:50.138682 Game completed after 84 turns.
INFO 13:27:50.259212 Snake ID: f8bd2be2-1007-456b-987c-5f8a2123f6a5 URL: http://127.0.0.1:41103, Name: "Rule-based agent"
INFO 13:27:50.261656 Ruleset: solo, Seed: 115
INFO 13:27:50.261684 Turn: 0, Snakes Alive: [Rule-based agent], Food: 2, Hazards: 0
INFO 13:27:50.273688 Turn: 1, Snakes Alive: [Rule-based agent], Food: 2, Hazards: 0
INFO 13:27:50.275440 Turn: 2, Snakes Alive: [Rule-based agent], Food: 2, Hazards: 0
INFO 13:27:50.276893 Turn: 3, Snakes Alive: [Rule-based agent], Food: 2, Hazards: 0
INFO 13:27:50.278241 Turn: 4, Snakes Alive: [Rule-based agent], Food: 2, Hazards: 0
INFO 13:27:50.279694 Turn: 5, Snakes Alive: [Rule-based agent], Food: 2, Hazards: 0
INFO 13:27:50.281081 Turn: 6, Snakes Alive: [Rule-based agent], Food: 2, Hazards: 0
INFO 13:27:50.282714 Turn: 7, Snakes Alive: [Rule-based agent], Food: 2, Hazards: 0
INFO 13:27:50.284196 Turn: 8, Snakes Alive: [Rule-based agent], Food: 3, Hazards: 0
INFO 13:27:50.285802 Turn: 9, Snakes Alive: [Rule-based agent], Food: 3, Hazards: 0
INFO 13:27:50.287360 Turn: 10, Snakes Alive: [Rule-based agent], Food: 4, Hazards: 0
INFO 13:27:50.288694 Turn: 11, Snakes Alive: [Rule-based agent], Food: 5, Hazards: 0
INFO 13:27:50.289955 Turn: 12, Snakes Alive: [Rule-based agent], Food: 5, Hazards: 0
INFO 13:27:50.291486 Turn: 13, Snakes Alive: [Rule-based agent], Food: 5, Hazards: 0
INFO 13:27:50.292932 Turn: 14, Snakes Alive: [Rule-based agent], Food: 4, Hazards: 0
INFO 13:27:50.294256 Turn: 15, Snakes Alive: [Rule-based agent], Food: 5, Hazards: 0
INFO 13:27:50.295758 Turn: 16, Snakes Alive: [Rule-based agent], Food: 6, Hazards: 0
INFO 13:27:50.297217 Turn: 17, Snakes Alive: [Rule-based agent], Food: 6, Hazards: 0
INFO 13:27:50.298662 Turn: 18, Snakes Alive: [Rule-based agent], Food: 7, Hazards: 0
INFO 13:27:50.300054 Turn: 19, Snakes Alive: [Rule-based agent], Food: 7, Hazards: 0
INFO 13:27:50.301610 Turn: 20, Snakes Alive: [Rule-based agent], Food: 7, Hazards: 0
INFO 13:27:50.303079 Turn: 21, Snakes Alive: [Rule-based agent], Food: 7, Hazards: 0
INFO 13:27:50.304452 Turn: 22, Snakes Alive: [Rule-based agent], Food: 7, Hazards: 0
INFO 13:27:50.305728 Turn: 23, Snakes Alive: [Rule-based agent], Food: 7, Hazards: 0
INFO 13:27:50.307281 Turn: 24, Snakes Alive: [Rule-based agent], Food: 7, Hazards: 0
INFO 13:27:50.308871 Turn: 25, Snakes Alive: [Rule-based agent], Food: 7, Hazards: 0
INFO 13:27:50.310302 Turn: 26, Snakes Alive: [Rule-based agent], Food: 7, Hazards: 0
INFO 13:27:50.311556 Turn: 27, Snakes Alive: [Rule-based agent], Food: 7, Hazards: 0
INFO 13:27:50.312959 Turn: 28, Snakes Alive: [Rule-based agent], Food: 7, Hazards: 0
INFO 13:27:50.314427 Turn: 29, Snakes Alive: [Rule-based agent], Food: 7, Hazards: 0
INFO 13:27:50.315904 Turn: 30, Snakes Alive: [Rule-based agent], Food: 7, Hazards: 0
INFO 13:27:50.317365 Turn: 31, Snakes Alive: [Rule-based agent], Food: 6, Hazards: 0
INFO 13:27:50.318922 Turn: 32, Snakes Alive: [Rule-based agent], Food: 6, Hazards: 0
INFO 13:27:50.320311 Turn: 33, Snakes Alive: [Rule-based agent], Food: 6, Hazards: 0
INFO 13:27:50.321723 Turn: 34, Snakes Alive: [Rule-based agent], Food: 6, Hazards: 0
INFO 13:27:50.323135 Turn: 35, Snakes Alive: [Rule-based agent], Food: 7, Hazards: 0
INFO 13:27:50.325264 Turn: 36, Snakes Alive: [Rule-based agent], Food: 6, Hazards: 0
INFO 13:27:50.327153 Turn: 37, Snakes Alive: [Rule-based agent], Food: 6, Hazards: 0
INFO 13:27:50.328590 Turn: 38, Snakes Alive: [Rule-based agent], Food: 5, Hazards: 0
INFO 13:27:50.330334 Turn: 39, Snakes Alive: [Rule-based agent], Food: 5, Hazards: 0
INFO 13:27:50.331857 Turn: 40, Snakes Alive: [Rule-based agent], Food: 5, Hazards: 0
INFO 13:27:50.333369 Turn: 41, Snakes Alive: [Rule-based agent], Food: 6, Hazards: 0
INFO 13:27:50.335037 Turn: 42, Snakes Alive: [Rule-based agent], Food: 6, Hazards: 0
INFO 13:27:50.336639 Turn: 43, Snakes Alive: [Rule-based agent], Food: 7, Hazards: 0
INFO 13:27:50.338014 Turn: 44, Snakes Alive: [Rule-based agent], Food: 7, Hazards: 0
INFO 13:27:50.339457 Turn: 45, Snakes Alive: [Rule-based agent], Food: 7, Hazards: 0
INFO 13:27:50.340883 Turn: 46, Snakes Alive: [Rule-based agent], Food: 7, Hazards: 0
INFO 13:27:50.342635 Turn: 47, Snakes Alive: [Rule-based agent], Food: 7, Hazards: 0
INFO 13:27:50.344050 Turn: 48, Snakes Alive: [Rule-based agent], Food: 7, Hazards: 0
INFO 13:27:50.345445 Turn: 49, Snakes Alive: [Rule-based agent], Food: 7, Hazards: 0
INFO 13:27:50.346989 Turn: 50, Snakes Alive: [Rule-based agent], Food: 7, Hazards: 0
INFO 13:27:50.348197 Turn: 51, Snakes Alive: [], Food: 7, Hazards: 0
INFO 13:27:50.349433 Game completed after 52 turns.
INFO 13:27:50.468393 Snake ID: c0765160-e0da-49d6-ae55-07e5178f34fd URL: http://127.0.0.1:41103, Name: "Rule-based agent"
INFO 13:27:50.470728 Ruleset: solo, Seed: 116
INFO 13:27:50.470759 Turn: 0, Snakes Alive: [Rule-based agent], Food: 2, Hazards: 0
INFO 13:27:50.482081 Turn: 1, Snakes Alive: [Rule-based agent], Food: 3, Hazards: 0
INFO 13:27:50.483851 Turn: 2, Snakes Alive: [Rule-based agent], Food: 2, Hazards: 0
INFO 13:27:50.485218 Turn: 3, Snakes Alive: [Rule-based agent], Food: 2, Hazards: 0
INFO 13:27:50.486667 Turn: 4, Snakes Alive: [Rule-based agent], Food: 2, Hazards: 0
INFO 13:27:50.487998 Turn: 5, Snakes Alive: [Rule-based agent], Food: 2, Hazards: 0
INFO 13:27:50.489569 Turn: 6, Snakes Alive: [Rule-based agent], Food: 2, Hazards: 0
INFO 13:27:50.491074 Turn: 7, Snakes Alive: [Rule-based agent], Food: 3, Hazards: 0
INFO 13:27:50.492653 Turn: 8, Snakes Alive: [Rule-based agent], Food: 3, Hazards: 0
INFO 13:27:50.494019 Turn: 9, Snakes Alive: [Rule-based agent], Food: 4, Hazards: 0
INFO 13:27:50.495456 Turn: 10, Snakes Alive: [Rule-based agent], Food: 5, Hazards: 0
INFO 13:27:50.496949 Turn: 11, Snakes Alive: [Rule-based agent], Food: 6, Hazards: 0
INFO 13:27:50.498320 Turn: 12, Snakes Alive: [Rule-based agent], Food: 6, Hazards: 0
INFO 13:27:50.499875 Turn: 13, Snakes Alive: [Rule-based agent], Food: 6, Hazards: 0
INFO 13:27:50.501299 Turn: 14, Snakes Alive: [Rule-based agent], Food: 7, Hazards: 0
INFO 13:27:50.502932 Turn: 15, Snakes Alive: [Rule-based agent], Food: 8, Hazards: 0
INFO 13:27:50.504527 Turn: 16, Snakes Alive: [Rule-based agent], Food: 8, Hazards: 0
INFO 13:27:50.505823 Turn: 17, Snakes Alive: [Rule-based agent], Food: 9, Hazards: 0
INFO 13:27:50.507489 Turn: 18, Snakes Alive: [Rule-based agent], Food: 9, Hazards: 0
INFO 13:27:50.509291 Turn: 19, Snakes Alive: [Rule-based agent], Food: 9, Hazards: 0
INFO 13:27:50.511037 Turn: 20, Snakes Alive: [Rule-based agent], Food: 9, Hazards: 0
INFO 13:27:50.512377 Turn: 21, Snakes Alive: [Rule-based agent], Food: 9, Hazards: 0
INFO 13:27:50.513913 Turn: 22, Snakes Alive: [Rule-based agent], Food: 8, Hazards: 0
INFO 13:27:50.516174 Turn: 23, Snakes Alive: [Rule-based agent], Food: 8, Hazards: 0
INFO 13:27:50.517639 Turn: 24, Snakes Alive: [Rule-based agent], Food: 8, Hazards: 0
INFO 13:27:50.518996 Turn: 25, Snakes Alive: [Rule-based agent], Food: 8, Hazards: 0
INFO 13:27:50.520465 Turn: 26, Snakes Alive: [Rule-based agent], Food: 8, Hazards: 0
INFO 13:27:50.521919 Turn: 27, Snakes Alive: [Rule-based agent], Food: 8, Hazards: 0
INFO 13:27:50.523234 Turn: 28, Snakes Alive: [Rule-based agent], Food: 7, Hazards: 0
INFO 13:27:50.524793 Turn: 29, Snakes Alive: [Rule-based agent], Food: 7, Hazards: 0
INFO 13:27:50.526435 Turn: 30, Snakes Alive: [Rule-based agent], Food: 7, Hazards: 0
INFO 13:27:50.527923 Turn: 31, Snakes Alive: [Rule-based agent], Food: 7, Hazards: 0
INFO 13:27:50.529257 Turn: 32, Snakes Alive: [Rule-based agent], Food: 7, Hazards: 0
INFO 13:27:50.530650 Turn: 33, Snakes Alive: [Rule-based agent], Food: 7, Hazards: 0
INFO 13:27:50.532178 Turn: 34, Snakes Alive: [Rule-based agent], Food: 8, Hazards: 0
INFO 13:27:50.533734 Turn: 35, Snakes Alive: [Rule-based agent], Food: 8, Hazards: 0
INFO 13:27:50.535333 Turn: 36, Snakes Alive: [Rule-based agent], Food: 8, Hazards: 0
INFO 13:27:50.536763 Turn: 37, Snakes Alive: [Rule-based agent], Food: 8, Hazards: 0
INFO 13:27:50.538204 Turn: 38, Snakes Alive: [Rule-based agent], Food: 9, Hazards: 0
INFO 13:27:50.539622 Turn: 39, Snakes Alive: [Rule-based agent], Food: 9, Hazards: 0
INFO 13:27:50.541083 Turn: 40, Snakes Alive: [Rule-based agent], Food: 10, Hazards: 0
INFO 13:27:50.542841 Turn: 41, Snakes Alive: [Rule-based agent], Food: 10, Hazards: 0
INFO 13:27:50.544241 Turn: 42, Snakes Alive: [Rule-based agent], Food: 11, Hazards: 0
INFO 13:27:50.545612 Turn: 43, Snakes Alive: [Rule-based agent], Food: 11, Hazards: 0
INFO 13:27:50.547116 Turn: 44, Snakes Alive: [Rule-based agent], Food: 11, Hazards: 0
INFO 13:27:50.548536 Turn: 45, Snakes Alive: [Rule-based agent], Food: 11, Hazards: 0
INFO 13:27:50.550010 Turn: 46, Snakes Alive: [Rule-based agent], Food: 11, Hazards: 0
INFO 13:27:50.551511 Turn: 47, Snakes Alive: [Rule-based agent], Food: 11, Hazards: 0
INFO 13:27:50.552924 Turn: 48, Snakes Alive: [Rule-based agent], Food: 11, Hazards: 0
INFO 13:27:50.554367 Turn: 49, Snakes Alive: [Rule-based agent], Food: 11, Hazards: 0
INFO 13:27:50.555901 Turn: 50, Snakes Alive: [Rule-based agent], Food: 11, Hazards: 0
INFO 13:27:50.557258 Turn: 51, Snakes Alive: [Rule-based agent], Food: 11, Hazards: 0
INFO 13:27:50.559277 Turn: 52, Snakes Alive: [Rule-based agent], Food: 11, Hazards: 0
INFO 13:27:50.560727 Turn: 53, Snakes Alive: [Rule-based agent], Food: 11, Hazards: 0
INFO 13:27:50.562172 Turn: 54, Snakes Alive: [Rule-based agent], Food: 11, Hazards: 0
INFO 13:27:50.563776 Turn: 55, Snakes Alive: [Rule-based agent], Food: 11, Hazards: 0
INFO 13:27:50.565136 Turn: 56, Snakes Alive: [Rule-based agent], Food: 11, Hazards: 0
INFO 13:27:50.566779 Turn: 57, Snakes Alive: [Rule-based agent], Food: 12, Hazards: 0
INFO 13:27:50.568220 Turn: 58, Snakes Alive: [Rule-based agent], Food: 12, Hazards: 0
INFO 13:27:50.569672 Turn: 59, Snakes Alive: [Rule-based agent], Food: 12, Hazards: 0
INFO 13:27:50.571304 Turn: 60, Snakes Alive: [Rule-based agent], Food: 12, Hazards: 0
INFO 13:27:50.572817 Turn: 61, Snakes Alive: [Rule-based agent], Food: 13, Hazards: 0
INFO 13:27:50.574381 Turn: 62, Snakes Alive: [Rule-based agent], Food: 14, Hazards: 0
INFO 13:27:50.576009 Turn: 63, Snakes Alive: [Rule-based agent], Food: 14, Hazards: 0
INFO 13:27:50.577356 Turn: 64, Snakes Alive: [Rule-based agent], Food: 14, Hazards: 0
INFO 13:27:50.578780 Turn: 65, Snakes Alive: [Rule-based agent], Food: 14, Hazards: 0
INFO 13:27:50.580225 Turn: 66, Snakes Alive: [Rule-based agent], Food: 14, Hazards: 0
INFO 13:27:50.581670 Turn: 67, Snakes Alive: [Rule-based agent], Food: 14, Hazards: 0
INFO 13:27:50.583081 Turn: 68, Snakes Alive: [Rule-based agent], Food: 14, Hazards: 0
INFO 13:27:50.584590 Turn: 69, Snakes Alive: [Rule-based agent], Food: 14, Hazards: 0
INFO 13:27:50.586072 Turn: 70, Snakes Alive: [Rule-based agent], Food: 14, Hazards: 0
INFO 13:27:50.588307 Turn: 71, Snakes Alive: [Rule-based agent], Food: 14, Hazards: 0
INFO 13:27:50.590513 Turn: 72, Snakes Alive: [Rule-based agent], Food: 14, Hazards: 0
INFO 13:27:50.592197 Turn: 73, Snakes Alive: [Rule-based agent], Food: 14, Hazards: 0
INFO 13:27:50.593627 Turn: 74, Snakes Alive: [Rule-based agent], Food: 14, Hazards: 0
INFO 13:27:50.595039 Turn: 75, Snakes Alive: [Rule-based agent], Food: 14, Hazards: 0
INFO 13:27:50.596556 Turn: 76, Snakes Alive: [Rule-based agent], Food: 13, Hazards: 0
INFO 13:27:50.598091 Turn: 77, Snakes Alive: [Rule-based agent], Food: 13, Hazards: 0
INFO 13:27:50.599652 Turn: 78, Snakes Alive: [Rule-based agent], Food: 13, Hazards: 0
INFO 13:27:50.601044 Turn: 79, Snakes Alive: [Rule-based agent], Food: 13, Hazards: 0
INFO 13:27:50.602476 Turn: 80, Snakes Alive: [Rule-based agent], Food: 13, Hazards: 0
INFO 13:27:50.603976 Turn: 81, Snakes Alive: [Rule-based agent], Food: 13, Hazards: 0
INFO 13:27:50.605371 Turn: 82, Snakes Alive: [Rule-based agent], Food: 13, Hazards: 0
INFO 13:27:50.606809 Turn: 83, Snakes Alive: [Rule-based agent], Food: 13, Hazards: 0
INFO 13:27:50.608492 Turn: 84, Snakes Alive: [Rule-based agent], Food: 13, Hazards: 0
INFO 13:27:50.609898 Turn: 85, Snakes Alive: [Rule-based agent], Food: 13, Hazards: 0
INFO 13:27:50.611390 Turn: 86, Snakes Alive: [Rule-based agent], Food: 13, Hazards: 0
INFO 13:27:50.612836 Turn: 87, Snakes Alive: [Rule-based agent], Food: 13, Hazards: 0
INFO 13:27:50.614250 Turn: 88, Snakes Alive: [Rule-based agent], Food: 13, Hazards: 0
INFO 13:27:50.615689 Turn: 89, Snakes Alive: [Rule-based agent], Food: 13, Hazards: 0
INFO 13:27:50.617279 Turn: 90, Snakes Alive: [Rule-based agent], Food: 14, Hazards: 0
INFO 13:27:50.618783 Turn: 91, Snakes Alive: [Rule-based agent], Food: 14, Hazards: 0
INFO 13:27:50.620123 Turn: 92, Snakes Alive: [Rule-based agent], Food: 14, Hazards: 0
INFO 13:27:50.621504 Turn: 93, Snakes Alive: [Rule-based agent], Food: 14, Hazards: 0
INFO 13:27:50.622970 Turn: 94, Snakes Alive: [Rule-based agent], Food: 14, Hazards: 0
INFO 13:27:50.624577 Turn: 95, Snakes Alive: [Rule-based agent], Food: 14, Hazards: 0
INFO 13:27:50.626488 Turn: 96, Snakes Alive: [Rule-based agent], Food: 14, Hazards: 0
INFO 13:27:50.627994 Turn: 97, Snakes Alive: [Rule-based agent], Food: 14, Hazards: 0
INFO 13:27:50.629462 Turn: 98, Snakes Alive: [Rule-based agent], Food: 13, Hazards: 0
INFO 13:27:50.631050 Turn: 99, Snakes Alive: [Rule-based agent], Food: 13, Hazards: 0
INFO 13:27:50.632526 Turn: 100, Snakes Alive: [Rule-based agent], Food: 13, Hazards: 0
INFO 13:27:50.634070 Turn: 101, Snakes Alive: [Rule-based agent], Food: 13, Hazards: 0
INFO 13:27:50.635653 Turn: 102, Snakes Alive: [Rule-based agent], Food: 13, Hazards: 0
INFO 13:27:50.637138 Turn: 103, Snakes Alive: [Rule-based agent], Food: 13, Hazards: 0
INFO 13:27:50.638678 Turn: 104, Snakes Alive: [Rule-based agent], Food: 13, Hazards: 0
INFO 13:27:50.640090 Turn: 105, Snakes Alive: [Rule-based agent], Food: 13, Hazards: 0
INFO 13:27:50.641764 Turn: 106, Snakes Alive: [Rule-based agent], Food: 12, Hazards: 0
INFO 13:27:50.643441 Turn: 107, Snakes Alive: [Rule-based agent], Food: 12, Hazards: 0
INFO 13:27:50.644878 Turn: 108, Snakes Alive: [Rule-based agent], Food: 12, Hazards: 0
INFO 13:27:50.646525 Turn: 109, Snakes Alive: [Rule-based agent], Food: 12, Hazards: 0
INFO 13:27:50.647933 Turn: 110, Snakes Alive: [Rule-based agent], Food: 12, Hazards: 0
INFO 13:27:50.649511 Turn: 111, Snakes Alive: [Rule-based agent], Food: 12, Hazards: 0
INFO 13:27:50.651062 Turn: 112, Snakes Alive: [Rule-based agent], Food: 12, Hazards: 0
INFO 13:27:50.652618 Turn: 113, Snakes Alive: [Rule-based agent], Food: 12, Hazards: 0
INFO 13:27:50.654182 Turn: 114, Snakes Alive: [Rule-based agent], Food: 13, Hazards: 0
INFO 13:27:50.655568 Turn: 115, Snakes Alive: [Rule-based agent], Food: 13, Hazards: 0
INFO 13:27:50.657015 Turn: 116, Snakes Alive: [Rule-based agent], Food: 13, Hazards: 0
INFO 13:27:50.658705 Turn: 117, Snakes Alive: [Rule-based agent], Food: 12, Hazards: 0
INFO 13:27:50.660288 Turn: 118, Snakes Alive: [Rule-based agent], Food: 12, Hazards: 0
INFO 13:27:50.661672 Turn: 119, Snakes Alive: [Rule-based agent], Food: 12, Hazards: 0
INFO 13:27:50.663203 Turn: 120, Snakes Alive: [Rule-based agent], Food: 12, Hazards: 0
INFO 13:27:50.664656 Turn: 121, Snakes Alive: [Rule-based agent], Food: 12, Hazards: 0
INFO 13:27:50.666327 Turn: 122, Snakes Alive: [Rule-based agent], Food: 12, Hazards: 0
INFO 13:27:50.667906 Turn: 123, Snakes Alive: [Rule-based agent], Food: 12, Hazards: 0
INFO 13:27:50.669398 Turn: 124, Snakes Alive: [Rule-based agent], Food: 11, Hazards: 0
INFO 13:27:50.670906 Turn: 125, Snakes Alive: [Rule-based agent], Food: 11, Hazards: 0
INFO 13:27:50.672435 Turn: 126, Snakes Alive: [Rule-based agent], Food: 11, Hazards: 0
INFO 13:27:50.674048 Turn: 127, Snakes Alive: [Rule-based agent], Food: 11, Hazards: 0
INFO 13:27:50.675793 Turn: 128, Snakes Alive: [Rule-based agent], Food: 11, Hazards: 0
INFO 13:27:50.677162 Turn: 129, Snakes Alive: [Rule-based agent], Food: 11, Hazards: 0
INFO 13:27:50.678776 Turn: 130, Snakes Alive: [Rule-based agent], Food: 11, Hazards: 0
INFO 13:27:50.680468 Turn: 131, Snakes Alive: [Rule-based agent], Food: 11, Hazards: 0
INFO 13:27:50.681911 Turn: 132, Snakes Alive: [Rule-based agent], Food: 11, Hazards: 0
INFO 13:27:50.683316 Turn: 133, Snakes Alive: [Rule-based agent], Food: 12, Hazards: 0
INFO 13:27:50.684729 Turn: 134, Snakes Alive: [Rule-based agent], Food: 12, Hazards: 0
INFO 13:27:50.686230 Turn: 135, Snakes Alive: [Rule-based agent], Food: 12, Hazards: 0
INFO 13:27:50.687764 Turn: 136, Snakes Alive: [Rule-based agent], Food: 12, Hazards: 0
INFO 13:27:50.689271 Turn: 137, Snakes Alive: [Rule-based agent], Food: 12, Hazards: 0
INFO 13:27:50.690939 Turn: 138, Snakes Alive: [Rule-based agent], Food: 11, Hazards: 0
INFO 13:27:50.692747 Turn: 139, Snakes Alive: [Rule-based agent], Food: 11, Hazards: 0
INFO 13:27:50.694100 Turn: 140, Snakes Alive: [Rule-based agent], Food: 11, Hazards: 0
INFO 13:27:50.695688 Turn: 141, Snakes Alive: [Rule-based agent], Food: 11, Hazards: 0
INFO 13:27:50.697214 Turn: 142, Snakes Alive: [Rule-based agent], Food: 11, Hazards: 0
INFO 13:27:50.698849 Turn: 143, Snakes Alive: [Rule-based agent], Food: 11, Hazards: 0
INFO 13:27:50.700328 Turn: 144, Snakes Alive: [Rule-based agent], Food: 11, Hazards: 0
INFO 13:27:50.701715 Turn: 145, Snakes Alive: [Rule-based agent], Food: 10, Hazards: 0
INFO 13:27:50.702955 Turn: 146, Snakes Alive: [], Food: 10, Hazards: 0
INFO 13:27:50.704118 Game completed after 147 turns.
INFO 13:27:50.840506 Snake ID: 31f5527e-b38a-40a7-912f-64c301622add URL: http://127.0.0.1:41103, Name: "Rule-based agent"
INFO 13:27:50.842706 Ruleset: solo, Seed: 117
INFO 13:27:50.842742 Turn: 0, Snakes Alive: [Rule-based agent], Food: 2, Hazards: 0
INFO 13:27:50.854666 Turn: 1, Snakes Alive: [Rule-based agent], Food: 2, Hazards: 0
INFO 13:27:50.856254 Turn: 2, Snakes Alive: [Rule-based agent], Food: 2, Hazards: 0
INFO 13:27:50.857804 Turn: 3, Snakes Alive: [Rule-based agent], Food: 2, Hazards: 0
INFO 13:27:50.859449 Turn: 4, Snakes Alive: [Rule-based agent], Food: 2, Hazards: 0
INFO 13:27:50.860818 Turn: 5, Snakes Alive: [Rule-based agent], Food: 2, Hazards: 0
INFO 13:27:50.862203 Turn: 6, Snakes Alive: [Rule-based agent], Food: 3, Hazards: 0
INFO 13:27:50.863704 Turn: 7, Snakes Alive: [Rule-based agent], Food: 3, Hazards: 0
INFO 13:27:50.865103 Turn: 8, Snakes Alive: [Rule-based agent], Food: 4, Hazards: 0
INFO 13:27:50.866606 Turn: 9, Snakes Alive: [Rule-based agent], Food: 5, Hazards: 0
INFO 13:27:50.868377 Turn: 10, Snakes Alive: [Rule-based agent], Food: 6, Hazards: 0
INFO 13:27:50.869941 Turn: 11, Snakes Alive: [Rule-based agent], Food: 6, Hazards: 0
INFO 13:27:50.871302 Turn: 12, Snakes Alive: [Rule-based agent], Food: 6, Hazards: 0
INFO 13:27:50.872682 Turn: 13, Snakes Alive: [Rule-based agent], Food: 7, Hazards: 0
INFO 13:27:50.874049 Turn: 14, Snakes Alive: [Rule-based agent], Food: 8, Hazards: 0
INFO 13:27:50.875766 Turn: 15, Snakes Alive: [Rule-based agent], Food: 8, Hazards: 0
INFO 13:27:50.877214 Turn: 16, Snakes Alive: [Rule-based agent], Food: 9, Hazards: 0
INFO 13:27:50.878678 Turn: 17, Snakes Alive: [Rule-based agent], Food: 9, Hazards: 0
INFO 13:27:50.879976 Turn: 18, Snakes Alive: [Rule-based agent], Food: 9, Hazards: 0
INFO 13:27:50.881254 Turn: 19, Snakes Alive: [Rule-based agent], Food: 9, Hazards: 0
INFO 13:27:50.882663 Turn: 20, Snakes Alive: [Rule-based agent], Food: 9, Hazards: 0
INFO 13:27:50.884003 Turn: 21, Snakes Alive: [Rule-based agent], Food: 9, Hazards: 0
INFO 13:27:50.885304 Turn: 22, Snakes Alive: [Rule-based agent], Food: 9, Hazards: 0
INFO 13:27:50.886829 Turn: 23, Snakes Alive: [Rule-based agent], Food: 8, Hazards: 0
INFO 13:27:50.888197 Turn: 24, Snakes Alive: [Rule-based agent], Food: 8, Hazards: 0
INFO 13:27:50.889518 Turn: 25, Snakes Alive: [Rule-based agent], Food: 8, Hazards: 0
INFO 13:27:50.891157 Turn: 26, Snakes Alive: [Rule-based agent], Food: 8, Hazards: 0
INFO 13:27:50.893276 Turn: 27, Snakes Alive: [Rule-based agent], Food: 8, Hazards: 0
INFO 13:27:50.894624 Turn: 28, Snakes Alive: [Rule-based agent], Food: 8, Hazards: 0
INFO 13:27:50.895989 Turn: 29, Snakes Alive: [Rule-based agent], Food: 8, Hazards: 0
INFO 13:27:50.898101 Turn: 30, Snakes Alive: [Rule-based agent], Food: 8, Hazards: 0
INFO 13:27:50.899808 Turn: 31, Snakes Alive: [Rule-based agent], Food: 8, Hazards: 0
INFO 13:27:50.901166 Turn: 32, Snakes Alive: [Rule-based agent], Food: 8, Hazards: 0
INFO 13:27:50.902597 Turn: 33, Snakes Alive: [Rule-based agent], Food: 9, Hazards: 0
INFO 13:27:50.904018 Turn: 34, Snakes Alive: [Rule-based agent], Food: 9, Hazards: 0
INFO 13:27:50.905414 Turn: 35, Snakes Alive: [Rule-based agent], Food: 9, Hazards: 0
INFO 13:27:50.906874 Turn: 36, Snakes Alive: [Rule-based agent], Food: 9, Hazards: 0
INFO 13:27:50.908436 Turn: 37, Snakes Alive: [Rule-based agent], Food: 10, Hazards: 0
INFO 13:27:50.909995 Turn: 38, Snakes Alive: [Rule-based agent], Food: 10, Hazards: 0
INFO 13:27:50.911359 Turn: 39, Snakes Alive: [Rule-based agent], Food: 11, Hazards: 0
INFO 13:27:50.912929 Turn: 40, Snakes Alive: [Rule-based agent], Food: 11, Hazards: 0
INFO 13:27:50.914349 Turn: 41, Snakes Alive: [Rule-based agent], Food: 12, Hazards: 0
INFO 13:27:50.915923 Turn: 42, Snakes Alive: [Rule-based agent], Food: 12, Hazards: 0
INFO 13:27:50.917379 Turn: 43, Snakes Alive: [Rule-based agent], Food: 11, Hazards: 0
INFO 13:27:50.918994 Turn: 44, Snakes Alive: [Rule-based agent], Food: 11, Hazards: 0
INFO 13:27:50.920443 Turn: 45, Snakes Alive: [Rule-based agent], Food: 11, Hazards: 0
INFO 13:27:50.921925 Turn: 46, Snakes Alive: [Rule-based agent], Food: 11, Hazards: 0
INFO 13:27:50.923394 Turn: 47, Snakes Alive: [Rule-based agent], Food: 11, Hazards: 0
INFO 13:27:50.925007 Turn: 48, Snakes Alive: [Rule-based agent], Food: 11, Hazards: 0
INFO 13:27:50.926611 Turn: 49, Snakes Alive: [Rule-based agent], Food: 11, Hazards: 0
INFO 13:27:50.927977 Turn: 50, Snakes Alive: [Rule-based agent], Food: 11, Hazards: 0
INFO 13:27:50.929305 Turn: 51, Snakes Alive: [Rule-based agent], Food: 11, Hazards: 0
INFO 13:27:50.930861 Turn: 52, Snakes Alive: [Rule-based agent], Food: 10, Hazards: 0
INFO 13:27:50.932289 Turn: 53, Snakes Alive: [Rule-based agent], Food: 10, Hazards: 0
INFO 13:27:50.933611 Turn: 54, Snakes Alive: [Rule-based agent], Food: 10, Hazards: 0
INFO 13:27:50.935041 Turn: 55, Snakes Alive: [Rule-based agent], Food: 10, Hazards: 0
INFO 13:27:50.936598 Turn: 56, Snakes Alive: [Rule-based agent], Food: 11, Hazards: 0
INFO 13:27:50.937952 Turn: 57, Snakes Alive: [Rule-based agent], Food: 11, Hazards: 0
INFO 13:27:50.939484 Turn: 58, Snakes Alive: [Rule-based agent], Food: 10, Hazards: 0
INFO 13:27:50.940892 Turn: 59, Snakes Alive: [Rule-based agent], Food: 10, Hazards: 0
INFO 13:27:50.942659 Turn: 60, Snakes Alive: [Rule-based agent], Food: 11, Hazards: 0
INFO 13:27:50.944086 Turn: 61, Snakes Alive: [Rule-based agent], Food: 12, Hazards: 0
INFO 13:27:50.945475 Turn: 62, Snakes Alive: [Rule-based agent], Food: 12, Hazards: 0
INFO 13:27:50.947026 Turn: 63, Snakes Alive: [Rule-based agent], Food: 12, Hazards: 0
INFO 13:27:50.948681 Turn: 64, Snakes Alive: [Rule-based agent], Food: 13, Hazards: 0
INFO 13:27:50.950214 Turn: 65, Snakes Alive: [Rule-based agent], Food: 13, Hazards: 0
INFO 13:27:50.951719 Turn: 66, Snakes Alive: [Rule-based agent], Food: 13, Hazards: 0
INFO 13:27:50.953256 Turn: 67, Snakes Alive: [Rule-based agent], Food: 13, Hazards: 0
INFO 13:27:50.954858 Turn: 68, Snakes Alive: [Rule-based agent], Food: 13, Hazards: 0
INFO 13:27:50.956299 Turn: 69, Snakes Alive: [Rule-based agent], Food: 13, Hazards: 0
INFO 13:27:50.957867 Turn: 70, Snakes Alive: [Rule-based agent], Food: 13, Hazards: 0
INFO 13:27:50.959861 Turn: 71, Snakes Alive: [Rule-based agent], Food: 13, Hazards: 0
INFO 13:27:50.961312 Turn: 72, Snakes Alive: [Rule-based agent], Food: 13, Hazards: 0
INFO 13:27:50.962827 Turn: 73, Snakes Alive: [Rule-based agent], Food: 12, Hazards: 0
INFO 13:27:50.964296 Turn: 74, Snakes Alive: [Rule-based agent], Food: 11, Hazards: 0
INFO 13:27:50.965836 Turn: 75, Snakes Alive: [Rule-based agent], Food: 11, Hazards: 0
INFO 13:27:50.967300 Turn: 76, Snakes Alive: [Rule-based agent], Food: 11, Hazards: 0
INFO 13:27:50.968722 Turn: 77, Snakes Alive: [Rule-based agent], Food: 11, Hazards: 0
INFO 13:27:50.970158 Turn: 78, Snakes Alive: [Rule-based agent], Food: 11, Hazards: 0
INFO 13:27:50.971702 Turn: 79, Snakes Alive: [Rule-based agent], Food: 11, Hazards: 0
INFO 13:27:50.973186 Turn: 80, Snakes Alive: [Rule-based agent], Food: 11, Hazards: 0
INFO 13:27:50.974896 Turn: 81, Snakes Alive: [Rule-based agent], Food: 11, Hazards: 0
INFO 13:27:50.977910 Turn: 82, Snakes Alive: [], Food: 11, Hazards: 0
INFO 13:27:50.979085 Game completed after 83 turns.
INFO 13:27:51.131057 Snake ID: 687a949a-9a7c-4658-8b1d-350f18c99568 URL: http://127.0.0.1:41103, Name: "Rule-based agent"
INFO 13:27:51.132948 Ruleset: solo, Seed: 118
INFO 13:27:51.132991 Turn: 0, Snakes Alive: [Rule-based agent], Food: 2, Hazards: 0
INFO 13:27:51.144891 Turn: 1, Snakes Alive: [Rule-based agent], Food: 2, Hazards: 0
INFO 13:27:51.146377 Turn: 2, Snakes Alive: [Rule-based agent], Food: 1, Hazards: 0
INFO 13:27:51.147823 Turn: 3, Snakes Alive: [Rule-based agent], Food: 1, Hazards: 0
INFO 13:27:51.149295 Turn: 4, Snakes Alive: [Rule-based agent], Food: 1, Hazards: 0
INFO 13:27:51.150742 Turn: 5, Snakes Alive: [Rule-based agent], Food: 2, Hazards: 0
INFO 13:27:51.152149 Turn: 6, Snakes Alive: [Rule-based agent], Food: 2, Hazards: 0
INFO 13:27:51.153580 Turn: 7, Snakes Alive: [Rule-based agent], Food: 3, Hazards: 0
INFO 13:27:51.154980 Turn: 8, Snakes Alive: [Rule-based agent], Food: 4, Hazards: 0
INFO 13:27:51.156350 Turn: 9, Snakes Alive: [Rule-based agent], Food: 5, Hazards: 0
INFO 13:27:51.157739 Turn: 10, Snakes Alive: [Rule-based agent], Food: 5, Hazards: 0
INFO 13:27:51.160218 Turn: 11, Snakes Alive: [Rule-based agent], Food: 5, Hazards: 0
INFO 13:27:51.161610 Turn: 12, Snakes Alive: [Rule-based agent], Food: 6, Hazards: 0
INFO 13:27:51.163061 Turn: 13, Snakes Alive: [Rule-based agent], Food: 7, Hazards: 0
INFO 13:27:51.164502 Turn: 14, Snakes Alive: [Rule-based agent], Food: 6, Hazards: 0
INFO 13:27:51.166060 Turn: 15, Snakes Alive: [Rule-based agent], Food: 7, Hazards: 0
INFO 13:27:51.167566 Turn: 16, Snakes Alive: [Rule-based agent], Food: 7, Hazards: 0
INFO 13:27:51.169084 Turn: 17, Snakes Alive: [Rule-based agent], Food: 7, Hazards: 0
INFO 13:27:51.170510 Turn: 18, Snakes Alive: [Rule-based agent], Food: 7, Hazards: 0
INFO 13:27:51.171927 Turn: 19, Snakes Alive: [Rule-based agent], Food: 7, Hazards: 0
INFO 13:27:51.173330 Turn: 20, Snakes Alive: [Rule-based agent], Food: 7, Hazards: 0
INFO 13:27:51.174902 Turn: 21, Snakes Alive: [Rule-based agent], Food: 7, Hazards: 0
INFO 13:27:51.176708 Turn: 22, Snakes Alive: [Rule-based agent], Food: 7, Hazards: 0
INFO 13:27:51.178161 Turn: 23, Snakes Alive: [Rule-based agent], Food: 7, Hazards: 0
INFO 13:27:51.179528 Turn: 24, Snakes Alive: [Rule-based agent], Food: 7, Hazards: 0
INFO 13:27:51.180957 Turn: 25, Snakes Alive: [Rule-based agent], Food: 7, Hazards: 0
INFO 13:27:51.182326 Turn: 26, Snakes Alive: [Rule-based agent], Food: 7, Hazards: 0
INFO 13:27:51.183930 Turn: 27, Snakes Alive: [Rule-based agent], Food: 7, Hazards: 0
INFO 13:27:51.185365 Turn: 28, Snakes Alive: [Rule-based agent], Food: 7, Hazards: 0
INFO 13:27:51.186835 Turn: 29, Snakes Alive: [Rule-based agent], Food: 7, Hazards: 0
INFO 13:27:51.188232 Turn: 30, Snakes Alive: [Rule-based agent], Food: 7, Hazards: 0
INFO 13:27:51.189777 Turn: 31, Snakes Alive: [Rule-based agent], Food: 7, Hazards: 0
INFO 13:27:51.191343 Turn: 32, Snakes Alive: [Rule-based agent], Food: 8, Hazards: 0
INFO 13:27:51.192945 Turn: 33, Snakes Alive: [Rule-based agent], Food: 7, Hazards: 0
INFO 13:27:51.194470 Turn: 34, Snakes Alive: [Rule-based agent], Food: 7, Hazards: 0
INFO 13:27:51.195827 Turn: 35, Snakes Alive: [Rule-based agent], Food: 7, Hazards: 0
INFO 13:27:51.197564 Turn: 36, Snakes Alive: [Rule-based agent], Food: 8, Hazards: 0
INFO 13:27:51.199188 Turn: 37, Snakes Alive: [Rule-based agent], Food: 8, Hazards: 0
INFO 13:27:51.200743 Turn: 38, Snakes Alive: [Rule-based agent], Food: 9, Hazards: 0
INFO 13:27:51.202219 Turn: 39, Snakes Alive: [Rule-based agent], Food: 9, Hazards: 0
INFO 13:27:51.203645 Turn: 40, Snakes Alive: [Rule-based agent], Food: 10, Hazards: 0
INFO 13:27:51.205178 Turn: 41, Snakes Alive: [Rule-based agent], Food: 10, Hazards: 0
INFO 13:27:51.206796 Turn: 42, Snakes Alive: [Rule-based agent], Food: 10, Hazards: 0
INFO 13:27:51.208488 Turn: 43, Snakes Alive: [Rule-based agent], Food: 10, Hazards: 0
INFO 13:27:51.209930 Turn: 44, Snakes Alive: [Rule-based agent], Food: 10, Hazards: 0
INFO 13:27:51.211240 Turn: 45, Snakes Alive: [Rule-based agent], Food: 10, Hazards: 0
INFO 13:27:51.212567 Turn: 46, Snakes Alive: [Rule-based agent], Food: 10, Hazards: 0
INFO 13:27:51.214003 Turn: 47, Snakes Alive: [Rule-based agent], Food: 10, Hazards: 0
INFO 13:27:51.215552 Turn: 48, Snakes Alive: [Rule-based agent], Food: 10, Hazards: 0
INFO 13:27:51.216973 Turn: 49, Snakes Alive: [Rule-based agent], Food: 10, Hazards: 0
INFO 13:27:51.218367 Turn: 50, Snakes Alive: [Rule-based agent], Food: 10, Hazards: 0
INFO 13:27:51.220041 Turn: 51, Snakes Alive: [Rule-based agent], Food: 9, Hazards: 0
INFO 13:27:51.221398 Turn: 52, Snakes Alive: [Rule-based agent], Food: 9, Hazards: 0
INFO 13:27:51.222824 Turn: 53, Snakes Alive: [Rule-based agent], Food: 9, Hazards: 0
INFO 13:27:51.224264 Turn: 54, Snakes Alive: [Rule-based agent], Food: 8, Hazards: 0
INFO 13:27:51.226021 Turn: 55, Snakes Alive: [Rule-based agent], Food: 9, Hazards: 0
INFO 13:27:51.227429 Turn: 56, Snakes Alive: [Rule-based agent], Food: 9, Hazards: 0
INFO 13:27:51.228851 Turn: 57, Snakes Alive: [Rule-based agent], Food: 9, Hazards: 0
INFO 13:27:51.230344 Turn: 58, Snakes Alive: [Rule-based agent], Food: 9, Hazards: 0
INFO 13:27:51.231791 Turn: 59, Snakes Alive: [Rule-based agent], Food: 9, Hazards: 0
INFO 13:27:51.233861 Turn: 60, Snakes Alive: [Rule-based agent], Food: 10, Hazards: 0
INFO 13:27:51.235323 Turn: 61, Snakes Alive: [Rule-based agent], Food: 10, Hazards: 0
INFO 13:27:51.236760 Turn: 62, Snakes Alive: [Rule-based agent], Food: 10, Hazards: 0
INFO 13:27:51.238221 Turn: 63, Snakes Alive: [Rule-based agent], Food: 11, Hazards: 0
INFO 13:27:51.239664 Turn: 64, Snakes Alive: [Rule-based agent], Food: 11, Hazards: 0
INFO 13:27:51.241333 Turn: 65, Snakes Alive: [Rule-based agent], Food: 11, Hazards: 0
INFO 13:27:51.242985 Turn: 66, Snakes Alive: [Rule-based agent], Food: 11, Hazards: 0
INFO 13:27:51.244522 Turn: 67, Snakes Alive: [Rule-based agent], Food: 11, Hazards: 0
INFO 13:27:51.246077 Turn: 68, Snakes Alive: [Rule-based agent], Food: 11, Hazards: 0
INFO 13:27:51.247588 Turn: 69, Snakes Alive: [Rule-based agent], Food: 11, Hazards: 0
INFO 13:27:51.249033 Turn: 70, Snakes Alive: [Rule-based agent], Food: 11, Hazards: 0
INFO 13:27:51.250558 Turn: 71, Snakes Alive: [Rule-based agent], Food: 11, Hazards: 0
INFO 13:27:51.251930 Turn: 72, Snakes Alive: [Rule-based agent], Food: 11, Hazards: 0
INFO 13:27:51.253316 Turn: 73, Snakes Alive: [Rule-based agent], Food: 11, Hazards: 0
INFO 13:27:51.254810 Turn: 74, Snakes Alive: [Rule-based agent], Food: 11, Hazards: 0
INFO 13:27:51.256382 Turn: 75, Snakes Alive: [Rule-based agent], Food: 11, Hazards: 0
INFO 13:27:51.257885 Turn: 76, Snakes Alive: [Rule-based agent], Food: 11, Hazards: 0
INFO 13:27:51.259647 Turn: 77, Snakes Alive: [Rule-based agent], Food: 11, Hazards: 0
INFO 13:27:51.261137 Turn: 78, Snakes Alive: [Rule-based agent], Food: 11, Hazards: 0
INFO 13:27:51.262728 Turn: 79, Snakes Alive: [Rule-based agent], Food: 11, Hazards: 0
INFO 13:27:51.264263 Turn: 80, Snakes Alive: [Rule-based agent], Food: 11, Hazards: 0
INFO 13:27:51.265838 Turn: 81, Snakes Alive: [Rule-based agent], Food: 11, Hazards: 0
INFO 13:27:51.267427 Turn: 82, Snakes Alive: [Rule-based agent], Food: 11, Hazards: 0
INFO 13:27:51.270763 Turn: 83, Snakes Alive: [Rule-based agent], Food: 11, Hazards: 0
INFO 13:27:51.272261 Turn: 84, Snakes Alive: [Rule-based agent], Food: 11, Hazards: 0
INFO 13:27:51.273789 Turn: 85, Snakes Alive: [Rule-based agent], Food: 11, Hazards: 0
INFO 13:27:51.275424 Turn: 86, Snakes Alive: [Rule-based agent], Food: 11, Hazards: 0
INFO 13:27:51.276983 Turn: 87, Snakes Alive: [Rule-based agent], Food: 11, Hazards: 0
INFO 13:27:51.278589 Turn: 88, Snakes Alive: [Rule-based agent], Food: 12, Hazards: 0
INFO 13:27:51.280000 Turn: 89, Snakes Alive: [Rule-based agent], Food: 12, Hazards: 0
INFO 13:27:51.281542 Turn: 90, Snakes Alive: [Rule-based agent], Food: 12, Hazards: 0
INFO 13:27:51.283137 Turn: 91, Snakes Alive: [Rule-based agent], Food: 12, Hazards: 0
INFO 13:27:51.284592 Turn: 92, Snakes Alive: [Rule-based agent], Food: 12, Hazards: 0
INFO 13:27:51.286122 Turn: 93, Snakes Alive: [Rule-based agent], Food: 12, Hazards: 0
INFO 13:27:51.287662 Turn: 94, Snakes Alive: [Rule-based agent], Food: 12, Hazards: 0
INFO 13:27:51.289149 Turn: 95, Snakes Alive: [Rule-based agent], Food: 12, Hazards: 0
INFO 13:27:51.290627 Turn: 96, Snakes Alive: [Rule-based agent], Food: 12, Hazards: 0
INFO 13:27:51.292695 Turn: 97, Snakes Alive: [Rule-based agent], Food: 12, Hazards: 0
INFO 13:27:51.294122 Turn: 98, Snakes Alive: [Rule-based agent], Food: 12, Hazards: 0
INFO 13:27:51.295563 Turn: 99, Snakes Alive: [Rule-based agent], Food: 12, Hazards: 0
INFO 13:27:51.297124 Turn: 100, Snakes Alive: [Rule-based agent], Food: 12, Hazards: 0
INFO 13:27:51.298699 Turn: 101, Snakes Alive: [Rule-based agent], Food: 12, Hazards: 0
INFO 13:27:51.300350 Turn: 102, Snakes Alive: [Rule-based agent], Food: 12, Hazards: 0
INFO 13:27:51.301898 Turn: 103, Snakes Alive: [Rule-based agent], Food: 12, Hazards: 0
INFO 13:27:51.303394 Turn: 104, Snakes Alive: [Rule-based agent], Food: 12, Hazards: 0
INFO 13:27:51.304820 Turn: 105, Snakes Alive: [Rule-based agent], Food: 12, Hazards: 0
INFO 13:27:51.306377 Turn: 106, Snakes Alive: [Rule-based agent], Food: 12, Hazards: 0
INFO 13:27:51.307894 Turn: 107, Snakes Alive: [Rule-based agent], Food: 12, Hazards: 0
INFO 13:27:51.309485 Turn: 108, Snakes Alive: [Rule-based agent], Food: 12, Hazards: 0
INFO 13:27:51.311011 Turn: 109, Snakes Alive: [Rule-based agent], Food: 12, Hazards: 0
INFO 13:27:51.312448 Turn: 110, Snakes Alive: [Rule-based agent], Food: 12, Hazards: 0
INFO 13:27:51.314163 Turn: 111, Snakes Alive: [Rule-based agent], Food: 12, Hazards: 0
INFO 13:27:51.315524 Turn: 112, Snakes Alive: [], Food: 13, Hazards: 0
INFO 13:27:51.316737 Game completed after 113 turns.
INFO 13:27:51.469792 Snake ID: ffde1370-88e3-49a0-9fee-851e7b558d9f URL: http://127.0.0.1:41103, Name: "Rule-based agent"
INFO 13:27:51.471640 Ruleset: solo, Seed: 119
INFO 13:27:51.471664 Turn: 0, Snakes Alive: [Rule-based agent], Food: 2, Hazards: 0
INFO 13:27:51.483594 Turn: 1, Snakes Alive: [Rule-based agent], Food: 2, Hazards: 0
INFO 13:27:51.485654 Turn: 2, Snakes Alive: [Rule-based agent], Food: 1, Hazards: 0
INFO 13:27:51.487408 Turn: 3, Snakes Alive: [Rule-based agent], Food: 1, Hazards: 0
INFO 13:27:51.488913 Turn: 4, Snakes Alive: [Rule-based agent], Food: 2, Hazards: 0
INFO 13:27:51.490260 Turn: 5, Snakes Alive: [Rule-based agent], Food: 2, Hazards: 0
INFO 13:27:51.491729 Turn: 6, Snakes Alive: [Rule-based agent], Food: 3, Hazards: 0
INFO 13:27:51.493616 Turn: 7, Snakes Alive: [Rule-based agent], Food: 4, Hazards: 0
INFO 13:27:51.495116 Turn: 8, Snakes Alive: [Rule-based agent], Food: 5, Hazards: 0
INFO 13:27:51.496501 Turn: 9, Snakes Alive: [Rule-based agent], Food: 5, Hazards: 0
INFO 13:27:51.497901 Turn: 10, Snakes Alive: [Rule-based agent], Food: 5, Hazards: 0
INFO 13:27:51.499488 Turn: 11, Snakes Alive: [Rule-based agent], Food: 6, Hazards: 0
INFO 13:27:51.500925 Turn: 12, Snakes Alive: [Rule-based agent], Food: 7, Hazards: 0
INFO 13:27:51.502404 Turn: 13, Snakes Alive: [Rule-based agent], Food: 7, Hazards: 0
INFO 13:27:51.503878 Turn: 14, Snakes Alive: [Rule-based agent], Food: 8, Hazards: 0
INFO 13:27:51.505282 Turn: 15, Snakes Alive: [Rule-based agent], Food: 8, Hazards: 0
INFO 13:27:51.506738 Turn: 16, Snakes Alive: [Rule-based agent], Food: 8, Hazards: 0
INFO 13:27:51.508104 Turn: 17, Snakes Alive: [Rule-based agent], Food: 8, Hazards: 0
INFO 13:27:51.509747 Turn: 18, Snakes Alive: [Rule-based agent], Food: 8, Hazards: 0
INFO 13:27:51.511254 Turn: 19, Snakes Alive: [Rule-based agent], Food: 8, Hazards: 0
INFO 13:27:51.512677 Turn: 20, Snakes Alive: [Rule-based agent], Food: 8, Hazards: 0
INFO 13:27:51.514213 Turn: 21, Snakes Alive: [Rule-based agent], Food: 8, Hazards: 0
INFO 13:27:51.515652 Turn: 22, Snakes Alive: [Rule-based agent], Food: 8, Hazards: 0
INFO 13:27:51.517014 Turn: 23, Snakes Alive: [Rule-based agent], Food: 8, Hazards: 0
INFO 13:27:51.518345 Turn: 24, Snakes Alive: [Rule-based agent], Food: 8, Hazards: 0
INFO 13:27:51.519810 Turn: 25, Snakes Alive: [Rule-based agent], Food: 8, Hazards: 0
INFO 13:27:51.521172 Turn: 26, Snakes Alive: [Rule-based agent], Food: 8, Hazards: 0
INFO 13:27:51.522594 Turn: 27, Snakes Alive: [Rule-based agent], Food: 8, Hazards: 0
INFO 13:27:51.523965 Turn: 28, Snakes Alive: [Rule-based agent], Food: 8, Hazards: 0
INFO 13:27:51.525393 Turn: 29, Snakes Alive: [Rule-based agent], Food: 8, Hazards: 0
INFO 13:27:51.527109 Turn: 30, Snakes Alive: [Rule-based agent], Food: 8, Hazards: 0
INFO 13:27:51.528868 Turn: 31, Snakes Alive: [Rule-based agent], Food: 9, Hazards: 0
INFO 13:27:51.530310 Turn: 32, Snakes Alive: [Rule-based agent], Food: 9, Hazards: 0
INFO 13:27:51.531914 Turn: 33, Snakes Alive: [Rule-based agent], Food: 9, Hazards: 0
INFO 13:27:51.533556 Turn: 34, Snakes Alive: [Rule-based agent], Food: 9, Hazards: 0
INFO 13:27:51.535148 Turn: 35, Snakes Alive: [Rule-based agent], Food: 10, Hazards: 0
INFO 13:27:51.536716 Turn: 36, Snakes Alive: [Rule-based agent], Food: 10, Hazards: 0
INFO 13:27:51.538104 Turn: 37, Snakes Alive: [Rule-based agent], Food: 11, Hazards: 0
INFO 13:27:51.539611 Turn: 38, Snakes Alive: [Rule-based agent], Food: 11, Hazards: 0
INFO 13:27:51.540996 Turn: 39, Snakes Alive: [Rule-based agent], Food: 12, Hazards: 0
INFO 13:27:51.542646 Turn: 40, Snakes Alive: [Rule-based agent], Food: 12, Hazards: 0
INFO 13:27:51.544230 Turn: 41, Snakes Alive: [Rule-based agent], Food: 12, Hazards: 0
INFO 13:27:51.545653 Turn: 42, Snakes Alive: [Rule-based agent], Food: 12, Hazards: 0
INFO 13:27:51.547181 Turn: 43, Snakes Alive: [Rule-based agent], Food: 12, Hazards: 0
INFO 13:27:51.548693 Turn: 44, Snakes Alive: [Rule-based agent], Food: 11, Hazards: 0
INFO 13:27:51.550071 Turn: 45, Snakes Alive: [Rule-based agent], Food: 11, Hazards: 0
INFO 13:27:51.551612 Turn: 46, Snakes Alive: [Rule-based agent], Food: 11, Hazards: 0
INFO 13:27:51.553017 Turn: 47, Snakes Alive: [Rule-based agent], Food: 10, Hazards: 0
INFO 13:27:51.554476 Turn: 48, Snakes Alive: [Rule-based agent], Food: 10, Hazards: 0
INFO 13:27:51.556216 Turn: 49, Snakes Alive: [Rule-based agent], Food: 9, Hazards: 0
INFO 13:27:51.557669 Turn: 50, Snakes Alive: [Rule-based agent], Food: 9, Hazards: 0
INFO 13:27:51.559369 Turn: 51, Snakes Alive: [Rule-based agent], Food: 9, Hazards: 0
INFO 13:27:51.560870 Turn: 52, Snakes Alive: [Rule-based agent], Food: 9, Hazards: 0
INFO 13:27:51.562261 Turn: 53, Snakes Alive: [Rule-based agent], Food: 9, Hazards: 0
INFO 13:27:51.563875 Turn: 54, Snakes Alive: [Rule-based agent], Food: 9, Hazards: 0
INFO 13:27:51.565311 Turn: 55, Snakes Alive: [Rule-based agent], Food: 9, Hazards: 0
INFO 13:27:51.566839 Turn: 56, Snakes Alive: [Rule-based agent], Food: 9, Hazards: 0
INFO 13:27:51.568285 Turn: 57, Snakes Alive: [Rule-based agent], Food: 9, Hazards: 0
INFO 13:27:51.569589 Turn: 58, Snakes Alive: [], Food: 10, Hazards: 0
INFO 13:27:51.570936 Game completed after 59 turns.
INFO 13:27:51.706809 Snake ID: f5651142-d8a9-420f-a98d-fedbf2770148 URL: http://127.0.0.1:41103, Name: "Rule-based agent"
INFO 13:27:51.708823 Ruleset: solo, Seed: 120
INFO 13:27:51.708850 Turn: 0, Snakes Alive: [Rule-based agent], Food: 2, Hazards: 0
INFO 13:27:51.720548 Turn: 1, Snakes Alive: [Rule-based agent], Food: 2, Hazards: 0
INFO 13:27:51.722137 Turn: 2, Snakes Alive: [Rule-based agent], Food: 2, Hazards: 0
INFO 13:27:51.723485 Turn: 3, Snakes Alive: [Rule-based agent], Food: 3, Hazards: 0
INFO 13:27:51.724804 Turn: 4, Snakes Alive: [Rule-based agent], Food: 3, Hazards: 0
INFO 13:27:51.726345 Turn: 5, Snakes Alive: [Rule-based agent], Food: 4, Hazards: 0
INFO 13:27:51.727747 Turn: 6, Snakes Alive: [Rule-based agent], Food: 5, Hazards: 0
INFO 13:27:51.729126 Turn: 7, Snakes Alive: [Rule-based agent], Food: 5, Hazards: 0
INFO 13:27:51.730676 Turn: 8, Snakes Alive: [Rule-based agent], Food: 4, Hazards: 0
INFO 13:27:51.732110 Turn: 9, Snakes Alive: [Rule-based agent], Food: 4, Hazards: 0
INFO 13:27:51.733629 Turn: 10, Snakes Alive: [Rule-based agent], Food: 5, Hazards: 0
INFO 13:27:51.735123 Turn: 11, Snakes Alive: [Rule-based agent], Food: 6, Hazards: 0
INFO 13:27:51.736444 Turn: 12, Snakes Alive: [Rule-based agent], Food: 6, Hazards: 0
INFO 13:27:51.737835 Turn: 13, Snakes Alive: [Rule-based agent], Food: 7, Hazards: 0
INFO 13:27:51.739139 Turn: 14, Snakes Alive: [Rule-based agent], Food: 7, Hazards: 0
INFO 13:27:51.740527 Turn: 15, Snakes Alive: [Rule-based agent], Food: 7, Hazards: 0
INFO 13:27:51.741883 Turn: 16, Snakes Alive: [Rule-based agent], Food: 7, Hazards: 0
INFO 13:27:51.743668 Turn: 17, Snakes Alive: [Rule-based agent], Food: 7, Hazards: 0
INFO 13:27:51.745016 Turn: 18, Snakes Alive: [Rule-based agent], Food: 6, Hazards: 0
INFO 13:27:51.746322 Turn: 19, Snakes Alive: [Rule-based agent], Food: 6, Hazards: 0
INFO 13:27:51.747710 Turn: 20, Snakes Alive: [Rule-based agent], Food: 6, Hazards: 0
INFO 13:27:51.749059 Turn: 21, Snakes Alive: [Rule-based agent], Food: 6, Hazards: 0
INFO 13:27:51.750634 Turn: 22, Snakes Alive: [Rule-based agent], Food: 6, Hazards: 0
INFO 13:27:51.752057 Turn: 23, Snakes Alive: [Rule-based agent], Food: 6, Hazards: 0
INFO 13:27:51.753277 Turn: 24, Snakes Alive: [Rule-based agent], Food: 6, Hazards: 0
INFO 13:27:51.754761 Turn: 25, Snakes Alive: [Rule-based agent], Food: 6, Hazards: 0
INFO 13:27:51.756083 Turn: 26, Snakes Alive: [Rule-based agent], Food: 6, Hazards: 0
INFO 13:27:51.757326 Turn: 27, Snakes Alive: [Rule-based agent], Food: 6, Hazards: 0
INFO 13:27:51.758849 Turn: 28, Snakes Alive: [Rule-based agent], Food: 6, Hazards: 0
INFO 13:27:51.760383 Turn: 29, Snakes Alive: [Rule-based agent], Food: 6, Hazards: 0
INFO 13:27:51.761788 Turn: 30, Snakes Alive: [Rule-based agent], Food: 7, Hazards: 0
INFO 13:27:51.762999 Turn: 31, Snakes Alive: [], Food: 7, Hazards: 0
INFO 13:27:51.764145 Game completed after 32 turns.
INFO 13:27:51.888612 Snake ID: 315ef7d5-9863-47b8-9d03-f2e421f33c4c URL: http://127.0.0.1:41103, Name: "Rule-based agent"
INFO 13:27:51.891126 Ruleset: solo, Seed: 121
INFO 13:27:51.891152 Turn: 0, Snakes Alive: [Rule-based agent], Food: 2, Hazards: 0
INFO 13:27:51.902948 Turn: 1, Snakes Alive: [Rule-based agent], Food: 2, Hazards: 0
INFO 13:27:51.904665 Turn: 2, Snakes Alive: [Rule-based agent], Food: 3, Hazards: 0
INFO 13:27:51.906202 Turn: 3, Snakes Alive: [Rule-based agent], Food: 3, Hazards: 0
INFO 13:27:51.907705 Turn: 4, Snakes Alive: [Rule-based agent], Food: 3, Hazards: 0
INFO 13:27:51.909288 Turn: 5, Snakes Alive: [Rule-based agent], Food: 4, Hazards: 0
INFO 13:27:51.911039 Turn: 6, Snakes Alive: [Rule-based agent], Food: 5, Hazards: 0
INFO 13:27:51.912391 Turn: 7, Snakes Alive: [Rule-based agent], Food: 5, Hazards: 0
INFO 13:27:51.915753 Turn: 8, Snakes Alive: [Rule-based agent], Food: 5, Hazards: 0
INFO 13:27:51.917376 Turn: 9, Snakes Alive: [Rule-based agent], Food: 6, Hazards: 0
INFO 13:27:51.919024 Turn: 10, Snakes Alive: [Rule-based agent], Food: 7, Hazards: 0
INFO 13:27:51.920478 Turn: 11, Snakes Alive: [Rule-based agent], Food: 7, Hazards: 0
INFO 13:27:51.921898 Turn: 12, Snakes Alive: [Rule-based agent], Food: 8, Hazards: 0
INFO 13:27:51.923439 Turn: 13, Snakes Alive: [Rule-based agent], Food: 8, Hazards: 0
INFO 13:27:51.924984 Turn: 14, Snakes Alive: [Rule-based agent], Food: 8, Hazards: 0
INFO 13:27:51.927102 Turn: 15, Snakes Alive: [Rule-based agent], Food: 7, Hazards: 0
INFO 13:27:51.928621 Turn: 16, Snakes Alive: [Rule-based agent], Food: 7, Hazards: 0
INFO 13:27:51.930053 Turn: 17, Snakes Alive: [Rule-based agent], Food: 7, Hazards: 0
INFO 13:27:51.931505 Turn: 18, Snakes Alive: [Rule-based agent], Food: 6, Hazards: 0
INFO 13:27:51.933069 Turn: 19, Snakes Alive: [Rule-based agent], Food: 6, Hazards: 0
INFO 13:27:51.934474 Turn: 20, Snakes Alive: [Rule-based agent], Food: 6, Hazards: 0
INFO 13:27:51.935975 Turn: 21, Snakes Alive: [Rule-based agent], Food: 6, Hazards: 0
INFO 13:27:51.937496 Turn: 22, Snakes Alive: [Rule-based agent], Food: 6, Hazards: 0
INFO 13:27:51.939122 Turn: 23, Snakes Alive: [Rule-based agent], Food: 6, Hazards: 0
INFO 13:27:51.940617 Turn: 24, Snakes Alive: [Rule-based agent], Food: 6, Hazards: 0
INFO 13:27:51.942217 Turn: 25, Snakes Alive: [Rule-based agent], Food: 6, Hazards: 0
INFO 13:27:51.943800 Turn: 26, Snakes Alive: [Rule-based agent], Food: 6, Hazards: 0
INFO 13:27:51.945593 Turn: 27, Snakes Alive: [Rule-based agent], Food: 6, Hazards: 0
INFO 13:27:51.947205 Turn: 28, Snakes Alive: [Rule-based agent], Food: 6, Hazards: 0
INFO 13:27:51.954555 Turn: 29, Snakes Alive: [Rule-based agent], Food: 7, Hazards: 0
INFO 13:27:51.956357 Turn: 30, Snakes Alive: [Rule-based agent], Food: 7, Hazards: 0
INFO 13:27:51.958091 Turn: 31, Snakes Alive: [Rule-based agent], Food: 7, Hazards: 0
INFO 13:27:51.959728 Turn: 32, Snakes Alive: [Rule-based agent], Food: 7, Hazards: 0
INFO 13:27:51.961319 Turn: 33, Snakes Alive: [Rule-based agent], Food: 8, Hazards: 0
INFO 13:27:51.962688 Turn: 34, Snakes Alive: [Rule-based agent], Food: 8, Hazards: 0
INFO 13:27:51.964257 Turn: 35, Snakes Alive: [Rule-based agent], Food: 9, Hazards: 0
INFO 13:27:51.965805 Turn: 36, Snakes Alive: [Rule-based agent], Food: 9, Hazards: 0
INFO 13:27:51.967519 Turn: 37, Snakes Alive: [Rule-based agent], Food: 10, Hazards: 0
INFO 13:27:51.969018 Turn: 38, Snakes Alive: [Rule-based agent], Food: 10, Hazards: 0
INFO 13:27:51.970742 Turn: 39, Snakes Alive: [Rule-based agent], Food: 10, Hazards: 0
INFO 13:27:51.972282 Turn: 40, Snakes Alive: [Rule-based agent], Food: 10, Hazards: 0
INFO 13:27:51.973884 Turn: 41, Snakes Alive: [Rule-based agent], Food: 10, Hazards: 0
INFO 13:27:51.976090 Turn: 42, Snakes Alive: [Rule-based agent], Food: 10, Hazards: 0
INFO 13:27:51.977659 Turn: 43, Snakes Alive: [Rule-based agent], Food: 10, Hazards: 0
INFO 13:27:51.979129 Turn: 44, Snakes Alive: [Rule-based agent], Food: 10, Hazards: 0
INFO 13:27:51.980745 Turn: 45, Snakes Alive: [Rule-based agent], Food: 10, Hazards: 0
INFO 13:27:51.982226 Turn: 46, Snakes Alive: [Rule-based agent], Food: 10, Hazards: 0
INFO 13:27:51.983773 Turn: 47, Snakes Alive: [Rule-based agent], Food: 10, Hazards: 0
INFO 13:27:51.985294 Turn: 48, Snakes Alive: [Rule-based agent], Food: 10, Hazards: 0
INFO 13:27:51.987002 Turn: 49, Snakes Alive: [Rule-based agent], Food: 10, Hazards: 0
INFO 13:27:51.988628 Turn: 50, Snakes Alive: [Rule-based agent], Food: 10, Hazards: 0
INFO 13:27:51.990212 Turn: 51, Snakes Alive: [Rule-based agent], Food: 10, Hazards: 0
INFO 13:27:51.992019 Turn: 52, Snakes Alive: [Rule-based agent], Food: 11, Hazards: 0
INFO 13:27:51.993901 Turn: 53, Snakes Alive: [Rule-based agent], Food: 11, Hazards: 0
INFO 13:27:51.995504 Turn: 54, Snakes Alive: [Rule-based agent], Food: 11, Hazards: 0
INFO 13:27:51.997066 Turn: 55, Snakes Alive: [Rule-based agent], Food: 11, Hazards: 0
INFO 13:27:51.998829 Turn: 56, Snakes Alive: [Rule-based agent], Food: 12, Hazards: 0
INFO 13:27:52.000473 Turn: 57, Snakes Alive: [Rule-based agent], Food: 13, Hazards: 0
INFO 13:27:52.002041 Turn: 58, Snakes Alive: [Rule-based agent], Food: 13, Hazards: 0
INFO 13:27:52.003575 Turn: 59, Snakes Alive: [Rule-based agent], Food: 13, Hazards: 0
INFO 13:27:52.005179 Turn: 60, Snakes Alive: [Rule-based agent], Food: 14, Hazards: 0
INFO 13:27:52.006781 Turn: 61, Snakes Alive: [Rule-based agent], Food: 14, Hazards: 0
INFO 13:27:52.008429 Turn: 62, Snakes Alive: [Rule-based agent], Food: 14, Hazards: 0
INFO 13:27:52.010184 Turn: 63, Snakes Alive: [Rule-based agent], Food: 14, Hazards: 0
INFO 13:27:52.011658 Turn: 64, Snakes Alive: [Rule-based agent], Food: 14, Hazards: 0
INFO 13:27:52.013091 Turn: 65, Snakes Alive: [Rule-based agent], Food: 14, Hazards: 0
INFO 13:27:52.014698 Turn: 66, Snakes Alive: [Rule-based agent], Food: 13, Hazards: 0
INFO 13:27:52.016336 Turn: 67, Snakes Alive: [Rule-based agent], Food: 13, Hazards: 0
INFO 13:27:52.017843 Turn: 68, Snakes Alive: [Rule-based agent], Food: 13, Hazards: 0
INFO 13:27:52.019294 Turn: 69, Snakes Alive: [Rule-based agent], Food: 13, Hazards: 0
INFO 13:27:52.020786 Turn: 70, Snakes Alive: [Rule-based agent], Food: 13, Hazards: 0
INFO 13:27:52.022268 Turn: 71, Snakes Alive: [Rule-based agent], Food: 13, Hazards: 0
INFO 13:27:52.023801 Turn: 72, Snakes Alive: [Rule-based agent], Food: 13, Hazards: 0
INFO 13:27:52.025413 Turn: 73, Snakes Alive: [Rule-based agent], Food: 13, Hazards: 0
INFO 13:27:52.027146 Turn: 74, Snakes Alive: [Rule-based agent], Food: 12, Hazards: 0
INFO 13:27:52.028702 Turn: 75, Snakes Alive: [Rule-based agent], Food: 12, Hazards: 0
INFO 13:27:52.030328 Turn: 76, Snakes Alive: [Rule-based agent], Food: 12, Hazards: 0
INFO 13:27:52.031866 Turn: 77, Snakes Alive: [Rule-based agent], Food: 11, Hazards: 0
INFO 13:27:52.033472 Turn: 78, Snakes Alive: [Rule-based agent], Food: 10, Hazards: 0
INFO 13:27:52.035101 Turn: 79, Snakes Alive: [Rule-based agent], Food: 10, Hazards: 0
INFO 13:27:52.038028 Turn: 80, Snakes Alive: [Rule-based agent], Food: 9, Hazards: 0
INFO 13:27:52.039541 Turn: 81, Snakes Alive: [Rule-based agent], Food: 8, Hazards: 0
INFO 13:27:52.041068 Turn: 82, Snakes Alive: [Rule-based agent], Food: 8, Hazards: 0
INFO 13:27:52.042839 Turn: 83, Snakes Alive: [Rule-based agent], Food: 8, Hazards: 0
INFO 13:27:52.044505 Turn: 84, Snakes Alive: [Rule-based agent], Food: 8, Hazards: 0
INFO 13:27:52.046029 Turn: 85, Snakes Alive: [Rule-based agent], Food: 9, Hazards: 0
INFO 13:27:52.047852 Turn: 86, Snakes Alive: [Rule-based agent], Food: 9, Hazards: 0
INFO 13:27:52.049516 Turn: 87, Snakes Alive: [Rule-based agent], Food: 9, Hazards: 0
INFO 13:27:52.051086 Turn: 88, Snakes Alive: [Rule-based agent], Food: 9, Hazards: 0
INFO 13:27:52.052752 Turn: 89, Snakes Alive: [Rule-based agent], Food: 8, Hazards: 0
INFO 13:27:52.054311 Turn: 90, Snakes Alive: [Rule-based agent], Food: 8, Hazards: 0
INFO 13:27:52.055892 Turn: 91, Snakes Alive: [Rule-based agent], Food: 8, Hazards: 0
INFO 13:27:52.057468 Turn: 92, Snakes Alive: [Rule-based agent], Food: 8, Hazards: 0
INFO 13:27:52.059282 Turn: 93, Snakes Alive: [Rule-based agent], Food: 8, Hazards: 0
INFO 13:27:52.060906 Turn: 94, Snakes Alive: [Rule-based agent], Food: 8, Hazards: 0
INFO 13:27:52.062182 Turn: 95, Snakes Alive: [Rule-based agent], Food: 8, Hazards: 0
INFO 13:27:52.063722 Turn: 96, Snakes Alive: [Rule-based agent], Food: 8, Hazards: 0
INFO 13:27:52.065092 Turn: 97, Snakes Alive: [Rule-based agent], Food: 8, Hazards: 0
INFO 13:27:52.066639 Turn: 98, Snakes Alive: [Rule-based agent], Food: 8, Hazards: 0
INFO 13:27:52.068097 Turn: 99, Snakes Alive: [Rule-based agent], Food: 8, Hazards: 0
INFO 13:27:52.069640 Turn: 100, Snakes Alive: [Rule-based agent], Food: 8, Hazards: 0
INFO 13:27:52.071114 Turn: 101, Snakes Alive: [Rule-based agent], Food: 8, Hazards: 0
INFO 13:27:52.072584 Turn: 102, Snakes Alive: [Rule-based agent], Food: 8, Hazards: 0
INFO 13:27:52.074071 Turn: 103, Snakes Alive: [Rule-based agent], Food: 8, Hazards: 0
INFO 13:27:52.075589 Turn: 104, Snakes Alive: [Rule-based agent], Food: 7, Hazards: 0
INFO 13:27:52.077438 Turn: 105, Snakes Alive: [Rule-based agent], Food: 7, Hazards: 0
INFO 13:27:52.078983 Turn: 106, Snakes Alive: [Rule-based agent], Food: 7, Hazards: 0
INFO 13:27:52.080456 Turn: 107, Snakes Alive: [Rule-based agent], Food: 7, Hazards: 0
INFO 13:27:52.081916 Turn: 108, Snakes Alive: [Rule-based agent], Food: 7, Hazards: 0
INFO 13:27:52.083420 Turn: 109, Snakes Alive: [Rule-based agent], Food: 8, Hazards: 0
INFO 13:27:52.084929 Turn: 110, Snakes Alive: [Rule-based agent], Food: 7, Hazards: 0
INFO 13:27:52.086486 Turn: 111, Snakes Alive: [Rule-based agent], Food: 7, Hazards: 0
INFO 13:27:52.088014 Turn: 112, Snakes Alive: [Rule-based agent], Food: 7, Hazards: 0
INFO 13:27:52.089448 Turn: 113, Snakes Alive: [Rule-based agent], Food: 7, Hazards: 0
INFO 13:27:52.090956 Turn: 114, Snakes Alive: [Rule-based agent], Food: 7, Hazards: 0
INFO 13:27:52.092655 Turn: 115, Snakes Alive: [Rule-based agent], Food: 7, Hazards: 0
INFO 13:27:52.094132 Turn: 116, Snakes Alive: [Rule-based agent], Food: 7, Hazards: 0
INFO 13:27:52.095539 Turn: 117, Snakes Alive: [Rule-based agent], Food: 7, Hazards: 0
INFO 13:27:52.097039 Turn: 118, Snakes Alive: [Rule-based agent], Food: 7, Hazards: 0
INFO 13:27:52.098622 Turn: 119, Snakes Alive: [Rule-based agent], Food: 7, Hazards: 0
INFO 13:27:52.100040 Turn: 120, Snakes Alive: [Rule-based agent], Food: 7, Hazards: 0
INFO 13:27:52.101595 Turn: 121, Snakes Alive: [Rule-based agent], Food: 7, Hazards: 0
INFO 13:27:52.103124 Turn: 122, Snakes Alive: [Rule-based agent], Food: 7, Hazards: 0
INFO 13:27:52.104611 Turn: 123, Snakes Alive: [Rule-based agent], Food: 7, Hazards: 0
INFO 13:27:52.106070 Turn: 124, Snakes Alive: [Rule-based agent], Food: 7, Hazards: 0
INFO 13:27:52.107418 Turn: 125, Snakes Alive: [Rule-based agent], Food: 7, Hazards: 0
INFO 13:27:52.108924 Turn: 126, Snakes Alive: [Rule-based agent], Food: 7, Hazards: 0
INFO 13:27:52.110591 Turn: 127, Snakes Alive: [Rule-based agent], Food: 7, Hazards: 0
INFO 13:27:52.112021 Turn: 128, Snakes Alive: [Rule-based agent], Food: 8, Hazards: 0
INFO 13:27:52.113492 Turn: 129, Snakes Alive: [Rule-based agent], Food: 8, Hazards: 0
INFO 13:27:52.114964 Turn: 130, Snakes Alive: [Rule-based agent], Food: 8, Hazards: 0
INFO 13:27:52.116610 Turn: 131, Snakes Alive: [Rule-based agent], Food: 8, Hazards: 0
INFO 13:27:52.118060 Turn: 132, Snakes Alive: [Rule-based agent], Food: 8, Hazards: 0
INFO 13:27:52.119438 Turn: 133, Snakes Alive: [Rule-based agent], Food: 8, Hazards: 0
INFO 13:27:52.120844 Turn: 134, Snakes Alive: [Rule-based agent], Food: 8, Hazards: 0
INFO 13:27:52.122189 Turn: 135, Snakes Alive: [Rule-based agent], Food: 8, Hazards: 0
INFO 13:27:52.123609 Turn: 136, Snakes Alive: [Rule-based agent], Food: 8, Hazards: 0
INFO 13:27:52.125118 Turn: 137, Snakes Alive: [Rule-based agent], Food: 8, Hazards: 0
INFO 13:27:52.126726 Turn: 138, Snakes Alive: [Rule-based agent], Food: 8, Hazards: 0
INFO 13:27:52.128389 Turn: 139, Snakes Alive: [Rule-based agent], Food: 8, Hazards: 0
INFO 13:27:52.129785 Turn: 140, Snakes Alive: [Rule-based agent], Food: 8, Hazards: 0
INFO 13:27:52.131260 Turn: 141, Snakes Alive: [Rule-based agent], Food: 8, Hazards: 0
INFO 13:27:52.132772 Turn: 142, Snakes Alive: [Rule-based agent], Food: 8, Hazards: 0
INFO 13:27:52.134266 Turn: 143, Snakes Alive: [Rule-based agent], Food: 8, Hazards: 0
INFO 13:27:52.135871 Turn: 144, Snakes Alive: [Rule-based agent], Food: 7, Hazards: 0
INFO 13:27:52.137445 Turn: 145, Snakes Alive: [Rule-based agent], Food: 7, Hazards: 0
INFO 13:27:52.139075 Turn: 146, Snakes Alive: [Rule-based agent], Food: 7, Hazards: 0
INFO 13:27:52.140508 Turn: 147, Snakes Alive: [Rule-based agent], Food: 7, Hazards: 0
INFO 13:27:52.142091 Turn: 148, Snakes Alive: [Rule-based agent], Food: 7, Hazards: 0
INFO 13:27:52.143996 Turn: 149, Snakes Alive: [Rule-based agent], Food: 7, Hazards: 0
INFO 13:27:52.145417 Turn: 150, Snakes Alive: [Rule-based agent], Food: 7, Hazards: 0
INFO 13:27:52.146927 Turn: 151, Snakes Alive: [Rule-based agent], Food: 7, Hazards: 0
INFO 13:27:52.148584 Turn: 152, Snakes Alive: [Rule-based agent], Food: 7, Hazards: 0
INFO 13:27:52.150071 Turn: 153, Snakes Alive: [Rule-based agent], Food: 7, Hazards: 0
INFO 13:27:52.151515 Turn: 154, Snakes Alive: [Rule-based agent], Food: 7, Hazards: 0
INFO 13:27:52.153049 Turn: 155, Snakes Alive: [Rule-based agent], Food: 7, Hazards: 0
INFO 13:27:52.154686 Turn: 156, Snakes Alive: [Rule-based agent], Food: 7, Hazards: 0
INFO 13:27:52.156279 Turn: 157, Snakes Alive: [Rule-based agent], Food: 7, Hazards: 0
INFO 13:27:52.157812 Turn: 158, Snakes Alive: [Rule-based agent], Food: 7, Hazards: 0
INFO 13:27:52.159529 Turn: 159, Snakes Alive: [Rule-based agent], Food: 7, Hazards: 0
INFO 13:27:52.161065 Turn: 160, Snakes Alive: [Rule-based agent], Food: 8, Hazards: 0
INFO 13:27:52.162493 Turn: 161, Snakes Alive: [Rule-based agent], Food: 8, Hazards: 0
INFO 13:27:52.163958 Turn: 162, Snakes Alive: [Rule-based agent], Food: 8, Hazards: 0
INFO 13:27:52.165372 Turn: 163, Snakes Alive: [Rule-based agent], Food: 7, Hazards: 0
INFO 13:27:52.167088 Turn: 164, Snakes Alive: [Rule-based agent], Food: 7, Hazards: 0
INFO 13:27:52.168549 Turn: 165, Snakes Alive: [Rule-based agent], Food: 7, Hazards: 0
INFO 13:27:52.170050 Turn: 166, Snakes Alive: [Rule-based agent], Food: 7, Hazards: 0
INFO 13:27:52.171518 Turn: 167, Snakes Alive: [Rule-based agent], Food: 8, Hazards: 0
INFO 13:27:52.173062 Turn: 168, Snakes Alive: [Rule-based agent], Food: 8, Hazards: 0
INFO 13:27:52.174604 Turn: 169, Snakes Alive: [Rule-based agent], Food: 8, Hazards: 0
INFO 13:27:52.176229 Turn: 170, Snakes Alive: [Rule-based agent], Food: 8, Hazards: 0
INFO 13:27:52.178786 Turn: 171, Snakes Alive: [Rule-based agent], Food: 8, Hazards: 0
INFO 13:27:52.180347 Turn: 172, Snakes Alive: [Rule-based agent], Food: 8, Hazards: 0
INFO 13:27:52.181904 Turn: 173, Snakes Alive: [Rule-based agent], Food: 8, Hazards: 0
INFO 13:27:52.183457 Turn: 174, Snakes Alive: [Rule-based agent], Food: 8, Hazards: 0
INFO 13:27:52.184949 Turn: 175, Snakes Alive: [Rule-based agent], Food: 8, Hazards: 0
INFO 13:27:52.186575 Turn: 176, Snakes Alive: [Rule-based agent], Food: 8, Hazards: 0
INFO 13:27:52.188128 Turn: 177, Snakes Alive: [Rule-based agent], Food: 8, Hazards: 0
INFO 13:27:52.189633 Turn: 178, Snakes Alive: [Rule-based agent], Food: 8, Hazards: 0
INFO 13:27:52.191231 Turn: 179, Snakes Alive: [Rule-based agent], Food: 8, Hazards: 0
INFO 13:27:52.192952 Turn: 180, Snakes Alive: [Rule-based agent], Food: 8, Hazards: 0
INFO 13:27:52.194739 Turn: 181, Snakes Alive: [Rule-based agent], Food: 8, Hazards: 0
INFO 13:27:52.196153 Turn: 182, Snakes Alive: [Rule-based agent], Food: 8, Hazards: 0
INFO 13:27:52.197589 Turn: 183, Snakes Alive: [Rule-based agent], Food: 8, Hazards: 0
INFO 13:27:52.199192 Turn: 184, Snakes Alive: [Rule-based agent], Food: 8, Hazards: 0
INFO 13:27:52.200708 Turn: 185, Snakes Alive: [Rule-based agent], Food: 8, Hazards: 0
INFO 13:27:52.202202 Turn: 186, Snakes Alive: [Rule-based agent], Food: 8, Hazards: 0
INFO 13:27:52.203723 Turn: 187, Snakes Alive: [Rule-based agent], Food: 8, Hazards: 0
INFO 13:27:52.205252 Turn: 188, Snakes Alive: [Rule-based agent], Food: 8, Hazards: 0
INFO 13:27:52.206838 Turn: 189, Snakes Alive: [Rule-based agent], Food: 8, Hazards: 0
INFO 13:27:52.208444 Turn: 190, Snakes Alive: [Rule-based agent], Food: 8, Hazards: 0
INFO 13:27:52.210101 Turn: 191, Snakes Alive: [Rule-based agent], Food: 9, Hazards: 0
INFO 13:27:52.211606 Turn: 192, Snakes Alive: [Rule-based agent], Food: 9, Hazards: 0
INFO 13:27:52.213055 Turn: 193, Snakes Alive: [Rule-based agent], Food: 9, Hazards: 0
INFO 13:27:52.214563 Turn: 194, Snakes Alive: [Rule-based agent], Food: 10, Hazards: 0
INFO 13:27:52.216160 Turn: 195, Snakes Alive: [Rule-based agent], Food: 9, Hazards: 0
INFO 13:27:52.217730 Turn: 196, Snakes Alive: [Rule-based agent], Food: 9, Hazards: 0
INFO 13:27:52.219313 Turn: 197, Snakes Alive: [Rule-based agent], Food: 10, Hazards: 0
INFO 13:27:52.220873 Turn: 198, Snakes Alive: [Rule-based agent], Food: 10, Hazards: 0
INFO 13:27:52.222469 Turn: 199, Snakes Alive: [Rule-based agent], Food: 10, Hazards: 0
INFO 13:27:52.224091 Turn: 200, Snakes Alive: [Rule-based agent], Food: 10, Hazards: 0
INFO 13:27:52.225850 Turn: 201, Snakes Alive: [Rule-based agent], Food: 11, Hazards: 0
INFO 13:27:52.227495 Turn: 202, Snakes Alive: [Rule-based agent], Food: 11, Hazards: 0
INFO 13:27:52.228970 Turn: 203, Snakes Alive: [Rule-based agent], Food: 11, Hazards: 0
INFO 13:27:52.230781 Turn: 204, Snakes Alive: [Rule-based agent], Food: 11, Hazards: 0
INFO 13:27:52.232334 Turn: 205, Snakes Alive: [Rule-based agent], Food: 11, Hazards: 0
INFO 13:27:52.233862 Turn: 206, Snakes Alive: [Rule-based agent], Food: 11, Hazards: 0
INFO 13:27:52.235377 Turn: 207, Snakes Alive: [Rule-based agent], Food: 11, Hazards: 0
INFO 13:27:52.236997 Turn: 208, Snakes Alive: [Rule-based agent], Food: 11, Hazards: 0
INFO 13:27:52.238590 Turn: 209, Snakes Alive: [Rule-based agent], Food: 11, Hazards: 0
INFO 13:27:52.240135 Turn: 210, Snakes Alive: [Rule-based agent], Food: 11, Hazards: 0
INFO 13:27:52.241828 Turn: 211, Snakes Alive: [Rule-based agent], Food: 11, Hazards: 0
INFO 13:27:52.243544 Turn: 212, Snakes Alive: [Rule-based agent], Food: 11, Hazards: 0
INFO 13:27:52.244987 Turn: 213, Snakes Alive: [Rule-based agent], Food: 11, Hazards: 0
INFO 13:27:52.246554 Turn: 214, Snakes Alive: [Rule-based agent], Food: 11, Hazards: 0
INFO 13:27:52.248050 Turn: 215, Snakes Alive: [Rule-based agent], Food: 11, Hazards: 0
INFO 13:27:52.249667 Turn: 216, Snakes Alive: [Rule-based agent], Food: 11, Hazards: 0
INFO 13:27:52.251287 Turn: 217, Snakes Alive: [Rule-based agent], Food: 11, Hazards: 0
INFO 13:27:52.252837 Turn: 218, Snakes Alive: [Rule-based agent], Food: 11, Hazards: 0
INFO 13:27:52.254437 Turn: 219, Snakes Alive: [Rule-based agent], Food: 11, Hazards: 0
INFO 13:27:52.255935 Turn: 220, Snakes Alive: [Rule-based agent], Food: 11, Hazards: 0
INFO 13:27:52.257430 Turn: 221, Snakes Alive: [Rule-based agent], Food: 11, Hazards: 0
INFO 13:27:52.259251 Turn: 222, Snakes Alive: [Rule-based agent], Food: 11, Hazards: 0
INFO 13:27:52.260918 Turn: 223, Snakes Alive: [Rule-based agent], Food: 12, Hazards: 0
INFO 13:27:52.262365 Turn: 224, Snakes Alive: [Rule-based agent], Food: 12, Hazards: 0
INFO 13:27:52.264013 Turn: 225, Snakes Alive: [Rule-based agent], Food: 12, Hazards: 0
INFO 13:27:52.265665 Turn: 226, Snakes Alive: [Rule-based agent], Food: 13, Hazards: 0
INFO 13:27:52.267271 Turn: 227, Snakes Alive: [Rule-based agent], Food: 13, Hazards: 0
INFO 13:27:52.268876 Turn: 228, Snakes Alive: [Rule-based agent], Food: 13, Hazards: 0
INFO 13:27:52.270550 Turn: 229, Snakes Alive: [Rule-based agent], Food: 13, Hazards: 0
INFO 13:27:52.272209 Turn: 230, Snakes Alive: [Rule-based agent], Food: 14, Hazards: 0
INFO 13:27:52.273818 Turn: 231, Snakes Alive: [Rule-based agent], Food: 14, Hazards: 0
INFO 13:27:52.275584 Turn: 232, Snakes Alive: [Rule-based agent], Food: 14, Hazards: 0
INFO 13:27:52.277364 Turn: 233, Snakes Alive: [Rule-based agent], Food: 14, Hazards: 0
INFO 13:27:52.279060 Turn: 234, Snakes Alive: [Rule-based agent], Food: 13, Hazards: 0
INFO 13:27:52.280739 Turn: 235, Snakes Alive: [Rule-based agent], Food: 13, Hazards: 0
INFO 13:27:52.282405 Turn: 236, Snakes Alive: [Rule-based agent], Food: 13, Hazards: 0
INFO 13:27:52.283967 Turn: 237, Snakes Alive: [Rule-based agent], Food: 13, Hazards: 0
INFO 13:27:52.285630 Turn: 238, Snakes Alive: [Rule-based agent], Food: 13, Hazards: 0
INFO 13:27:52.287307 Turn: 239, Snakes Alive: [Rule-based agent], Food: 13, Hazards: 0
INFO 13:27:52.288965 Turn: 240, Snakes Alive: [Rule-based agent], Food: 13, Hazards: 0
INFO 13:27:52.290619 Turn: 241, Snakes Alive: [Rule-based agent], Food: 13, Hazards: 0
INFO 13:27:52.292228 Turn: 242, Snakes Alive: [Rule-based agent], Food: 13, Hazards: 0
INFO 13:27:52.293856 Turn: 243, Snakes Alive: [Rule-based agent], Food: 13, Hazards: 0
INFO 13:27:52.295461 Turn: 244, Snakes Alive: [Rule-based agent], Food: 13, Hazards: 0
INFO 13:27:52.297131 Turn: 245, Snakes Alive: [Rule-based agent], Food: 13, Hazards: 0
INFO 13:27:52.298890 Turn: 246, Snakes Alive: [Rule-based agent], Food: 14, Hazards: 0
INFO 13:27:52.300626 Turn: 247, Snakes Alive: [Rule-based agent], Food: 14, Hazards: 0
INFO 13:27:52.302270 Turn: 248, Snakes Alive: [Rule-based agent], Food: 14, Hazards: 0
INFO 13:27:52.303855 Turn: 249, Snakes Alive: [Rule-based agent], Food: 14, Hazards: 0
INFO 13:27:52.305523 Turn: 250, Snakes Alive: [Rule-based agent], Food: 15, Hazards: 0
INFO 13:27:52.307221 Turn: 251, Snakes Alive: [Rule-based agent], Food: 15, Hazards: 0
INFO 13:27:52.309136 Turn: 252, Snakes Alive: [Rule-based agent], Food: 16, Hazards: 0
INFO 13:27:52.311572 Turn: 253, Snakes Alive: [Rule-based agent], Food: 17, Hazards: 0
INFO 13:27:52.313183 Turn: 254, Snakes Alive: [Rule-based agent], Food: 17, Hazards: 0
INFO 13:27:52.314989 Turn: 255, Snakes Alive: [Rule-based agent], Food: 16, Hazards: 0
INFO 13:27:52.316612 Turn: 256, Snakes Alive: [Rule-based agent], Food: 17, Hazards: 0
INFO 13:27:52.318155 Turn: 257, Snakes Alive: [Rule-based agent], Food: 17, Hazards: 0
INFO 13:27:52.319882 Turn: 258, Snakes Alive: [Rule-based agent], Food: 18, Hazards: 0
INFO 13:27:52.321547 Turn: 259, Snakes Alive: [Rule-based agent], Food: 18, Hazards: 0
INFO 13:27:52.323269 Turn: 260, Snakes Alive: [Rule-based agent], Food: 17, Hazards: 0
INFO 13:27:52.324940 Turn: 261, Snakes Alive: [Rule-based agent], Food: 17, Hazards: 0
INFO 13:27:52.326989 Turn: 262, Snakes Alive: [Rule-based agent], Food: 18, Hazards: 0
INFO 13:27:52.328684 Turn: 263, Snakes Alive: [Rule-based agent], Food: 18, Hazards: 0
INFO 13:27:52.330396 Turn: 264, Snakes Alive: [Rule-based agent], Food: 18, Hazards: 0
INFO 13:27:52.332107 Turn: 265, Snakes Alive: [Rule-based agent], Food: 19, Hazards: 0
INFO 13:27:52.333729 Turn: 266, Snakes Alive: [Rule-based agent], Food: 19, Hazards: 0
INFO 13:27:52.335454 Turn: 267, Snakes Alive: [Rule-based agent], Food: 19, Hazards: 0
INFO 13:27:52.337077 Turn: 268, Snakes Alive: [Rule-based agent], Food: 19, Hazards: 0
INFO 13:27:52.338835 Turn: 269, Snakes Alive: [Rule-based agent], Food: 19, Hazards: 0
INFO 13:27:52.340587 Turn: 270, Snakes Alive: [Rule-based agent], Food: 19, Hazards: 0
INFO 13:27:52.342623 Turn: 271, Snakes Alive: [Rule-based agent], Food: 19, Hazards: 0
INFO 13:27:52.344216 Turn: 272, Snakes Alive: [Rule-based agent], Food: 19, Hazards: 0
INFO 13:27:52.345694 Turn: 273, Snakes Alive: [Rule-based agent], Food: 19, Hazards: 0
INFO 13:27:52.347302 Turn: 274, Snakes Alive: [Rule-based agent], Food: 18, Hazards: 0
INFO 13:27:52.348897 Turn: 275, Snakes Alive: [Rule-based agent], Food: 18, Hazards: 0
INFO 13:27:52.350550 Turn: 276, Snakes Alive: [Rule-based agent], Food: 18, Hazards: 0
INFO 13:27:52.352121 Turn: 277, Snakes Alive: [Rule-based agent], Food: 18, Hazards: 0
INFO 13:27:52.353735 Turn: 278, Snakes Alive: [Rule-based agent], Food: 18, Hazards: 0
INFO 13:27:52.355513 Turn: 279, Snakes Alive: [Rule-based agent], Food: 17, Hazards: 0
INFO 13:27:52.357158 Turn: 280, Snakes Alive: [Rule-based agent], Food: 17, Hazards: 0
INFO 13:27:52.359069 Turn: 281, Snakes Alive: [Rule-based agent], Food: 17, Hazards: 0
INFO 13:27:52.360883 Turn: 282, Snakes Alive: [Rule-based agent], Food: 17, Hazards: 0
INFO 13:27:52.362542 Turn: 283, Snakes Alive: [Rule-based agent], Food: 17, Hazards: 0
INFO 13:27:52.364227 Turn: 284, Snakes Alive: [Rule-based agent], Food: 18, Hazards: 0
INFO 13:27:52.366012 Turn: 285, Snakes Alive: [Rule-based agent], Food: 18, Hazards: 0
INFO 13:27:52.367830 Turn: 286, Snakes Alive: [Rule-based agent], Food: 18, Hazards: 0
INFO 13:27:52.369555 Turn: 287, Snakes Alive: [Rule-based agent], Food: 18, Hazards: 0
INFO 13:27:52.371310 Turn: 288, Snakes Alive: [Rule-based agent], Food: 17, Hazards: 0
INFO 13:27:52.372995 Turn: 289, Snakes Alive: [Rule-based agent], Food: 16, Hazards: 0
INFO 13:27:52.374793 Turn: 290, Snakes Alive: [Rule-based agent], Food: 16, Hazards: 0
INFO 13:27:52.376862 Turn: 291, Snakes Alive: [Rule-based agent], Food: 16, Hazards: 0
INFO 13:27:52.378507 Turn: 292, Snakes Alive: [Rule-based agent], Food: 16, Hazards: 0
INFO 13:27:52.380248 Turn: 293, Snakes Alive: [Rule-based agent], Food: 16, Hazards: 0
INFO 13:27:52.381930 Turn: 294, Snakes Alive: [Rule-based agent], Food: 16, Hazards: 0
INFO 13:27:52.383770 Turn: 295, Snakes Alive: [Rule-based agent], Food: 16, Hazards: 0
INFO 13:27:52.385328 Turn: 296, Snakes Alive: [Rule-based agent], Food: 17, Hazards: 0
INFO 13:27:52.386998 Turn: 297, Snakes Alive: [Rule-based agent], Food: 17, Hazards: 0
INFO 13:27:52.388625 Turn: 298, Snakes Alive: [Rule-based agent], Food: 17, Hazards: 0
INFO 13:27:52.390526 Turn: 299, Snakes Alive: [Rule-based agent], Food: 17, Hazards: 0
INFO 13:27:52.392236 Turn: 300, Snakes Alive: [Rule-based agent], Food: 17, Hazards: 0
INFO 13:27:52.394032 Turn: 301, Snakes Alive: [Rule-based agent], Food: 16, Hazards: 0
INFO 13:27:52.395596 Turn: 302, Snakes Alive: [Rule-based agent], Food: 15, Hazards: 0
INFO 13:27:52.397239 Turn: 303, Snakes Alive: [Rule-based agent], Food: 14, Hazards: 0
INFO 13:27:52.399023 Turn: 304, Snakes Alive: [Rule-based agent], Food: 15, Hazards: 0
INFO 13:27:52.400575 Turn: 305, Snakes Alive: [Rule-based agent], Food: 15, Hazards: 0
INFO 13:27:52.402180 Turn: 306, Snakes Alive: [Rule-based agent], Food: 15, Hazards: 0
INFO 13:27:52.403864 Turn: 307, Snakes Alive: [Rule-based agent], Food: 15, Hazards: 0
INFO 13:27:52.405692 Turn: 308, Snakes Alive: [Rule-based agent], Food: 15, Hazards: 0
INFO 13:27:52.407392 Turn: 309, Snakes Alive: [Rule-based agent], Food: 15, Hazards: 0
INFO 13:27:52.408915 Turn: 310, Snakes Alive: [], Food: 15, Hazards: 0
INFO 13:27:52.410277 Game completed after 311 turns.
INFO 13:27:52.600117 Snake ID: d50e7701-bca3-41b7-aa06-2f5d2c78b485 URL: http://127.0.0.1:41103, Name: "Rule-based agent"
INFO 13:27:52.601995 Ruleset: solo, Seed: 122
INFO 13:27:52.602049 Turn: 0, Snakes Alive: [Rule-based agent], Food: 2, Hazards: 0
INFO 13:27:52.614092 Turn: 1, Snakes Alive: [Rule-based agent], Food: 3, Hazards: 0
INFO 13:27:52.615651 Turn: 2, Snakes Alive: [Rule-based agent], Food: 2, Hazards: 0
INFO 13:27:52.617067 Turn: 3, Snakes Alive: [Rule-based agent], Food: 3, Hazards: 0
INFO 13:27:52.618808 Turn: 4, Snakes Alive: [Rule-based agent], Food: 4, Hazards: 0
INFO 13:27:52.620318 Turn: 5, Snakes Alive: [Rule-based agent], Food: 5, Hazards: 0
INFO 13:27:52.621733 Turn: 6, Snakes Alive: [Rule-based agent], Food: 5, Hazards: 0
INFO 13:27:52.623132 Turn: 7, Snakes Alive: [Rule-based agent], Food: 5, Hazards: 0
INFO 13:27:52.624587 Turn: 8, Snakes Alive: [Rule-based agent], Food: 6, Hazards: 0
INFO 13:27:52.626259 Turn: 9, Snakes Alive: [Rule-based agent], Food: 7, Hazards: 0
INFO 13:27:52.627875 Turn: 10, Snakes Alive: [Rule-based agent], Food: 7, Hazards: 0
INFO 13:27:52.629327 Turn: 11, Snakes Alive: [Rule-based agent], Food: 8, Hazards: 0
INFO 13:27:52.630925 Turn: 12, Snakes Alive: [Rule-based agent], Food: 8, Hazards: 0
INFO 13:27:52.632263 Turn: 13, Snakes Alive: [Rule-based agent], Food: 8, Hazards: 0
INFO 13:27:52.633667 Turn: 14, Snakes Alive: [Rule-based agent], Food: 8, Hazards: 0
INFO 13:27:52.635393 Turn: 15, Snakes Alive: [Rule-based agent], Food: 8, Hazards: 0
INFO 13:27:52.636800 Turn: 16, Snakes Alive: [Rule-based agent], Food: 8, Hazards: 0
INFO 13:27:52.638085 Turn: 17, Snakes Alive: [Rule-based agent], Food: 8, Hazards: 0
INFO 13:27:52.639563 Turn: 18, Snakes Alive: [Rule-based agent], Food: 8, Hazards: 0
INFO 13:27:52.640954 Turn: 19, Snakes Alive: [Rule-based agent], Food: 8, Hazards: 0
INFO 13:27:52.642363 Turn: 20, Snakes Alive: [Rule-based agent], Food: 8, Hazards: 0
INFO 13:27:52.643994 Turn: 21, Snakes Alive: [Rule-based agent], Food: 8, Hazards: 0
INFO 13:27:52.645336 Turn: 22, Snakes Alive: [Rule-based agent], Food: 8, Hazards: 0
INFO 13:27:52.646836 Turn: 23, Snakes Alive: [Rule-based agent], Food: 8, Hazards: 0
INFO 13:27:52.648112 Turn: 24, Snakes Alive: [Rule-based agent], Food: 8, Hazards: 0
INFO 13:27:52.649641 Turn: 25, Snakes Alive: [Rule-based agent], Food: 8, Hazards: 0
INFO 13:27:52.651116 Turn: 26, Snakes Alive: [Rule-based agent], Food: 8, Hazards: 0
INFO 13:27:52.652455 Turn: 27, Snakes Alive: [Rule-based agent], Food: 8, Hazards: 0
INFO 13:27:52.653841 Turn: 28, Snakes Alive: [Rule-based agent], Food: 9, Hazards: 0
INFO 13:27:52.655418 Turn: 29, Snakes Alive: [Rule-based agent], Food: 9, Hazards: 0
INFO 13:27:52.657434 Turn: 30, Snakes Alive: [Rule-based agent], Food: 9, Hazards: 0
INFO 13:27:52.658962 Turn: 31, Snakes Alive: [Rule-based agent], Food: 9, Hazards: 0
INFO 13:27:52.660597 Turn: 32, Snakes Alive: [Rule-based agent], Food: 10, Hazards: 0
INFO 13:27:52.661997 Turn: 33, Snakes Alive: [Rule-based agent], Food: 10, Hazards: 0
INFO 13:27:52.663452 Turn: 34, Snakes Alive: [Rule-based agent], Food: 11, Hazards: 0
INFO 13:27:52.664819 Turn: 35, Snakes Alive: [Rule-based agent], Food: 11, Hazards: 0
INFO 13:27:52.666393 Turn: 36, Snakes Alive: [Rule-based agent], Food: 11, Hazards: 0
INFO 13:27:52.668166 Turn: 37, Snakes Alive: [Rule-based agent], Food: 11, Hazards: 0
INFO 13:27:52.669590 Turn: 38, Snakes Alive: [Rule-based agent], Food: 11, Hazards: 0
INFO 13:27:52.670975 Turn: 39, Snakes Alive: [Rule-based agent], Food: 11, Hazards: 0
INFO 13:27:52.672416 Turn: 40, Snakes Alive: [Rule-based agent], Food: 11, Hazards: 0
INFO 13:27:52.673743 Turn: 41, Snakes Alive: [Rule-based agent], Food: 11, Hazards: 0
INFO 13:27:52.675177 Turn: 42, Snakes Alive: [Rule-based agent], Food: 10, Hazards: 0
INFO 13:27:52.676822 Turn: 43, Snakes Alive: [Rule-based agent], Food: 10, Hazards: 0
INFO 13:27:52.678077 Turn: 44, Snakes Alive: [Rule-based agent], Food: 10, Hazards: 0
INFO 13:27:52.679390 Turn: 45, Snakes Alive: [Rule-based agent], Food: 10, Hazards: 0
INFO 13:27:52.680848 Turn: 46, Snakes Alive: [Rule-based agent], Food: 10, Hazards: 0
INFO 13:27:52.682104 Turn: 47, Snakes Alive: [Rule-based agent], Food: 10, Hazards: 0
INFO 13:27:52.683806 Turn: 48, Snakes Alive: [Rule-based agent], Food: 9, Hazards: 0
INFO 13:27:52.685578 Turn: 49, Snakes Alive: [Rule-based agent], Food: 9, Hazards: 0
INFO 13:27:52.686901 Turn: 50, Snakes Alive: [Rule-based agent], Food: 9, Hazards: 0
INFO 13:27:52.688171 Turn: 51, Snakes Alive: [Rule-based agent], Food: 10, Hazards: 0
INFO 13:27:52.689496 Turn: 52, Snakes Alive: [Rule-based agent], Food: 10, Hazards: 0
INFO 13:27:52.690953 Turn: 53, Snakes Alive: [Rule-based agent], Food: 10, Hazards: 0
INFO 13:27:52.692550 Turn: 54, Snakes Alive: [Rule-based agent], Food: 10, Hazards: 0
INFO 13:27:52.694180 Turn: 55, Snakes Alive: [Rule-based agent], Food: 11, Hazards: 0
INFO 13:27:52.695608 Turn: 56, Snakes Alive: [Rule-based agent], Food: 12, Hazards: 0
INFO 13:27:52.697128 Turn: 57, Snakes Alive: [Rule-based agent], Food: 12, Hazards: 0
INFO 13:27:52.698670 Turn: 58, Snakes Alive: [Rule-based agent], Food: 12, Hazards: 0
INFO 13:27:52.700216 Turn: 59, Snakes Alive: [Rule-based agent], Food: 13, Hazards: 0
INFO 13:27:52.701549 Turn: 60, Snakes Alive: [Rule-based agent], Food: 12, Hazards: 0
INFO 13:27:52.702957 Turn: 61, Snakes Alive: [Rule-based agent], Food: 12, Hazards: 0
INFO 13:27:52.704297 Turn: 62, Snakes Alive: [Rule-based agent], Food: 12, Hazards: 0
INFO 13:27:52.705735 Turn: 63, Snakes Alive: [Rule-based agent], Food: 12, Hazards: 0
INFO 13:27:52.707168 Turn: 64, Snakes Alive: [Rule-based agent], Food: 12, Hazards: 0
INFO 13:27:52.708638 Turn: 65, Snakes Alive: [Rule-based agent], Food: 12, Hazards: 0
INFO 13:27:52.710200 Turn: 66, Snakes Alive: [Rule-based agent], Food: 12, Hazards: 0
INFO 13:27:52.711687 Turn: 67, Snakes Alive: [Rule-based agent], Food: 12, Hazards: 0
INFO 13:27:52.713137 Turn: 68, Snakes Alive: [Rule-based agent], Food: 12, Hazards: 0
INFO 13:27:52.714700 Turn: 69, Snakes Alive: [Rule-based agent], Food: 12, Hazards: 0
INFO 13:27:52.717528 Turn: 70, Snakes Alive: [Rule-based agent], Food: 12, Hazards: 0
INFO 13:27:52.719095 Turn: 71, Snakes Alive: [Rule-based agent], Food: 12, Hazards: 0
INFO 13:27:52.720534 Turn: 72, Snakes Alive: [Rule-based agent], Food: 12, Hazards: 0
INFO 13:27:52.721928 Turn: 73, Snakes Alive: [Rule-based agent], Food: 11, Hazards: 0
INFO 13:27:52.724192 Turn: 74, Snakes Alive: [Rule-based agent], Food: 11, Hazards: 0
INFO 13:27:52.725651 Turn: 75, Snakes Alive: [Rule-based agent], Food: 11, Hazards: 0
INFO 13:27:52.727249 Turn: 76, Snakes Alive: [Rule-based agent], Food: 11, Hazards: 0
INFO 13:27:52.728795 Turn: 77, Snakes Alive: [Rule-based agent], Food: 11, Hazards: 0
INFO 13:27:52.730234 Turn: 78, Snakes Alive: [Rule-based agent], Food: 11, Hazards: 0
INFO 13:27:52.731724 Turn: 79, Snakes Alive: [Rule-based agent], Food: 11, Hazards: 0
INFO 13:27:52.733161 Turn: 80, Snakes Alive: [Rule-based agent], Food: 10, Hazards: 0
INFO 13:27:52.734621 Turn: 81, Snakes Alive: [Rule-based agent], Food: 10, Hazards: 0
INFO 13:27:52.736114 Turn: 82, Snakes Alive: [Rule-based agent], Food: 10, Hazards: 0
INFO 13:27:52.737565 Turn: 83, Snakes Alive: [Rule-based agent], Food: 10, Hazards: 0
INFO 13:27:52.739176 Turn: 84, Snakes Alive: [Rule-based agent], Food: 11, Hazards: 0
INFO 13:27:52.740461 Turn: 85, Snakes Alive: [Rule-based agent], Food: 11, Hazards: 0
INFO 13:27:52.741848 Turn: 86, Snakes Alive: [Rule-based agent], Food: 11, Hazards: 0
INFO 13:27:52.743508 Turn: 87, Snakes Alive: [Rule-based agent], Food: 11, Hazards: 0
INFO 13:27:52.744927 Turn: 88, Snakes Alive: [Rule-based agent], Food: 11, Hazards: 0
INFO 13:27:52.746305 Turn: 89, Snakes Alive: [Rule-based agent], Food: 10, Hazards: 0
INFO 13:27:52.747759 Turn: 90, Snakes Alive: [Rule-based agent], Food: 10, Hazards: 0
INFO 13:27:52.749182 Turn: 91, Snakes Alive: [Rule-based agent], Food: 10, Hazards: 0
INFO 13:27:52.750656 Turn: 92, Snakes Alive: [Rule-based agent], Food: 10, Hazards: 0
INFO 13:27:52.752081 Turn: 93, Snakes Alive: [Rule-based agent], Food: 10, Hazards: 0
INFO 13:27:52.753479 Turn: 94, Snakes Alive: [Rule-based agent], Food: 10, Hazards: 0
INFO 13:27:52.755032 Turn: 95, Snakes Alive: [Rule-based agent], Food: 10, Hazards: 0
INFO 13:27:52.756590 Turn: 96, Snakes Alive: [Rule-based agent], Food: 10, Hazards: 0
INFO 13:27:52.758070 Turn: 97, Snakes Alive: [Rule-based agent], Food: 10, Hazards: 0
INFO 13:27:52.759667 Turn: 98, Snakes Alive: [Rule-based agent], Food: 9, Hazards: 0
INFO 13:27:52.761115 Turn: 99, Snakes Alive: [Rule-based agent], Food: 9, Hazards: 0
INFO 13:27:52.762544 Turn: 100, Snakes Alive: [Rule-based agent], Food: 9, Hazards: 0
INFO 13:27:52.764013 Turn: 101, Snakes Alive: [Rule-based agent], Food: 9, Hazards: 0
INFO 13:27:52.765570 Turn: 102, Snakes Alive: [Rule-based agent], Food: 9, Hazards: 0
INFO 13:27:52.767103 Turn: 103, Snakes Alive: [Rule-based agent], Food: 9, Hazards: 0
INFO 13:27:52.768652 Turn: 104, Snakes Alive: [Rule-based agent], Food: 9, Hazards: 0
INFO 13:27:52.814677 Turn: 105, Snakes Alive: [Rule-based agent], Food: 9, Hazards: 0
INFO 13:27:52.816601 Turn: 106, Snakes Alive: [Rule-based agent], Food: 9, Hazards: 0
INFO 13:27:52.818167 Turn: 107, Snakes Alive: [Rule-based agent], Food: 9, Hazards: 0
INFO 13:27:52.819694 Turn: 108, Snakes Alive: [Rule-based agent], Food: 10, Hazards: 0
INFO 13:27:52.821234 Turn: 109, Snakes Alive: [Rule-based agent], Food: 9, Hazards: 0
INFO 13:27:52.822766 Turn: 110, Snakes Alive: [Rule-based agent], Food: 9, Hazards: 0
INFO 13:27:52.824283 Turn: 111, Snakes Alive: [Rule-based agent], Food: 9, Hazards: 0
INFO 13:27:52.825926 Turn: 112, Snakes Alive: [Rule-based agent], Food: 9, Hazards: 0
INFO 13:27:52.827540 Turn: 113, Snakes Alive: [Rule-based agent], Food: 9, Hazards: 0
INFO 13:27:52.828970 Turn: 114, Snakes Alive: [Rule-based agent], Food: 9, Hazards: 0
INFO 13:27:52.830345 Turn: 115, Snakes Alive: [Rule-based agent], Food: 9, Hazards: 0
INFO 13:27:52.831864 Turn: 116, Snakes Alive: [Rule-based agent], Food: 9, Hazards: 0
INFO 13:27:52.833328 Turn: 117, Snakes Alive: [Rule-based agent], Food: 9, Hazards: 0
INFO 13:27:52.834779 Turn: 118, Snakes Alive: [Rule-based agent], Food: 9, Hazards: 0
INFO 13:27:52.836262 Turn: 119, Snakes Alive: [Rule-based agent], Food: 9, Hazards: 0
INFO 13:27:52.837700 Turn: 120, Snakes Alive: [Rule-based agent], Food: 9, Hazards: 0
INFO 13:27:52.839184 Turn: 121, Snakes Alive: [Rule-based agent], Food: 9, Hazards: 0
INFO 13:27:52.840587 Turn: 122, Snakes Alive: [Rule-based agent], Food: 9, Hazards: 0
INFO 13:27:52.842125 Turn: 123, Snakes Alive: [Rule-based agent], Food: 9, Hazards: 0
INFO 13:27:52.843773 Turn: 124, Snakes Alive: [Rule-based agent], Food: 9, Hazards: 0
INFO 13:27:52.845268 Turn: 125, Snakes Alive: [Rule-based agent], Food: 9, Hazards: 0
INFO 13:27:52.846870 Turn: 126, Snakes Alive: [Rule-based agent], Food: 9, Hazards: 0
INFO 13:27:52.848368 Turn: 127, Snakes Alive: [Rule-based agent], Food: 10, Hazards: 0
INFO 13:27:52.849893 Turn: 128, Snakes Alive: [Rule-based agent], Food: 10, Hazards: 0
INFO 13:27:52.851451 Turn: 129, Snakes Alive: [Rule-based agent], Food: 10, Hazards: 0
INFO 13:27:52.852983 Turn: 130, Snakes Alive: [Rule-based agent], Food: 10, Hazards: 0
INFO 13:27:52.854493 Turn: 131, Snakes Alive: [Rule-based agent], Food: 10, Hazards: 0
INFO 13:27:52.856311 Turn: 132, Snakes Alive: [Rule-based agent], Food: 10, Hazards: 0
INFO 13:27:52.857836 Turn: 133, Snakes Alive: [Rule-based agent], Food: 10, Hazards: 0
INFO 13:27:52.859519 Turn: 134, Snakes Alive: [Rule-based agent], Food: 10, Hazards: 0
INFO 13:27:52.861061 Turn: 135, Snakes Alive: [Rule-based agent], Food: 10, Hazards: 0
INFO 13:27:52.862390 Turn: 136, Snakes Alive: [Rule-based agent], Food: 10, Hazards: 0
INFO 13:27:52.863943 Turn: 137, Snakes Alive: [Rule-based agent], Food: 10, Hazards: 0
INFO 13:27:52.865417 Turn: 138, Snakes Alive: [Rule-based agent], Food: 10, Hazards: 0
INFO 13:27:52.866928 Turn: 139, Snakes Alive: [Rule-based agent], Food: 10, Hazards: 0
INFO 13:27:52.868333 Turn: 140, Snakes Alive: [Rule-based agent], Food: 10, Hazards: 0
INFO 13:27:52.869743 Turn: 141, Snakes Alive: [Rule-based agent], Food: 10, Hazards: 0
INFO 13:27:52.871213 Turn: 142, Snakes Alive: [Rule-based agent], Food: 10, Hazards: 0
INFO 13:27:52.872518 Turn: 143, Snakes Alive: [Rule-based agent], Food: 10, Hazards: 0
INFO 13:27:52.873951 Turn: 144, Snakes Alive: [Rule-based agent], Food: 10, Hazards: 0
INFO 13:27:52.875502 Turn: 145, Snakes Alive: [Rule-based agent], Food: 10, Hazards: 0
INFO 13:27:52.877323 Turn: 146, Snakes Alive: [Rule-based agent], Food: 10, Hazards: 0
INFO 13:27:52.878781 Turn: 147, Snakes Alive: [Rule-based agent], Food: 10, Hazards: 0
INFO 13:27:52.880287 Turn: 148, Snakes Alive: [Rule-based agent], Food: 10, Hazards: 0
INFO 13:27:52.881798 Turn: 149, Snakes Alive: [Rule-based agent], Food: 10, Hazards: 0
INFO 13:27:52.883375 Turn: 150, Snakes Alive: [Rule-based agent], Food: 10, Hazards: 0
INFO 13:27:52.884880 Turn: 151, Snakes Alive: [Rule-based agent], Food: 10, Hazards: 0
INFO 13:27:52.886400 Turn: 152, Snakes Alive: [Rule-based agent], Food: 9, Hazards: 0
INFO 13:27:52.887944 Turn: 153, Snakes Alive: [Rule-based agent], Food: 9, Hazards: 0
INFO 13:27:52.889420 Turn: 154, Snakes Alive: [Rule-based agent], Food: 9, Hazards: 0
INFO 13:27:52.891211 Turn: 155, Snakes Alive: [Rule-based agent], Food: 9, Hazards: 0
INFO 13:27:52.892829 Turn: 156, Snakes Alive: [Rule-based agent], Food: 9, Hazards: 0
INFO 13:27:52.894373 Turn: 157, Snakes Alive: [Rule-based agent], Food: 9, Hazards: 0
INFO 13:27:52.895983 Turn: 158, Snakes Alive: [Rule-based agent], Food: 9, Hazards: 0
INFO 13:27:52.897855 Turn: 159, Snakes Alive: [Rule-based agent], Food: 10, Hazards: 0
INFO 13:27:52.899561 Turn: 160, Snakes Alive: [Rule-based agent], Food: 10, Hazards: 0
INFO 13:27:52.901115 Turn: 161, Snakes Alive: [Rule-based agent], Food: 10, Hazards: 0
INFO 13:27:52.902723 Turn: 162, Snakes Alive: [Rule-based agent], Food: 10, Hazards: 0
INFO 13:27:52.905044 Turn: 163, Snakes Alive: [Rule-based agent], Food: 11, Hazards: 0
INFO 13:27:52.906782 Turn: 164, Snakes Alive: [Rule-based agent], Food: 11, Hazards: 0
INFO 13:27:52.908507 Turn: 165, Snakes Alive: [Rule-based agent], Food: 11, Hazards: 0
INFO 13:27:52.910425 Turn: 166, Snakes Alive: [Rule-based agent], Food: 12, Hazards: 0
INFO 13:27:52.911911 Turn: 167, Snakes Alive: [Rule-based agent], Food: 12, Hazards: 0
INFO 13:27:52.913747 Turn: 168, Snakes Alive: [Rule-based agent], Food: 12, Hazards: 0
INFO 13:27:52.915228 Turn: 169, Snakes Alive: [Rule-based agent], Food: 12, Hazards: 0
INFO 13:27:52.916617 Turn: 170, Snakes Alive: [Rule-based agent], Food: 12, Hazards: 0
INFO 13:27:52.918097 Turn: 171, Snakes Alive: [Rule-based agent], Food: 12, Hazards: 0
INFO 13:27:52.919588 Turn: 172, Snakes Alive: [Rule-based agent], Food: 12, Hazards: 0
INFO 13:27:52.921081 Turn: 173, Snakes Alive: [Rule-based agent], Food: 12, Hazards: 0
INFO 13:27:52.922622 Turn: 174, Snakes Alive: [Rule-based agent], Food: 12, Hazards: 0
INFO 13:27:52.924143 Turn: 175, Snakes Alive: [Rule-based agent], Food: 12, Hazards: 0
INFO 13:27:52.925947 Turn: 176, Snakes Alive: [Rule-based agent], Food: 12, Hazards: 0
INFO 13:27:52.928066 Turn: 177, Snakes Alive: [Rule-based agent], Food: 12, Hazards: 0
INFO 13:27:52.929538 Turn: 178, Snakes Alive: [Rule-based agent], Food: 12, Hazards: 0
INFO 13:27:52.931122 Turn: 179, Snakes Alive: [Rule-based agent], Food: 12, Hazards: 0
INFO 13:27:52.932710 Turn: 180, Snakes Alive: [Rule-based agent], Food: 12, Hazards: 0
INFO 13:27:52.934302 Turn: 181, Snakes Alive: [Rule-based agent], Food: 12, Hazards: 0
INFO 13:27:52.935810 Turn: 182, Snakes Alive: [Rule-based agent], Food: 12, Hazards: 0
INFO 13:27:52.937313 Turn: 183, Snakes Alive: [Rule-based agent], Food: 12, Hazards: 0
INFO 13:27:52.938773 Turn: 184, Snakes Alive: [Rule-based agent], Food: 12, Hazards: 0
INFO 13:27:52.940275 Turn: 185, Snakes Alive: [Rule-based agent], Food: 12, Hazards: 0
INFO 13:27:52.941855 Turn: 186, Snakes Alive: [Rule-based agent], Food: 12, Hazards: 0
INFO 13:27:52.943662 Turn: 187, Snakes Alive: [Rule-based agent], Food: 12, Hazards: 0
INFO 13:27:52.945030 Turn: 188, Snakes Alive: [Rule-based agent], Food: 12, Hazards: 0
INFO 13:27:52.946544 Turn: 189, Snakes Alive: [Rule-based agent], Food: 11, Hazards: 0
INFO 13:27:52.948086 Turn: 190, Snakes Alive: [Rule-based agent], Food: 12, Hazards: 0
INFO 13:27:52.949632 Turn: 191, Snakes Alive: [Rule-based agent], Food: 12, Hazards: 0
INFO 13:27:52.951115 Turn: 192, Snakes Alive: [Rule-based agent], Food: 13, Hazards: 0
INFO 13:27:52.952591 Turn: 193, Snakes Alive: [Rule-based agent], Food: 14, Hazards: 0
INFO 13:27:52.954032 Turn: 194, Snakes Alive: [Rule-based agent], Food: 14, Hazards: 0
INFO 13:27:52.955510 Turn: 195, Snakes Alive: [Rule-based agent], Food: 13, Hazards: 0
INFO 13:27:52.957120 Turn: 196, Snakes Alive: [Rule-based agent], Food: 14, Hazards: 0
INFO 13:27:52.958604 Turn: 197, Snakes Alive: [Rule-based agent], Food: 14, Hazards: 0
INFO 13:27:52.960541 Turn: 198, Snakes Alive: [Rule-based agent], Food: 14, Hazards: 0
INFO 13:27:52.961952 Turn: 199, Snakes Alive: [Rule-based agent], Food: 14, Hazards: 0
INFO 13:27:52.963583 Turn: 200, Snakes Alive: [Rule-based agent], Food: 15, Hazards: 0
INFO 13:27:52.965061 Turn: 201, Snakes Alive: [Rule-based agent], Food: 15, Hazards: 0
INFO 13:27:52.966582 Turn: 202, Snakes Alive: [Rule-based agent], Food: 15, Hazards: 0
INFO 13:27:52.968016 Turn: 203, Snakes Alive: [Rule-based agent], Food: 15, Hazards: 0
INFO 13:27:52.969592 Turn: 204, Snakes Alive: [Rule-based agent], Food: 14, Hazards: 0
INFO 13:27:52.971244 Turn: 205, Snakes Alive: [Rule-based agent], Food: 13, Hazards: 0
INFO 13:27:52.972879 Turn: 206, Snakes Alive: [Rule-based agent], Food: 13, Hazards: 0
INFO 13:27:52.974526 Turn: 207, Snakes Alive: [Rule-based agent], Food: 13, Hazards: 0
INFO 13:27:52.976184 Turn: 208, Snakes Alive: [Rule-based agent], Food: 13, Hazards: 0
INFO 13:27:52.977490 Turn: 209, Snakes Alive: [], Food: 13, Hazards: 0
INFO 13:27:52.978723 Game completed after 210 turns.
INFO 13:27:53.171606 Snake ID: d770d604-78e6-4327-b40b-40b3b6ae8fc8 URL: http://127.0.0.1:41103, Name: "Rule-based agent"
INFO 13:27:53.173669 Ruleset: solo, Seed: 123
INFO 13:27:53.173697 Turn: 0, Snakes Alive: [Rule-based agent], Food: 2, Hazards: 0
INFO 13:27:53.185452 Turn: 1, Snakes Alive: [Rule-based agent], Food: 2, Hazards: 0
INFO 13:27:53.187365 Turn: 2, Snakes Alive: [Rule-based agent], Food: 3, Hazards: 0
INFO 13:27:53.189167 Turn: 3, Snakes Alive: [Rule-based agent], Food: 4, Hazards: 0
INFO 13:27:53.190799 Turn: 4, Snakes Alive: [Rule-based agent], Food: 5, Hazards: 0
INFO 13:27:53.192353 Turn: 5, Snakes Alive: [Rule-based agent], Food: 5, Hazards: 0
INFO 13:27:53.194162 Turn: 6, Snakes Alive: [Rule-based agent], Food: 5, Hazards: 0
INFO 13:27:53.195541 Turn: 7, Snakes Alive: [Rule-based agent], Food: 6, Hazards: 0
INFO 13:27:53.197008 Turn: 8, Snakes Alive: [Rule-based agent], Food: 7, Hazards: 0
INFO 13:27:53.198659 Turn: 9, Snakes Alive: [Rule-based agent], Food: 7, Hazards: 0
INFO 13:27:53.200160 Turn: 10, Snakes Alive: [Rule-based agent], Food: 8, Hazards: 0
INFO 13:27:53.201665 Turn: 11, Snakes Alive: [Rule-based agent], Food: 8, Hazards: 0
INFO 13:27:53.202978 Turn: 12, Snakes Alive: [Rule-based agent], Food: 8, Hazards: 0
INFO 13:27:53.204217 Turn: 13, Snakes Alive: [Rule-based agent], Food: 8, Hazards: 0
INFO 13:27:53.205769 Turn: 14, Snakes Alive: [Rule-based agent], Food: 8, Hazards: 0
INFO 13:27:53.207195 Turn: 15, Snakes Alive: [Rule-based agent], Food: 8, Hazards: 0
INFO 13:27:53.208757 Turn: 16, Snakes Alive: [Rule-based agent], Food: 8, Hazards: 0
INFO 13:27:53.210526 Turn: 17, Snakes Alive: [Rule-based agent], Food: 8, Hazards: 0
INFO 13:27:53.211869 Turn: 18, Snakes Alive: [Rule-based agent], Food: 8, Hazards: 0
INFO 13:27:53.213173 Turn: 19, Snakes Alive: [Rule-based agent], Food: 8, Hazards: 0
INFO 13:27:53.214515 Turn: 20, Snakes Alive: [Rule-based agent], Food: 8, Hazards: 0
INFO 13:27:53.215955 Turn: 21, Snakes Alive: [Rule-based agent], Food: 8, Hazards: 0
INFO 13:27:53.217382 Turn: 22, Snakes Alive: [Rule-based agent], Food: 8, Hazards: 0
INFO 13:27:53.218988 Turn: 23, Snakes Alive: [Rule-based agent], Food: 8, Hazards: 0
INFO 13:27:53.220427 Turn: 24, Snakes Alive: [Rule-based agent], Food: 8, Hazards: 0
INFO 13:27:53.221926 Turn: 25, Snakes Alive: [Rule-based agent], Food: 8, Hazards: 0
INFO 13:27:53.223296 Turn: 26, Snakes Alive: [Rule-based agent], Food: 8, Hazards: 0
INFO 13:27:53.224810 Turn: 27, Snakes Alive: [Rule-based agent], Food: 9, Hazards: 0
INFO 13:27:53.226532 Turn: 28, Snakes Alive: [Rule-based agent], Food: 9, Hazards: 0
INFO 13:27:53.227869 Turn: 29, Snakes Alive: [Rule-based agent], Food: 9, Hazards: 0
INFO 13:27:53.229085 Turn: 30, Snakes Alive: [Rule-based agent], Food: 9, Hazards: 0
INFO 13:27:53.230589 Turn: 31, Snakes Alive: [Rule-based agent], Food: 9, Hazards: 0
INFO 13:27:53.231938 Turn: 32, Snakes Alive: [Rule-based agent], Food: 9, Hazards: 0
INFO 13:27:53.233299 Turn: 33, Snakes Alive: [Rule-based agent], Food: 9, Hazards: 0
INFO 13:27:53.234789 Turn: 34, Snakes Alive: [Rule-based agent], Food: 9, Hazards: 0
INFO 13:27:53.236510 Turn: 35, Snakes Alive: [Rule-based agent], Food: 10, Hazards: 0
INFO 13:27:53.237984 Turn: 36, Snakes Alive: [Rule-based agent], Food: 10, Hazards: 0
INFO 13:27:53.239368 Turn: 37, Snakes Alive: [Rule-based agent], Food: 9, Hazards: 0
INFO 13:27:53.240755 Turn: 38, Snakes Alive: [Rule-based agent], Food: 9, Hazards: 0
INFO 13:27:53.242408 Turn: 39, Snakes Alive: [Rule-based agent], Food: 9, Hazards: 0
INFO 13:27:53.244037 Turn: 40, Snakes Alive: [Rule-based agent], Food: 9, Hazards: 0
INFO 13:27:53.245532 Turn: 41, Snakes Alive: [Rule-based agent], Food: 9, Hazards: 0
INFO 13:27:53.247022 Turn: 42, Snakes Alive: [Rule-based agent], Food: 9, Hazards: 0
INFO 13:27:53.248788 Turn: 43, Snakes Alive: [Rule-based agent], Food: 9, Hazards: 0
INFO 13:27:53.250194 Turn: 44, Snakes Alive: [Rule-based agent], Food: 9, Hazards: 0
INFO 13:27:53.251679 Turn: 45, Snakes Alive: [Rule-based agent], Food: 9, Hazards: 0
INFO 13:27:53.253141 Turn: 46, Snakes Alive: [Rule-based agent], Food: 9, Hazards: 0
INFO 13:27:53.254651 Turn: 47, Snakes Alive: [Rule-based agent], Food: 9, Hazards: 0
INFO 13:27:53.256096 Turn: 48, Snakes Alive: [Rule-based agent], Food: 9, Hazards: 0
INFO 13:27:53.257481 Turn: 49, Snakes Alive: [Rule-based agent], Food: 9, Hazards: 0
INFO 13:27:53.259082 Turn: 50, Snakes Alive: [Rule-based agent], Food: 10, Hazards: 0
INFO 13:27:53.260619 Turn: 51, Snakes Alive: [Rule-based agent], Food: 10, Hazards: 0
INFO 13:27:53.261996 Turn: 52, Snakes Alive: [Rule-based agent], Food: 10, Hazards: 0
INFO 13:27:53.263561 Turn: 53, Snakes Alive: [Rule-based agent], Food: 10, Hazards: 0
INFO 13:27:53.264920 Turn: 54, Snakes Alive: [Rule-based agent], Food: 11, Hazards: 0
INFO 13:27:53.266444 Turn: 55, Snakes Alive: [Rule-based agent], Food: 12, Hazards: 0
INFO 13:27:53.267876 Turn: 56, Snakes Alive: [Rule-based agent], Food: 12, Hazards: 0
INFO 13:27:53.269324 Turn: 57, Snakes Alive: [Rule-based agent], Food: 12, Hazards: 0
INFO 13:27:53.270901 Turn: 58, Snakes Alive: [Rule-based agent], Food: 13, Hazards: 0
INFO 13:27:53.272331 Turn: 59, Snakes Alive: [Rule-based agent], Food: 13, Hazards: 0
INFO 13:27:53.273697 Turn: 60, Snakes Alive: [Rule-based agent], Food: 13, Hazards: 0
INFO 13:27:53.275256 Turn: 61, Snakes Alive: [Rule-based agent], Food: 13, Hazards: 0
INFO 13:27:53.276904 Turn: 62, Snakes Alive: [Rule-based agent], Food: 13, Hazards: 0
INFO 13:27:53.278548 Turn: 63, Snakes Alive: [Rule-based agent], Food: 13, Hazards: 0
INFO 13:27:53.279971 Turn: 64, Snakes Alive: [Rule-based agent], Food: 13, Hazards: 0
INFO 13:27:53.281427 Turn: 65, Snakes Alive: [Rule-based agent], Food: 13, Hazards: 0
INFO 13:27:53.282928 Turn: 66, Snakes Alive: [Rule-based agent], Food: 13, Hazards: 0
INFO 13:27:53.284387 Turn: 67, Snakes Alive: [Rule-based agent], Food: 13, Hazards: 0
INFO 13:27:53.285825 Turn: 68, Snakes Alive: [Rule-based agent], Food: 13, Hazards: 0
INFO 13:27:53.287400 Turn: 69, Snakes Alive: [Rule-based agent], Food: 13, Hazards: 0
INFO 13:27:53.288841 Turn: 70, Snakes Alive: [Rule-based agent], Food: 12, Hazards: 0
INFO 13:27:53.290397 Turn: 71, Snakes Alive: [Rule-based agent], Food: 12, Hazards: 0
INFO 13:27:53.291673 Turn: 72, Snakes Alive: [Rule-based agent], Food: 12, Hazards: 0
INFO 13:27:53.293193 Turn: 73, Snakes Alive: [Rule-based agent], Food: 12, Hazards: 0
INFO 13:27:53.294799 Turn: 74, Snakes Alive: [Rule-based agent], Food: 12, Hazards: 0
INFO 13:27:53.296537 Turn: 75, Snakes Alive: [Rule-based agent], Food: 12, Hazards: 0
INFO 13:27:53.298083 Turn: 76, Snakes Alive: [Rule-based agent], Food: 11, Hazards: 0
INFO 13:27:53.299633 Turn: 77, Snakes Alive: [Rule-based agent], Food: 11, Hazards: 0
INFO 13:27:53.301053 Turn: 78, Snakes Alive: [Rule-based agent], Food: 11, Hazards: 0
INFO 13:27:53.302632 Turn: 79, Snakes Alive: [Rule-based agent], Food: 10, Hazards: 0
INFO 13:27:53.304050 Turn: 80, Snakes Alive: [Rule-based agent], Food: 10, Hazards: 0
INFO 13:27:53.305514 Turn: 81, Snakes Alive: [Rule-based agent], Food: 10, Hazards: 0
INFO 13:27:53.307984 Turn: 82, Snakes Alive: [Rule-based agent], Food: 10, Hazards: 0
INFO 13:27:53.309669 Turn: 83, Snakes Alive: [Rule-based agent], Food: 11, Hazards: 0
INFO 13:27:53.311195 Turn: 84, Snakes Alive: [Rule-based agent], Food: 11, Hazards: 0
INFO 13:27:53.312635 Turn: 85, Snakes Alive: [Rule-based agent], Food: 11, Hazards: 0
INFO 13:27:53.314201 Turn: 86, Snakes Alive: [Rule-based agent], Food: 11, Hazards: 0
INFO 13:27:53.315675 Turn: 87, Snakes Alive: [Rule-based agent], Food: 11, Hazards: 0
INFO 13:27:53.317235 Turn: 88, Snakes Alive: [Rule-based agent], Food: 10, Hazards: 0
INFO 13:27:53.318724 Turn: 89, Snakes Alive: [Rule-based agent], Food: 10, Hazards: 0
INFO 13:27:53.320187 Turn: 90, Snakes Alive: [Rule-based agent], Food: 9, Hazards: 0
INFO 13:27:53.321678 Turn: 91, Snakes Alive: [Rule-based agent], Food: 9, Hazards: 0
INFO 13:27:53.323189 Turn: 92, Snakes Alive: [Rule-based agent], Food: 9, Hazards: 0
INFO 13:27:53.324645 Turn: 93, Snakes Alive: [Rule-based agent], Food: 9, Hazards: 0
INFO 13:27:53.326216 Turn: 94, Snakes Alive: [Rule-based agent], Food: 9, Hazards: 0
INFO 13:27:53.327758 Turn: 95, Snakes Alive: [Rule-based agent], Food: 9, Hazards: 0
INFO 13:27:53.329202 Turn: 96, Snakes Alive: [Rule-based agent], Food: 9, Hazards: 0
INFO 13:27:53.330869 Turn: 97, Snakes Alive: [Rule-based agent], Food: 9, Hazards: 0
INFO 13:27:53.332269 Turn: 98, Snakes Alive: [Rule-based agent], Food: 9, Hazards: 0
INFO 13:27:53.333578 Turn: 99, Snakes Alive: [Rule-based agent], Food: 9, Hazards: 0
INFO 13:27:53.335016 Turn: 100, Snakes Alive: [Rule-based agent], Food: 9, Hazards: 0
INFO 13:27:53.336354 Turn: 101, Snakes Alive: [Rule-based agent], Food: 9, Hazards: 0
INFO 13:27:53.337666 Turn: 102, Snakes Alive: [Rule-based agent], Food: 9, Hazards: 0
INFO 13:27:53.339056 Turn: 103, Snakes Alive: [Rule-based agent], Food: 9, Hazards: 0
INFO 13:27:53.340580 Turn: 104, Snakes Alive: [Rule-based agent], Food: 9, Hazards: 0
INFO 13:27:53.342012 Turn: 105, Snakes Alive: [Rule-based agent], Food: 9, Hazards: 0
INFO 13:27:53.343611 Turn: 106, Snakes Alive: [Rule-based agent], Food: 8, Hazards: 0
INFO 13:27:53.345047 Turn: 107, Snakes Alive: [Rule-based agent], Food: 8, Hazards: 0
INFO 13:27:53.346716 Turn: 108, Snakes Alive: [Rule-based agent], Food: 8, Hazards: 0
INFO 13:27:53.348138 Turn: 109, Snakes Alive: [Rule-based agent], Food: 8, Hazards: 0
INFO 13:27:53.349855 Turn: 110, Snakes Alive: [Rule-based agent], Food: 8, Hazards: 0
INFO 13:27:53.351595 Turn: 111, Snakes Alive: [Rule-based agent], Food: 8, Hazards: 0
INFO 13:27:53.353132 Turn: 112, Snakes Alive: [Rule-based agent], Food: 8, Hazards: 0
INFO 13:27:53.354624 Turn: 113, Snakes Alive: [Rule-based agent], Food: 7, Hazards: 0
INFO 13:27:53.356167 Turn: 114, Snakes Alive: [Rule-based agent], Food: 7, Hazards: 0
INFO 13:27:53.357604 Turn: 115, Snakes Alive: [Rule-based agent], Food: 7, Hazards: 0
INFO 13:27:53.359298 Turn: 116, Snakes Alive: [Rule-based agent], Food: 7, Hazards: 0
INFO 13:27:53.360955 Turn: 117, Snakes Alive: [Rule-based agent], Food: 7, Hazards: 0
INFO 13:27:53.362802 Turn: 118, Snakes Alive: [Rule-based agent], Food: 7, Hazards: 0
INFO 13:27:53.364285 Turn: 119, Snakes Alive: [Rule-based agent], Food: 7, Hazards: 0
INFO 13:27:53.365704 Turn: 120, Snakes Alive: [Rule-based agent], Food: 7, Hazards: 0
INFO 13:27:53.367567 Turn: 121, Snakes Alive: [Rule-based agent], Food: 7, Hazards: 0
INFO 13:27:53.369157 Turn: 122, Snakes Alive: [Rule-based agent], Food: 7, Hazards: 0
INFO 13:27:53.370842 Turn: 123, Snakes Alive: [Rule-based agent], Food: 7, Hazards: 0
INFO 13:27:53.372412 Turn: 124, Snakes Alive: [Rule-based agent], Food: 7, Hazards: 0
INFO 13:27:53.373899 Turn: 125, Snakes Alive: [Rule-based agent], Food: 7, Hazards: 0
INFO 13:27:53.375531 Turn: 126, Snakes Alive: [Rule-based agent], Food: 7, Hazards: 0
INFO 13:27:53.377334 Turn: 127, Snakes Alive: [Rule-based agent], Food: 7, Hazards: 0
INFO 13:27:53.379008 Turn: 128, Snakes Alive: [Rule-based agent], Food: 7, Hazards: 0
INFO 13:27:53.380532 Turn: 129, Snakes Alive: [Rule-based agent], Food: 7, Hazards: 0
INFO 13:27:53.382112 Turn: 130, Snakes Alive: [Rule-based agent], Food: 7, Hazards: 0
INFO 13:27:53.383797 Turn: 131, Snakes Alive: [Rule-based agent], Food: 7, Hazards: 0
INFO 13:27:53.385287 Turn: 132, Snakes Alive: [], Food: 7, Hazards: 0
INFO 13:27:53.386578 Game completed after 133 turns.
INFO 13:27:53.597083 Snake ID: cb027729-63a7-41cf-907f-362fa87b0c7a URL: http://127.0.0.1:41103, Name: "Rule-based agent"
INFO 13:27:53.599201 Ruleset: solo, Seed: 124
INFO 13:27:53.599225 Turn: 0, Snakes Alive: [Rule-based agent], Food: 2, Hazards: 0
INFO 13:27:53.611447 Turn: 1, Snakes Alive: [Rule-based agent], Food: 3, Hazards: 0
INFO 13:27:53.613032 Turn: 2, Snakes Alive: [Rule-based agent], Food: 3, Hazards: 0
INFO 13:27:53.614434 Turn: 3, Snakes Alive: [Rule-based agent], Food: 4, Hazards: 0
INFO 13:27:53.615766 Turn: 4, Snakes Alive: [Rule-based agent], Food: 4, Hazards: 0
INFO 13:27:53.617075 Turn: 5, Snakes Alive: [Rule-based agent], Food: 3, Hazards: 0
INFO 13:27:53.618574 Turn: 6, Snakes Alive: [Rule-based agent], Food: 4, Hazards: 0
INFO 13:27:53.620148 Turn: 7, Snakes Alive: [Rule-based agent], Food: 5, Hazards: 0
INFO 13:27:53.621636 Turn: 8, Snakes Alive: [Rule-based agent], Food: 5, Hazards: 0
INFO 13:27:53.623132 Turn: 9, Snakes Alive: [Rule-based agent], Food: 6, Hazards: 0
INFO 13:27:53.624562 Turn: 10, Snakes Alive: [Rule-based agent], Food: 6, Hazards: 0
INFO 13:27:53.626162 Turn: 11, Snakes Alive: [Rule-based agent], Food: 6, Hazards: 0
INFO 13:27:53.627549 Turn: 12, Snakes Alive: [Rule-based agent], Food: 6, Hazards: 0
INFO 13:27:53.628847 Turn: 13, Snakes Alive: [Rule-based agent], Food: 6, Hazards: 0
INFO 13:27:53.630160 Turn: 14, Snakes Alive: [Rule-based agent], Food: 6, Hazards: 0
INFO 13:27:53.631550 Turn: 15, Snakes Alive: [Rule-based agent], Food: 6, Hazards: 0
INFO 13:27:53.632947 Turn: 16, Snakes Alive: [Rule-based agent], Food: 6, Hazards: 0
INFO 13:27:53.634661 Turn: 17, Snakes Alive: [Rule-based agent], Food: 6, Hazards: 0
INFO 13:27:53.636193 Turn: 18, Snakes Alive: [Rule-based agent], Food: 6, Hazards: 0
INFO 13:27:53.637770 Turn: 19, Snakes Alive: [Rule-based agent], Food: 6, Hazards: 0
INFO 13:27:53.639187 Turn: 20, Snakes Alive: [Rule-based agent], Food: 6, Hazards: 0
INFO 13:27:53.640592 Turn: 21, Snakes Alive: [Rule-based agent], Food: 6, Hazards: 0
INFO 13:27:53.641954 Turn: 22, Snakes Alive: [Rule-based agent], Food: 6, Hazards: 0
INFO 13:27:53.643506 Turn: 23, Snakes Alive: [Rule-based agent], Food: 6, Hazards: 0
INFO 13:27:53.644919 Turn: 24, Snakes Alive: [Rule-based agent], Food: 6, Hazards: 0
INFO 13:27:53.646310 Turn: 25, Snakes Alive: [Rule-based agent], Food: 6, Hazards: 0
INFO 13:27:53.647755 Turn: 26, Snakes Alive: [Rule-based agent], Food: 7, Hazards: 0
INFO 13:27:53.649105 Turn: 27, Snakes Alive: [Rule-based agent], Food: 7, Hazards: 0
INFO 13:27:53.650559 Turn: 28, Snakes Alive: [Rule-based agent], Food: 7, Hazards: 0
INFO 13:27:53.652043 Turn: 29, Snakes Alive: [Rule-based agent], Food: 7, Hazards: 0
INFO 13:27:53.653639 Turn: 30, Snakes Alive: [Rule-based agent], Food: 8, Hazards: 0
INFO 13:27:53.655034 Turn: 31, Snakes Alive: [Rule-based agent], Food: 8, Hazards: 0
INFO 13:27:53.656484 Turn: 32, Snakes Alive: [Rule-based agent], Food: 9, Hazards: 0
INFO 13:27:53.657803 Turn: 33, Snakes Alive: [Rule-based agent], Food: 9, Hazards: 0
INFO 13:27:53.659400 Turn: 34, Snakes Alive: [Rule-based agent], Food: 10, Hazards: 0
INFO 13:27:53.660884 Turn: 35, Snakes Alive: [Rule-based agent], Food: 10, Hazards: 0
INFO 13:27:53.662253 Turn: 36, Snakes Alive: [Rule-based agent], Food: 10, Hazards: 0
INFO 13:27:53.663772 Turn: 37, Snakes Alive: [Rule-based agent], Food: 10, Hazards: 0
INFO 13:27:53.665157 Turn: 38, Snakes Alive: [Rule-based agent], Food: 10, Hazards: 0
INFO 13:27:53.666720 Turn: 39, Snakes Alive: [Rule-based agent], Food: 10, Hazards: 0
INFO 13:27:53.668076 Turn: 40, Snakes Alive: [Rule-based agent], Food: 10, Hazards: 0
INFO 13:27:53.669346 Turn: 41, Snakes Alive: [Rule-based agent], Food: 10, Hazards: 0
INFO 13:27:53.670823 Turn: 42, Snakes Alive: [Rule-based agent], Food: 10, Hazards: 0
INFO 13:27:53.672205 Turn: 43, Snakes Alive: [Rule-based agent], Food: 10, Hazards: 0
INFO 13:27:53.673476 Turn: 44, Snakes Alive: [Rule-based agent], Food: 10, Hazards: 0
INFO 13:27:53.674937 Turn: 45, Snakes Alive: [Rule-based agent], Food: 10, Hazards: 0
INFO 13:27:53.676624 Turn: 46, Snakes Alive: [Rule-based agent], Food: 10, Hazards: 0
INFO 13:27:53.678040 Turn: 47, Snakes Alive: [Rule-based agent], Food: 9, Hazards: 0
INFO 13:27:53.679383 Turn: 48, Snakes Alive: [Rule-based agent], Food: 9, Hazards: 0
INFO 13:27:53.680742 Turn: 49, Snakes Alive: [Rule-based agent], Food: 10, Hazards: 0
INFO 13:27:53.682099 Turn: 50, Snakes Alive: [Rule-based agent], Food: 10, Hazards: 0
INFO 13:27:53.683958 Turn: 51, Snakes Alive: [Rule-based agent], Food: 10, Hazards: 0
INFO 13:27:53.685232 Turn: 52, Snakes Alive: [Rule-based agent], Food: 10, Hazards: 0
INFO 13:27:53.686736 Turn: 53, Snakes Alive: [Rule-based agent], Food: 11, Hazards: 0
INFO 13:27:53.688095 Turn: 54, Snakes Alive: [Rule-based agent], Food: 12, Hazards: 0
INFO 13:27:53.689453 Turn: 55, Snakes Alive: [Rule-based agent], Food: 12, Hazards: 0
INFO 13:27:53.690966 Turn: 56, Snakes Alive: [Rule-based agent], Food: 12, Hazards: 0
INFO 13:27:53.692567 Turn: 57, Snakes Alive: [Rule-based agent], Food: 13, Hazards: 0
INFO 13:27:53.694046 Turn: 58, Snakes Alive: [Rule-based agent], Food: 13, Hazards: 0
INFO 13:27:53.695557 Turn: 59, Snakes Alive: [Rule-based agent], Food: 12, Hazards: 0
INFO 13:27:53.697019 Turn: 60, Snakes Alive: [Rule-based agent], Food: 12, Hazards: 0
INFO 13:27:53.698513 Turn: 61, Snakes Alive: [Rule-based agent], Food: 12, Hazards: 0
INFO 13:27:53.700203 Turn: 62, Snakes Alive: [Rule-based agent], Food: 12, Hazards: 0
INFO 13:27:53.701673 Turn: 63, Snakes Alive: [Rule-based agent], Food: 12, Hazards: 0
INFO 13:27:53.703356 Turn: 64, Snakes Alive: [Rule-based agent], Food: 12, Hazards: 0
INFO 13:27:53.704914 Turn: 65, Snakes Alive: [Rule-based agent], Food: 12, Hazards: 0
INFO 13:27:53.706312 Turn: 66, Snakes Alive: [Rule-based agent], Food: 12, Hazards: 0
INFO 13:27:53.707684 Turn: 67, Snakes Alive: [Rule-based agent], Food: 12, Hazards: 0
INFO 13:27:53.709245 Turn: 68, Snakes Alive: [Rule-based agent], Food: 12, Hazards: 0
INFO 13:27:53.710828 Turn: 69, Snakes Alive: [Rule-based agent], Food: 12, Hazards: 0
INFO 13:27:53.712241 Turn: 70, Snakes Alive: [Rule-based agent], Food: 12, Hazards: 0
INFO 13:27:53.713747 Turn: 71, Snakes Alive: [Rule-based agent], Food: 12, Hazards: 0
INFO 13:27:53.715267 Turn: 72, Snakes Alive: [Rule-based agent], Food: 12, Hazards: 0
INFO 13:27:53.716653 Turn: 73, Snakes Alive: [Rule-based agent], Food: 12, Hazards: 0
INFO 13:27:53.718140 Turn: 74, Snakes Alive: [Rule-based agent], Food: 12, Hazards: 0
INFO 13:27:53.719627 Turn: 75, Snakes Alive: [Rule-based agent], Food: 12, Hazards: 0
INFO 13:27:53.721122 Turn: 76, Snakes Alive: [Rule-based agent], Food: 12, Hazards: 0
INFO 13:27:53.722708 Turn: 77, Snakes Alive: [Rule-based agent], Food: 12, Hazards: 0
INFO 13:27:53.724189 Turn: 78, Snakes Alive: [Rule-based agent], Food: 12, Hazards: 0
INFO 13:27:53.725921 Turn: 79, Snakes Alive: [Rule-based agent], Food: 12, Hazards: 0
INFO 13:27:53.727581 Turn: 80, Snakes Alive: [Rule-based agent], Food: 12, Hazards: 0
INFO 13:27:53.729022 Turn: 81, Snakes Alive: [Rule-based agent], Food: 12, Hazards: 0
INFO 13:27:53.730617 Turn: 82, Snakes Alive: [Rule-based agent], Food: 12, Hazards: 0
INFO 13:27:53.733788 Turn: 83, Snakes Alive: [Rule-based agent], Food: 12, Hazards: 0
INFO 13:27:53.735287 Turn: 84, Snakes Alive: [Rule-based agent], Food: 12, Hazards: 0
INFO 13:27:53.736710 Turn: 85, Snakes Alive: [Rule-based agent], Food: 12, Hazards: 0
INFO 13:27:53.738095 Turn: 86, Snakes Alive: [Rule-based agent], Food: 12, Hazards: 0
INFO 13:27:53.739622 Turn: 87, Snakes Alive: [Rule-based agent], Food: 12, Hazards: 0
INFO 13:27:53.741115 Turn: 88, Snakes Alive: [Rule-based agent], Food: 12, Hazards: 0
INFO 13:27:53.742738 Turn: 89, Snakes Alive: [Rule-based agent], Food: 12, Hazards: 0
INFO 13:27:53.744495 Turn: 90, Snakes Alive: [Rule-based agent], Food: 12, Hazards: 0
INFO 13:27:53.746023 Turn: 91, Snakes Alive: [Rule-based agent], Food: 12, Hazards: 0
INFO 13:27:53.747466 Turn: 92, Snakes Alive: [Rule-based agent], Food: 12, Hazards: 0
INFO 13:27:53.748893 Turn: 93, Snakes Alive: [Rule-based agent], Food: 12, Hazards: 0
INFO 13:27:53.750258 Turn: 94, Snakes Alive: [Rule-based agent], Food: 12, Hazards: 0
INFO 13:27:53.751639 Turn: 95, Snakes Alive: [Rule-based agent], Food: 12, Hazards: 0
INFO 13:27:53.752989 Turn: 96, Snakes Alive: [Rule-based agent], Food: 12, Hazards: 0
INFO 13:27:53.754328 Turn: 97, Snakes Alive: [Rule-based agent], Food: 12, Hazards: 0
INFO 13:27:53.755792 Turn: 98, Snakes Alive: [Rule-based agent], Food: 12, Hazards: 0
INFO 13:27:53.757359 Turn: 99, Snakes Alive: [Rule-based agent], Food: 12, Hazards: 0
INFO 13:27:53.759111 Turn: 100, Snakes Alive: [Rule-based agent], Food: 12, Hazards: 0
INFO 13:27:53.760716 Turn: 101, Snakes Alive: [Rule-based agent], Food: 12, Hazards: 0
INFO 13:27:53.762047 Turn: 102, Snakes Alive: [Rule-based agent], Food: 12, Hazards: 0
INFO 13:27:53.763568 Turn: 103, Snakes Alive: [Rule-based agent], Food: 12, Hazards: 0
INFO 13:27:53.765419 Turn: 104, Snakes Alive: [Rule-based agent], Food: 12, Hazards: 0
INFO 13:27:53.766851 Turn: 105, Snakes Alive: [Rule-based agent], Food: 12, Hazards: 0
INFO 13:27:53.768278 Turn: 106, Snakes Alive: [Rule-based agent], Food: 13, Hazards: 0
INFO 13:27:53.769697 Turn: 107, Snakes Alive: [Rule-based agent], Food: 13, Hazards: 0
INFO 13:27:53.771225 Turn: 108, Snakes Alive: [Rule-based agent], Food: 12, Hazards: 0
INFO 13:27:53.772704 Turn: 109, Snakes Alive: [Rule-based agent], Food: 12, Hazards: 0
INFO 13:27:53.774223 Turn: 110, Snakes Alive: [Rule-based agent], Food: 12, Hazards: 0
INFO 13:27:53.775962 Turn: 111, Snakes Alive: [Rule-based agent], Food: 12, Hazards: 0
INFO 13:27:53.777536 Turn: 112, Snakes Alive: [Rule-based agent], Food: 12, Hazards: 0
INFO 13:27:53.778986 Turn: 113, Snakes Alive: [Rule-based agent], Food: 12, Hazards: 0
INFO 13:27:53.780426 Turn: 114, Snakes Alive: [Rule-based agent], Food: 12, Hazards: 0
INFO 13:27:53.782016 Turn: 115, Snakes Alive: [Rule-based agent], Food: 12, Hazards: 0
INFO 13:27:53.783422 Turn: 116, Snakes Alive: [Rule-based agent], Food: 12, Hazards: 0
INFO 13:27:53.784831 Turn: 117, Snakes Alive: [Rule-based agent], Food: 12, Hazards: 0
INFO 13:27:53.786264 Turn: 118, Snakes Alive: [Rule-based agent], Food: 12, Hazards: 0
INFO 13:27:53.787890 Turn: 119, Snakes Alive: [Rule-based agent], Food: 12, Hazards: 0
INFO 13:27:53.789489 Turn: 120, Snakes Alive: [Rule-based agent], Food: 12, Hazards: 0
INFO 13:27:53.791127 Turn: 121, Snakes Alive: [Rule-based agent], Food: 12, Hazards: 0
INFO 13:27:53.792819 Turn: 122, Snakes Alive: [Rule-based agent], Food: 12, Hazards: 0
INFO 13:27:53.794573 Turn: 123, Snakes Alive: [Rule-based agent], Food: 12, Hazards: 0
INFO 13:27:53.795959 Turn: 124, Snakes Alive: [Rule-based agent], Food: 12, Hazards: 0
INFO 13:27:53.797449 Turn: 125, Snakes Alive: [Rule-based agent], Food: 13, Hazards: 0
INFO 13:27:53.799082 Turn: 126, Snakes Alive: [Rule-based agent], Food: 13, Hazards: 0
INFO 13:27:53.800388 Turn: 127, Snakes Alive: [Rule-based agent], Food: 13, Hazards: 0
INFO 13:27:53.801762 Turn: 128, Snakes Alive: [Rule-based agent], Food: 13, Hazards: 0
INFO 13:27:53.803254 Turn: 129, Snakes Alive: [Rule-based agent], Food: 13, Hazards: 0
INFO 13:27:53.804736 Turn: 130, Snakes Alive: [Rule-based agent], Food: 13, Hazards: 0
INFO 13:27:53.806176 Turn: 131, Snakes Alive: [Rule-based agent], Food: 13, Hazards: 0
INFO 13:27:53.807532 Turn: 132, Snakes Alive: [Rule-based agent], Food: 13, Hazards: 0
INFO 13:27:53.808970 Turn: 133, Snakes Alive: [Rule-based agent], Food: 13, Hazards: 0
INFO 13:27:53.810521 Turn: 134, Snakes Alive: [Rule-based agent], Food: 12, Hazards: 0
INFO 13:27:53.812035 Turn: 135, Snakes Alive: [Rule-based agent], Food: 12, Hazards: 0
INFO 13:27:53.813450 Turn: 136, Snakes Alive: [Rule-based agent], Food: 11, Hazards: 0
INFO 13:27:53.815088 Turn: 137, Snakes Alive: [Rule-based agent], Food: 11, Hazards: 0
INFO 13:27:53.816626 Turn: 138, Snakes Alive: [Rule-based agent], Food: 11, Hazards: 0
INFO 13:27:53.818103 Turn: 139, Snakes Alive: [Rule-based agent], Food: 11, Hazards: 0
INFO 13:27:53.819571 Turn: 140, Snakes Alive: [Rule-based agent], Food: 11, Hazards: 0
INFO 13:27:53.821104 Turn: 141, Snakes Alive: [Rule-based agent], Food: 11, Hazards: 0
INFO 13:27:53.822725 Turn: 142, Snakes Alive: [Rule-based agent], Food: 11, Hazards: 0
INFO 13:27:53.824164 Turn: 143, Snakes Alive: [Rule-based agent], Food: 11, Hazards: 0
INFO 13:27:53.825880 Turn: 144, Snakes Alive: [Rule-based agent], Food: 11, Hazards: 0
INFO 13:27:53.827336 Turn: 145, Snakes Alive: [Rule-based agent], Food: 11, Hazards: 0
INFO 13:27:53.828685 Turn: 146, Snakes Alive: [Rule-based agent], Food: 11, Hazards: 0
INFO 13:27:53.830124 Turn: 147, Snakes Alive: [Rule-based agent], Food: 11, Hazards: 0
INFO 13:27:53.831694 Turn: 148, Snakes Alive: [Rule-based agent], Food: 11, Hazards: 0
INFO 13:27:53.833179 Turn: 149, Snakes Alive: [Rule-based agent], Food: 11, Hazards: 0
INFO 13:27:53.834685 Turn: 150, Snakes Alive: [Rule-based agent], Food: 11, Hazards: 0
INFO 13:27:53.836125 Turn: 151, Snakes Alive: [Rule-based agent], Food: 11, Hazards: 0
INFO 13:27:53.837522 Turn: 152, Snakes Alive: [Rule-based agent], Food: 11, Hazards: 0
INFO 13:27:53.839081 Turn: 153, Snakes Alive: [Rule-based agent], Food: 11, Hazards: 0
INFO 13:27:53.840456 Turn: 154, Snakes Alive: [Rule-based agent], Food: 11, Hazards: 0
INFO 13:27:53.841933 Turn: 155, Snakes Alive: [Rule-based agent], Food: 11, Hazards: 0
INFO 13:27:53.843504 Turn: 156, Snakes Alive: [Rule-based agent], Food: 11, Hazards: 0
INFO 13:27:53.844938 Turn: 157, Snakes Alive: [Rule-based agent], Food: 12, Hazards: 0
INFO 13:27:53.846333 Turn: 158, Snakes Alive: [Rule-based agent], Food: 12, Hazards: 0
INFO 13:27:53.847800 Turn: 159, Snakes Alive: [Rule-based agent], Food: 12, Hazards: 0
INFO 13:27:53.849207 Turn: 160, Snakes Alive: [Rule-based agent], Food: 12, Hazards: 0
INFO 13:27:53.850741 Turn: 161, Snakes Alive: [Rule-based agent], Food: 12, Hazards: 0
INFO 13:27:53.852238 Turn: 162, Snakes Alive: [Rule-based agent], Food: 12, Hazards: 0
INFO 13:27:53.853717 Turn: 163, Snakes Alive: [Rule-based agent], Food: 12, Hazards: 0
INFO 13:27:53.855131 Turn: 164, Snakes Alive: [Rule-based agent], Food: 12, Hazards: 0
INFO 13:27:53.856868 Turn: 165, Snakes Alive: [Rule-based agent], Food: 12, Hazards: 0
INFO 13:27:53.858434 Turn: 166, Snakes Alive: [Rule-based agent], Food: 12, Hazards: 0
INFO 13:27:53.860021 Turn: 167, Snakes Alive: [Rule-based agent], Food: 12, Hazards: 0
INFO 13:27:53.861529 Turn: 168, Snakes Alive: [], Food: 12, Hazards: 0
INFO 13:27:53.863214 Game completed after 169 turns.
INFO 13:27:54.095079 Snake ID: 04dd7b29-677a-448e-a50a-9e896f3fe1fd URL: http://127.0.0.1:41103, Name: "Rule-based agent"
INFO 13:27:54.096809 Ruleset: solo, Seed: 125
INFO 13:27:54.096843 Turn: 0, Snakes Alive: [Rule-based agent], Food: 2, Hazards: 0
INFO 13:27:54.108631 Turn: 1, Snakes Alive: [Rule-based agent], Food: 3, Hazards: 0
INFO 13:27:54.110627 Turn: 2, Snakes Alive: [Rule-based agent], Food: 4, Hazards: 0
INFO 13:27:54.112313 Turn: 3, Snakes Alive: [Rule-based agent], Food: 4, Hazards: 0
INFO 13:27:54.113728 Turn: 4, Snakes Alive: [Rule-based agent], Food: 3, Hazards: 0
INFO 13:27:54.115268 Turn: 5, Snakes Alive: [Rule-based agent], Food: 4, Hazards: 0
INFO 13:27:54.116728 Turn: 6, Snakes Alive: [Rule-based agent], Food: 5, Hazards: 0
INFO 13:27:54.118141 Turn: 7, Snakes Alive: [Rule-based agent], Food: 5, Hazards: 0
INFO 13:27:54.119706 Turn: 8, Snakes Alive: [Rule-based agent], Food: 6, Hazards: 0
INFO 13:27:54.121037 Turn: 9, Snakes Alive: [Rule-based agent], Food: 6, Hazards: 0
INFO 13:27:54.122462 Turn: 10, Snakes Alive: [Rule-based agent], Food: 6, Hazards: 0
INFO 13:27:54.123825 Turn: 11, Snakes Alive: [Rule-based agent], Food: 6, Hazards: 0
INFO 13:27:54.125212 Turn: 12, Snakes Alive: [Rule-based agent], Food: 6, Hazards: 0
INFO 13:27:54.126886 Turn: 13, Snakes Alive: [Rule-based agent], Food: 6, Hazards: 0
INFO 13:27:54.128335 Turn: 14, Snakes Alive: [Rule-based agent], Food: 6, Hazards: 0
INFO 13:27:54.129730 Turn: 15, Snakes Alive: [Rule-based agent], Food: 6, Hazards: 0
INFO 13:27:54.131108 Turn: 16, Snakes Alive: [Rule-based agent], Food: 6, Hazards: 0
INFO 13:27:54.132571 Turn: 17, Snakes Alive: [Rule-based agent], Food: 6, Hazards: 0
INFO 13:27:54.133997 Turn: 18, Snakes Alive: [Rule-based agent], Food: 6, Hazards: 0
INFO 13:27:54.135554 Turn: 19, Snakes Alive: [Rule-based agent], Food: 6, Hazards: 0
INFO 13:27:54.136883 Turn: 20, Snakes Alive: [Rule-based agent], Food: 6, Hazards: 0
INFO 13:27:54.138164 Turn: 21, Snakes Alive: [Rule-based agent], Food: 6, Hazards: 0
INFO 13:27:54.139570 Turn: 22, Snakes Alive: [Rule-based agent], Food: 6, Hazards: 0
INFO 13:27:54.140973 Turn: 23, Snakes Alive: [Rule-based agent], Food: 6, Hazards: 0
INFO 13:27:54.142630 Turn: 24, Snakes Alive: [Rule-based agent], Food: 6, Hazards: 0
INFO 13:27:54.144128 Turn: 25, Snakes Alive: [Rule-based agent], Food: 7, Hazards: 0
INFO 13:27:54.145350 Turn: 26, Snakes Alive: [Rule-based agent], Food: 7, Hazards: 0
INFO 13:27:54.146904 Turn: 27, Snakes Alive: [Rule-based agent], Food: 7, Hazards: 0
INFO 13:27:54.148253 Turn: 28, Snakes Alive: [Rule-based agent], Food: 7, Hazards: 0
INFO 13:27:54.149765 Turn: 29, Snakes Alive: [Rule-based agent], Food: 8, Hazards: 0
INFO 13:27:54.151254 Turn: 30, Snakes Alive: [Rule-based agent], Food: 8, Hazards: 0
INFO 13:27:54.152683 Turn: 31, Snakes Alive: [Rule-based agent], Food: 9, Hazards: 0
INFO 13:27:54.154221 Turn: 32, Snakes Alive: [Rule-based agent], Food: 9, Hazards: 0
INFO 13:27:54.155730 Turn: 33, Snakes Alive: [Rule-based agent], Food: 10, Hazards: 0
INFO 13:27:54.157607 Turn: 34, Snakes Alive: [Rule-based agent], Food: 10, Hazards: 0
INFO 13:27:54.159364 Turn: 35, Snakes Alive: [Rule-based agent], Food: 10, Hazards: 0
INFO 13:27:54.160753 Turn: 36, Snakes Alive: [Rule-based agent], Food: 10, Hazards: 0
INFO 13:27:54.162153 Turn: 37, Snakes Alive: [Rule-based agent], Food: 10, Hazards: 0
INFO 13:27:54.163436 Turn: 38, Snakes Alive: [Rule-based agent], Food: 10, Hazards: 0
INFO 13:27:54.164877 Turn: 39, Snakes Alive: [Rule-based agent], Food: 10, Hazards: 0
INFO 13:27:54.166554 Turn: 40, Snakes Alive: [Rule-based agent], Food: 10, Hazards: 0
INFO 13:27:54.168042 Turn: 41, Snakes Alive: [Rule-based agent], Food: 10, Hazards: 0
INFO 13:27:54.169353 Turn: 42, Snakes Alive: [Rule-based agent], Food: 10, Hazards: 0
INFO 13:27:54.170754 Turn: 43, Snakes Alive: [Rule-based agent], Food: 10, Hazards: 0
INFO 13:27:54.172196 Turn: 44, Snakes Alive: [Rule-based agent], Food: 9, Hazards: 0
INFO 13:27:54.173670 Turn: 45, Snakes Alive: [Rule-based agent], Food: 9, Hazards: 0
INFO 13:27:54.175261 Turn: 46, Snakes Alive: [Rule-based agent], Food: 8, Hazards: 0
INFO 13:27:54.176984 Turn: 47, Snakes Alive: [Rule-based agent], Food: 8, Hazards: 0
INFO 13:27:54.178519 Turn: 48, Snakes Alive: [Rule-based agent], Food: 9, Hazards: 0
INFO 13:27:54.179928 Turn: 49, Snakes Alive: [Rule-based agent], Food: 9, Hazards: 0
INFO 13:27:54.183179 Turn: 50, Snakes Alive: [Rule-based agent], Food: 9, Hazards: 0
INFO 13:27:54.184746 Turn: 51, Snakes Alive: [Rule-based agent], Food: 9, Hazards: 0
INFO 13:27:54.186209 Turn: 52, Snakes Alive: [Rule-based agent], Food: 10, Hazards: 0
INFO 13:27:54.187784 Turn: 53, Snakes Alive: [Rule-based agent], Food: 11, Hazards: 0
INFO 13:27:54.189235 Turn: 54, Snakes Alive: [Rule-based agent], Food: 11, Hazards: 0
INFO 13:27:54.190800 Turn: 55, Snakes Alive: [Rule-based agent], Food: 11, Hazards: 0
INFO 13:27:54.192283 Turn: 56, Snakes Alive: [Rule-based agent], Food: 12, Hazards: 0
INFO 13:27:54.193944 Turn: 57, Snakes Alive: [Rule-based agent], Food: 12, Hazards: 0
INFO 13:27:54.195362 Turn: 58, Snakes Alive: [Rule-based agent], Food: 12, Hazards: 0
INFO 13:27:54.196824 Turn: 59, Snakes Alive: [Rule-based agent], Food: 12, Hazards: 0
INFO 13:27:54.198302 Turn: 60, Snakes Alive: [Rule-based agent], Food: 12, Hazards: 0
INFO 13:27:54.199936 Turn: 61, Snakes Alive: [Rule-based agent], Food: 12, Hazards: 0
INFO 13:27:54.201495 Turn: 62, Snakes Alive: [Rule-based agent], Food: 12, Hazards: 0
INFO 13:27:54.203087 Turn: 63, Snakes Alive: [Rule-based agent], Food: 12, Hazards: 0
INFO 13:27:54.204669 Turn: 64, Snakes Alive: [Rule-based agent], Food: 11, Hazards: 0
INFO 13:27:54.206224 Turn: 65, Snakes Alive: [Rule-based agent], Food: 11, Hazards: 0
INFO 13:27:54.207732 Turn: 66, Snakes Alive: [Rule-based agent], Food: 11, Hazards: 0
INFO 13:27:54.209318 Turn: 67, Snakes Alive: [Rule-based agent], Food: 11, Hazards: 0
INFO 13:27:54.210832 Turn: 68, Snakes Alive: [Rule-based agent], Food: 11, Hazards: 0
INFO 13:27:54.212241 Turn: 69, Snakes Alive: [Rule-based agent], Food: 11, Hazards: 0
INFO 13:27:54.213689 Turn: 70, Snakes Alive: [Rule-based agent], Food: 11, Hazards: 0
INFO 13:27:54.215317 Turn: 71, Snakes Alive: [Rule-based agent], Food: 11, Hazards: 0
INFO 13:27:54.216847 Turn: 72, Snakes Alive: [Rule-based agent], Food: 10, Hazards: 0
INFO 13:27:54.218359 Turn: 73, Snakes Alive: [Rule-based agent], Food: 10, Hazards: 0
INFO 13:27:54.219914 Turn: 74, Snakes Alive: [Rule-based agent], Food: 9, Hazards: 0
INFO 13:27:54.221356 Turn: 75, Snakes Alive: [Rule-based agent], Food: 9, Hazards: 0
INFO 13:27:54.222918 Turn: 76, Snakes Alive: [Rule-based agent], Food: 9, Hazards: 0
INFO 13:27:54.226591 Turn: 77, Snakes Alive: [Rule-based agent], Food: 8, Hazards: 0
INFO 13:27:54.228175 Turn: 78, Snakes Alive: [Rule-based agent], Food: 7, Hazards: 0
INFO 13:27:54.229634 Turn: 79, Snakes Alive: [Rule-based agent], Food: 7, Hazards: 0
INFO 13:27:54.231240 Turn: 80, Snakes Alive: [Rule-based agent], Food: 7, Hazards: 0
INFO 13:27:54.232712 Turn: 81, Snakes Alive: [Rule-based agent], Food: 8, Hazards: 0
INFO 13:27:54.234259 Turn: 82, Snakes Alive: [Rule-based agent], Food: 8, Hazards: 0
INFO 13:27:54.235859 Turn: 83, Snakes Alive: [Rule-based agent], Food: 8, Hazards: 0
INFO 13:27:54.237376 Turn: 84, Snakes Alive: [Rule-based agent], Food: 8, Hazards: 0
INFO 13:27:54.239026 Turn: 85, Snakes Alive: [Rule-based agent], Food: 8, Hazards: 0
INFO 13:27:54.240441 Turn: 86, Snakes Alive: [Rule-based agent], Food: 8, Hazards: 0
INFO 13:27:54.242078 Turn: 87, Snakes Alive: [Rule-based agent], Food: 8, Hazards: 0
INFO 13:27:54.243804 Turn: 88, Snakes Alive: [Rule-based agent], Food: 8, Hazards: 0
INFO 13:27:54.245257 Turn: 89, Snakes Alive: [Rule-based agent], Food: 8, Hazards: 0
INFO 13:27:54.246781 Turn: 90, Snakes Alive: [Rule-based agent], Food: 8, Hazards: 0
INFO 13:27:54.248327 Turn: 91, Snakes Alive: [Rule-based agent], Food: 8, Hazards: 0
INFO 13:27:54.249946 Turn: 92, Snakes Alive: [Rule-based agent], Food: 8, Hazards: 0
INFO 13:27:54.251407 Turn: 93, Snakes Alive: [Rule-based agent], Food: 8, Hazards: 0
INFO 13:27:54.252948 Turn: 94, Snakes Alive: [Rule-based agent], Food: 8, Hazards: 0
INFO 13:27:54.254485 Turn: 95, Snakes Alive: [Rule-based agent], Food: 8, Hazards: 0
INFO 13:27:54.256053 Turn: 96, Snakes Alive: [Rule-based agent], Food: 8, Hazards: 0
INFO 13:27:54.257480 Turn: 97, Snakes Alive: [Rule-based agent], Food: 8, Hazards: 0
INFO 13:27:54.259142 Turn: 98, Snakes Alive: [Rule-based agent], Food: 8, Hazards: 0
INFO 13:27:54.260760 Turn: 99, Snakes Alive: [Rule-based agent], Food: 8, Hazards: 0
INFO 13:27:54.262339 Turn: 100, Snakes Alive: [Rule-based agent], Food: 8, Hazards: 0
INFO 13:27:54.263730 Turn: 101, Snakes Alive: [Rule-based agent], Food: 8, Hazards: 0
INFO 13:27:54.265114 Turn: 102, Snakes Alive: [Rule-based agent], Food: 8, Hazards: 0
INFO 13:27:54.266671 Turn: 103, Snakes Alive: [Rule-based agent], Food: 8, Hazards: 0
INFO 13:27:54.268108 Turn: 104, Snakes Alive: [Rule-based agent], Food: 8, Hazards: 0
INFO 13:27:54.269651 Turn: 105, Snakes Alive: [Rule-based agent], Food: 9, Hazards: 0
INFO 13:27:54.271152 Turn: 106, Snakes Alive: [Rule-based agent], Food: 9, Hazards: 0
INFO 13:27:54.272669 Turn: 107, Snakes Alive: [Rule-based agent], Food: 9, Hazards: 0
INFO 13:27:54.274114 Turn: 108, Snakes Alive: [Rule-based agent], Food: 9, Hazards: 0
INFO 13:27:54.275690 Turn: 109, Snakes Alive: [Rule-based agent], Food: 9, Hazards: 0
INFO 13:27:54.277429 Turn: 110, Snakes Alive: [Rule-based agent], Food: 9, Hazards: 0
INFO 13:27:54.279041 Turn: 111, Snakes Alive: [Rule-based agent], Food: 9, Hazards: 0
INFO 13:27:54.280575 Turn: 112, Snakes Alive: [Rule-based agent], Food: 9, Hazards: 0
INFO 13:27:54.282045 Turn: 113, Snakes Alive: [Rule-based agent], Food: 9, Hazards: 0
INFO 13:27:54.283596 Turn: 114, Snakes Alive: [Rule-based agent], Food: 9, Hazards: 0
INFO 13:27:54.284971 Turn: 115, Snakes Alive: [Rule-based agent], Food: 8, Hazards: 0
INFO 13:27:54.286545 Turn: 116, Snakes Alive: [Rule-based agent], Food: 8, Hazards: 0
INFO 13:27:54.287958 Turn: 117, Snakes Alive: [Rule-based agent], Food: 8, Hazards: 0
INFO 13:27:54.289391 Turn: 118, Snakes Alive: [Rule-based agent], Food: 7, Hazards: 0
INFO 13:27:54.290873 Turn: 119, Snakes Alive: [Rule-based agent], Food: 7, Hazards: 0
INFO 13:27:54.292464 Turn: 120, Snakes Alive: [Rule-based agent], Food: 6, Hazards: 0
INFO 13:27:54.294062 Turn: 121, Snakes Alive: [Rule-based agent], Food: 6, Hazards: 0
INFO 13:27:54.295472 Turn: 122, Snakes Alive: [Rule-based agent], Food: 6, Hazards: 0
INFO 13:27:54.297129 Turn: 123, Snakes Alive: [Rule-based agent], Food: 6, Hazards: 0
INFO 13:27:54.298645 Turn: 124, Snakes Alive: [Rule-based agent], Food: 7, Hazards: 0
INFO 13:27:54.300140 Turn: 125, Snakes Alive: [Rule-based agent], Food: 7, Hazards: 0
INFO 13:27:54.301518 Turn: 126, Snakes Alive: [Rule-based agent], Food: 7, Hazards: 0
INFO 13:27:54.303062 Turn: 127, Snakes Alive: [Rule-based agent], Food: 7, Hazards: 0
INFO 13:27:54.304536 Turn: 128, Snakes Alive: [Rule-based agent], Food: 6, Hazards: 0
INFO 13:27:54.305957 Turn: 129, Snakes Alive: [Rule-based agent], Food: 6, Hazards: 0
INFO 13:27:54.307532 Turn: 130, Snakes Alive: [Rule-based agent], Food: 6, Hazards: 0
INFO 13:27:54.309047 Turn: 131, Snakes Alive: [], Food: 6, Hazards: 0
INFO 13:27:54.310476 Game completed after 132 turns.
INFO 13:27:54.530744 Snake ID: c6ac375a-a4f5-42b3-aa41-d1cb5580276f URL: http://127.0.0.1:41103, Name: "Rule-based agent"
INFO 13:27:54.532527 Ruleset: solo, Seed: 126
INFO 13:27:54.532583 Turn: 0, Snakes Alive: [Rule-based agent], Food: 2, Hazards: 0
INFO 13:27:54.545331 Turn: 1, Snakes Alive: [Rule-based agent], Food: 3, Hazards: 0
INFO 13:27:54.547126 Turn: 2, Snakes Alive: [Rule-based agent], Food: 3, Hazards: 0
INFO 13:27:54.548550 Turn: 3, Snakes Alive: [Rule-based agent], Food: 3, Hazards: 0
INFO 13:27:54.550043 Turn: 4, Snakes Alive: [Rule-based agent], Food: 4, Hazards: 0
INFO 13:27:54.551838 Turn: 5, Snakes Alive: [Rule-based agent], Food: 5, Hazards: 0
INFO 13:27:54.553231 Turn: 6, Snakes Alive: [Rule-based agent], Food: 5, Hazards: 0
INFO 13:27:54.554754 Turn: 7, Snakes Alive: [Rule-based agent], Food: 6, Hazards: 0
INFO 13:27:54.556139 Turn: 8, Snakes Alive: [Rule-based agent], Food: 6, Hazards: 0
INFO 13:27:54.557696 Turn: 9, Snakes Alive: [Rule-based agent], Food: 6, Hazards: 0
INFO 13:27:54.559233 Turn: 10, Snakes Alive: [Rule-based agent], Food: 6, Hazards: 0
INFO 13:27:54.561011 Turn: 11, Snakes Alive: [Rule-based agent], Food: 6, Hazards: 0
INFO 13:27:54.562518 Turn: 12, Snakes Alive: [Rule-based agent], Food: 6, Hazards: 0
INFO 13:27:54.563997 Turn: 13, Snakes Alive: [Rule-based agent], Food: 6, Hazards: 0
INFO 13:27:54.565416 Turn: 14, Snakes Alive: [Rule-based agent], Food: 6, Hazards: 0
INFO 13:27:54.566939 Turn: 15, Snakes Alive: [Rule-based agent], Food: 6, Hazards: 0
INFO 13:27:54.568509 Turn: 16, Snakes Alive: [Rule-based agent], Food: 6, Hazards: 0
INFO 13:27:54.569881 Turn: 17, Snakes Alive: [Rule-based agent], Food: 6, Hazards: 0
INFO 13:27:54.571250 Turn: 18, Snakes Alive: [Rule-based agent], Food: 6, Hazards: 0
INFO 13:27:54.572618 Turn: 19, Snakes Alive: [Rule-based agent], Food: 6, Hazards: 0
INFO 13:27:54.574026 Turn: 20, Snakes Alive: [Rule-based agent], Food: 6, Hazards: 0
INFO 13:27:54.575631 Turn: 21, Snakes Alive: [Rule-based agent], Food: 6, Hazards: 0
INFO 13:27:54.577148 Turn: 22, Snakes Alive: [Rule-based agent], Food: 6, Hazards: 0
INFO 13:27:54.578508 Turn: 23, Snakes Alive: [Rule-based agent], Food: 6, Hazards: 0
INFO 13:27:54.579919 Turn: 24, Snakes Alive: [Rule-based agent], Food: 7, Hazards: 0
INFO 13:27:54.581564 Turn: 25, Snakes Alive: [Rule-based agent], Food: 7, Hazards: 0
INFO 13:27:54.583039 Turn: 26, Snakes Alive: [Rule-based agent], Food: 7, Hazards: 0
INFO 13:27:54.584563 Turn: 27, Snakes Alive: [Rule-based agent], Food: 7, Hazards: 0
INFO 13:27:54.585940 Turn: 28, Snakes Alive: [Rule-based agent], Food: 8, Hazards: 0
INFO 13:27:54.587324 Turn: 29, Snakes Alive: [Rule-based agent], Food: 8, Hazards: 0
INFO 13:27:54.588849 Turn: 30, Snakes Alive: [Rule-based agent], Food: 9, Hazards: 0
INFO 13:27:54.590274 Turn: 31, Snakes Alive: [Rule-based agent], Food: 9, Hazards: 0
INFO 13:27:54.591867 Turn: 32, Snakes Alive: [Rule-based agent], Food: 10, Hazards: 0
INFO 13:27:54.593644 Turn: 33, Snakes Alive: [Rule-based agent], Food: 10, Hazards: 0
INFO 13:27:54.595207 Turn: 34, Snakes Alive: [Rule-based agent], Food: 9, Hazards: 0
INFO 13:27:54.596712 Turn: 35, Snakes Alive: [Rule-based agent], Food: 9, Hazards: 0
INFO 13:27:54.598166 Turn: 36, Snakes Alive: [Rule-based agent], Food: 9, Hazards: 0
INFO 13:27:54.599751 Turn: 37, Snakes Alive: [Rule-based agent], Food: 9, Hazards: 0
INFO 13:27:54.601185 Turn: 38, Snakes Alive: [Rule-based agent], Food: 9, Hazards: 0
INFO 13:27:54.602728 Turn: 39, Snakes Alive: [Rule-based agent], Food: 9, Hazards: 0
INFO 13:27:54.604205 Turn: 40, Snakes Alive: [Rule-based agent], Food: 9, Hazards: 0
INFO 13:27:54.605572 Turn: 41, Snakes Alive: [Rule-based agent], Food: 9, Hazards: 0
INFO 13:27:54.607725 Turn: 42, Snakes Alive: [Rule-based agent], Food: 9, Hazards: 0
INFO 13:27:54.609474 Turn: 43, Snakes Alive: [Rule-based agent], Food: 9, Hazards: 0
INFO 13:27:54.611053 Turn: 44, Snakes Alive: [Rule-based agent], Food: 9, Hazards: 0
INFO 13:27:54.612529 Turn: 45, Snakes Alive: [Rule-based agent], Food: 9, Hazards: 0
INFO 13:27:54.614039 Turn: 46, Snakes Alive: [Rule-based agent], Food: 9, Hazards: 0
INFO 13:27:54.615655 Turn: 47, Snakes Alive: [Rule-based agent], Food: 10, Hazards: 0
INFO 13:27:54.617041 Turn: 48, Snakes Alive: [Rule-based agent], Food: 10, Hazards: 0
INFO 13:27:54.618514 Turn: 49, Snakes Alive: [Rule-based agent], Food: 9, Hazards: 0
INFO 13:27:54.619927 Turn: 50, Snakes Alive: [Rule-based agent], Food: 9, Hazards: 0
INFO 13:27:54.621343 Turn: 51, Snakes Alive: [Rule-based agent], Food: 10, Hazards: 0
INFO 13:27:54.622951 Turn: 52, Snakes Alive: [Rule-based agent], Food: 10, Hazards: 0
INFO 13:27:54.624523 Turn: 53, Snakes Alive: [Rule-based agent], Food: 10, Hazards: 0
INFO 13:27:54.626079 Turn: 54, Snakes Alive: [Rule-based agent], Food: 10, Hazards: 0
INFO 13:27:54.627665 Turn: 55, Snakes Alive: [Rule-based agent], Food: 11, Hazards: 0
INFO 13:27:54.629056 Turn: 56, Snakes Alive: [Rule-based agent], Food: 11, Hazards: 0
INFO 13:27:54.630671 Turn: 57, Snakes Alive: [Rule-based agent], Food: 11, Hazards: 0
INFO 13:27:54.632109 Turn: 58, Snakes Alive: [Rule-based agent], Food: 11, Hazards: 0
INFO 13:27:54.633569 Turn: 59, Snakes Alive: [Rule-based agent], Food: 11, Hazards: 0
INFO 13:27:54.635096 Turn: 60, Snakes Alive: [Rule-based agent], Food: 11, Hazards: 0
INFO 13:27:54.636482 Turn: 61, Snakes Alive: [Rule-based agent], Food: 11, Hazards: 0
INFO 13:27:54.637968 Turn: 62, Snakes Alive: [Rule-based agent], Food: 11, Hazards: 0
INFO 13:27:54.639536 Turn: 63, Snakes Alive: [Rule-based agent], Food: 11, Hazards: 0
INFO 13:27:54.641014 Turn: 64, Snakes Alive: [Rule-based agent], Food: 11, Hazards: 0
INFO 13:27:54.642555 Turn: 65, Snakes Alive: [Rule-based agent], Food: 11, Hazards: 0
INFO 13:27:54.644083 Turn: 66, Snakes Alive: [Rule-based agent], Food: 11, Hazards: 0
INFO 13:27:54.645452 Turn: 67, Snakes Alive: [Rule-based agent], Food: 11, Hazards: 0
INFO 13:27:54.646950 Turn: 68, Snakes Alive: [Rule-based agent], Food: 11, Hazards: 0
INFO 13:27:54.648342 Turn: 69, Snakes Alive: [Rule-based agent], Food: 11, Hazards: 0
INFO 13:27:54.649727 Turn: 70, Snakes Alive: [Rule-based agent], Food: 11, Hazards: 0
INFO 13:27:54.651447 Turn: 71, Snakes Alive: [Rule-based agent], Food: 11, Hazards: 0
INFO 13:27:54.653022 Turn: 72, Snakes Alive: [Rule-based agent], Food: 11, Hazards: 0
INFO 13:27:54.654603 Turn: 73, Snakes Alive: [Rule-based agent], Food: 11, Hazards: 0
INFO 13:27:54.656181 Turn: 74, Snakes Alive: [Rule-based agent], Food: 11, Hazards: 0
INFO 13:27:54.657650 Turn: 75, Snakes Alive: [Rule-based agent], Food: 11, Hazards: 0
INFO 13:27:54.659267 Turn: 76, Snakes Alive: [Rule-based agent], Food: 11, Hazards: 0
INFO 13:27:54.660684 Turn: 77, Snakes Alive: [Rule-based agent], Food: 11, Hazards: 0
INFO 13:27:54.662090 Turn: 78, Snakes Alive: [Rule-based agent], Food: 11, Hazards: 0
INFO 13:27:54.663457 Turn: 79, Snakes Alive: [Rule-based agent], Food: 11, Hazards: 0
INFO 13:27:54.664817 Turn: 80, Snakes Alive: [Rule-based agent], Food: 12, Hazards: 0
INFO 13:27:54.666266 Turn: 81, Snakes Alive: [Rule-based agent], Food: 12, Hazards: 0
INFO 13:27:54.667874 Turn: 82, Snakes Alive: [Rule-based agent], Food: 12, Hazards: 0
INFO 13:27:54.669547 Turn: 83, Snakes Alive: [Rule-based agent], Food: 12, Hazards: 0
INFO 13:27:54.672170 Turn: 84, Snakes Alive: [Rule-based agent], Food: 12, Hazards: 0
INFO 13:27:54.673716 Turn: 85, Snakes Alive: [Rule-based agent], Food: 12, Hazards: 0
INFO 13:27:54.675292 Turn: 86, Snakes Alive: [Rule-based agent], Food: 12, Hazards: 0
INFO 13:27:54.677054 Turn: 87, Snakes Alive: [Rule-based agent], Food: 12, Hazards: 0
INFO 13:27:54.678535 Turn: 88, Snakes Alive: [Rule-based agent], Food: 12, Hazards: 0
INFO 13:27:54.679903 Turn: 89, Snakes Alive: [Rule-based agent], Food: 12, Hazards: 0
INFO 13:27:54.681384 Turn: 90, Snakes Alive: [Rule-based agent], Food: 12, Hazards: 0
INFO 13:27:54.682933 Turn: 91, Snakes Alive: [Rule-based agent], Food: 11, Hazards: 0
INFO 13:27:54.684427 Turn: 92, Snakes Alive: [Rule-based agent], Food: 11, Hazards: 0
INFO 13:27:54.685902 Turn: 93, Snakes Alive: [Rule-based agent], Food: 11, Hazards: 0
INFO 13:27:54.687585 Turn: 94, Snakes Alive: [Rule-based agent], Food: 11, Hazards: 0
INFO 13:27:54.689231 Turn: 95, Snakes Alive: [Rule-based agent], Food: 11, Hazards: 0
INFO 13:27:54.690835 Turn: 96, Snakes Alive: [Rule-based agent], Food: 11, Hazards: 0
INFO 13:27:54.692443 Turn: 97, Snakes Alive: [Rule-based agent], Food: 11, Hazards: 0
INFO 13:27:54.694054 Turn: 98, Snakes Alive: [Rule-based agent], Food: 11, Hazards: 0
INFO 13:27:54.695556 Turn: 99, Snakes Alive: [Rule-based agent], Food: 11, Hazards: 0
INFO 13:27:54.697161 Turn: 100, Snakes Alive: [Rule-based agent], Food: 11, Hazards: 0
INFO 13:27:54.698798 Turn: 101, Snakes Alive: [Rule-based agent], Food: 10, Hazards: 0
INFO 13:27:54.700318 Turn: 102, Snakes Alive: [Rule-based agent], Food: 10, Hazards: 0
INFO 13:27:54.701885 Turn: 103, Snakes Alive: [Rule-based agent], Food: 10, Hazards: 0
INFO 13:27:54.703436 Turn: 104, Snakes Alive: [Rule-based agent], Food: 11, Hazards: 0
INFO 13:27:54.705001 Turn: 105, Snakes Alive: [Rule-based agent], Food: 11, Hazards: 0
INFO 13:27:54.706650 Turn: 106, Snakes Alive: [Rule-based agent], Food: 11, Hazards: 0
INFO 13:27:54.708229 Turn: 107, Snakes Alive: [Rule-based agent], Food: 10, Hazards: 0
INFO 13:27:54.710175 Turn: 108, Snakes Alive: [Rule-based agent], Food: 10, Hazards: 0
INFO 13:27:54.711641 Turn: 109, Snakes Alive: [Rule-based agent], Food: 10, Hazards: 0
INFO 13:27:54.713116 Turn: 110, Snakes Alive: [Rule-based agent], Food: 10, Hazards: 0
INFO 13:27:54.714882 Turn: 111, Snakes Alive: [Rule-based agent], Food: 9, Hazards: 0
INFO 13:27:54.716366 Turn: 112, Snakes Alive: [Rule-based agent], Food: 9, Hazards: 0
INFO 13:27:54.717753 Turn: 113, Snakes Alive: [Rule-based agent], Food: 9, Hazards: 0
INFO 13:27:54.719252 Turn: 114, Snakes Alive: [Rule-based agent], Food: 9, Hazards: 0
INFO 13:27:54.720749 Turn: 115, Snakes Alive: [Rule-based agent], Food: 9, Hazards: 0
INFO 13:27:54.722319 Turn: 116, Snakes Alive: [Rule-based agent], Food: 8, Hazards: 0
INFO 13:27:54.723835 Turn: 117, Snakes Alive: [Rule-based agent], Food: 8, Hazards: 0
INFO 13:27:54.725349 Turn: 118, Snakes Alive: [Rule-based agent], Food: 8, Hazards: 0
INFO 13:27:54.727267 Turn: 119, Snakes Alive: [Rule-based agent], Food: 8, Hazards: 0
INFO 13:27:54.728838 Turn: 120, Snakes Alive: [Rule-based agent], Food: 8, Hazards: 0
INFO 13:27:54.730580 Turn: 121, Snakes Alive: [Rule-based agent], Food: 8, Hazards: 0
INFO 13:27:54.732137 Turn: 122, Snakes Alive: [Rule-based agent], Food: 8, Hazards: 0
INFO 13:27:54.733641 Turn: 123, Snakes Alive: [Rule-based agent], Food: 9, Hazards: 0
INFO 13:27:54.735231 Turn: 124, Snakes Alive: [Rule-based agent], Food: 8, Hazards: 0
INFO 13:27:54.736814 Turn: 125, Snakes Alive: [Rule-based agent], Food: 8, Hazards: 0
INFO 13:27:54.738276 Turn: 126, Snakes Alive: [Rule-based agent], Food: 8, Hazards: 0
INFO 13:27:54.739754 Turn: 127, Snakes Alive: [Rule-based agent], Food: 8, Hazards: 0
INFO 13:27:54.741351 Turn: 128, Snakes Alive: [Rule-based agent], Food: 8, Hazards: 0
INFO 13:27:54.743085 Turn: 129, Snakes Alive: [Rule-based agent], Food: 7, Hazards: 0
INFO 13:27:54.744856 Turn: 130, Snakes Alive: [Rule-based agent], Food: 7, Hazards: 0
INFO 13:27:54.746308 Turn: 131, Snakes Alive: [Rule-based agent], Food: 7, Hazards: 0
INFO 13:27:54.747895 Turn: 132, Snakes Alive: [Rule-based agent], Food: 7, Hazards: 0
INFO 13:27:54.749420 Turn: 133, Snakes Alive: [Rule-based agent], Food: 7, Hazards: 0
INFO 13:27:54.751137 Turn: 134, Snakes Alive: [Rule-based agent], Food: 7, Hazards: 0
INFO 13:27:54.753003 Turn: 135, Snakes Alive: [Rule-based agent], Food: 7, Hazards: 0
INFO 13:27:54.754579 Turn: 136, Snakes Alive: [Rule-based agent], Food: 7, Hazards: 0
INFO 13:27:54.756053 Turn: 137, Snakes Alive: [Rule-based agent], Food: 7, Hazards: 0
INFO 13:27:54.757536 Turn: 138, Snakes Alive: [Rule-based agent], Food: 7, Hazards: 0
INFO 13:27:54.759114 Turn: 139, Snakes Alive: [Rule-based agent], Food: 7, Hazards: 0
INFO 13:27:54.760644 Turn: 140, Snakes Alive: [Rule-based agent], Food: 7, Hazards: 0
INFO 13:27:54.762094 Turn: 141, Snakes Alive: [Rule-based agent], Food: 6, Hazards: 0
INFO 13:27:54.763635 Turn: 142, Snakes Alive: [Rule-based agent], Food: 6, Hazards: 0
INFO 13:27:54.765173 Turn: 143, Snakes Alive: [Rule-based agent], Food: 6, Hazards: 0
INFO 13:27:54.766727 Turn: 144, Snakes Alive: [Rule-based agent], Food: 6, Hazards: 0
INFO 13:27:54.768165 Turn: 145, Snakes Alive: [Rule-based agent], Food: 5, Hazards: 0
INFO 13:27:54.769593 Turn: 146, Snakes Alive: [Rule-based agent], Food: 5, Hazards: 0
INFO 13:27:54.771147 Turn: 147, Snakes Alive: [Rule-based agent], Food: 5, Hazards: 0
INFO 13:27:54.772576 Turn: 148, Snakes Alive: [Rule-based agent], Food: 5, Hazards: 0
INFO 13:27:54.774052 Turn: 149, Snakes Alive: [Rule-based agent], Food: 5, Hazards: 0
INFO 13:27:54.775642 Turn: 150, Snakes Alive: [Rule-based agent], Food: 5, Hazards: 0
INFO 13:27:54.777278 Turn: 151, Snakes Alive: [Rule-based agent], Food: 5, Hazards: 0
INFO 13:27:54.778777 Turn: 152, Snakes Alive: [Rule-based agent], Food: 5, Hazards: 0
INFO 13:27:54.780329 Turn: 153, Snakes Alive: [Rule-based agent], Food: 5, Hazards: 0
INFO 13:27:54.781938 Turn: 154, Snakes Alive: [Rule-based agent], Food: 5, Hazards: 0
INFO 13:27:54.783472 Turn: 155, Snakes Alive: [Rule-based agent], Food: 6, Hazards: 0
INFO 13:27:54.784880 Turn: 156, Snakes Alive: [Rule-based agent], Food: 5, Hazards: 0
INFO 13:27:54.786406 Turn: 157, Snakes Alive: [Rule-based agent], Food: 5, Hazards: 0
INFO 13:27:54.787858 Turn: 158, Snakes Alive: [Rule-based agent], Food: 5, Hazards: 0
INFO 13:27:54.789395 Turn: 159, Snakes Alive: [Rule-based agent], Food: 6, Hazards: 0
INFO 13:27:54.790909 Turn: 160, Snakes Alive: [Rule-based agent], Food: 6, Hazards: 0
INFO 13:27:54.792533 Turn: 161, Snakes Alive: [Rule-based agent], Food: 6, Hazards: 0
INFO 13:27:54.794124 Turn: 162, Snakes Alive: [Rule-based agent], Food: 7, Hazards: 0
INFO 13:27:54.795509 Turn: 163, Snakes Alive: [Rule-based agent], Food: 7, Hazards: 0
INFO 13:27:54.796970 Turn: 164, Snakes Alive: [Rule-based agent], Food: 6, Hazards: 0
INFO 13:27:54.798413 Turn: 165, Snakes Alive: [Rule-based agent], Food: 6, Hazards: 0
INFO 13:27:54.799972 Turn: 166, Snakes Alive: [Rule-based agent], Food: 6, Hazards: 0
INFO 13:27:54.801525 Turn: 167, Snakes Alive: [Rule-based agent], Food: 6, Hazards: 0
INFO 13:27:54.803249 Turn: 168, Snakes Alive: [Rule-based agent], Food: 6, Hazards: 0
INFO 13:27:54.805128 Turn: 169, Snakes Alive: [Rule-based agent], Food: 5, Hazards: 0
INFO 13:27:54.806795 Turn: 170, Snakes Alive: [Rule-based agent], Food: 5, Hazards: 0
INFO 13:27:54.808319 Turn: 171, Snakes Alive: [Rule-based agent], Food: 5, Hazards: 0
INFO 13:27:54.809886 Turn: 172, Snakes Alive: [Rule-based agent], Food: 5, Hazards: 0
INFO 13:27:54.811696 Turn: 173, Snakes Alive: [Rule-based agent], Food: 5, Hazards: 0
INFO 13:27:54.813162 Turn: 174, Snakes Alive: [Rule-based agent], Food: 5, Hazards: 0
INFO 13:27:54.814748 Turn: 175, Snakes Alive: [Rule-based agent], Food: 5, Hazards: 0
INFO 13:27:54.816318 Turn: 176, Snakes Alive: [Rule-based agent], Food: 5, Hazards: 0
INFO 13:27:54.817905 Turn: 177, Snakes Alive: [Rule-based agent], Food: 5, Hazards: 0
INFO 13:27:54.819489 Turn: 178, Snakes Alive: [Rule-based agent], Food: 5, Hazards: 0
INFO 13:27:54.821060 Turn: 179, Snakes Alive: [Rule-based agent], Food: 5, Hazards: 0
INFO 13:27:54.822712 Turn: 180, Snakes Alive: [Rule-based agent], Food: 5, Hazards: 0
INFO 13:27:54.824252 Turn: 181, Snakes Alive: [Rule-based agent], Food: 4, Hazards: 0
INFO 13:27:54.825845 Turn: 182, Snakes Alive: [Rule-based agent], Food: 4, Hazards: 0
INFO 13:27:54.827611 Turn: 183, Snakes Alive: [Rule-based agent], Food: 4, Hazards: 0
INFO 13:27:54.829309 Turn: 184, Snakes Alive: [Rule-based agent], Food: 4, Hazards: 0
INFO 13:27:54.830872 Turn: 185, Snakes Alive: [Rule-based agent], Food: 4, Hazards: 0
INFO 13:27:54.832432 Turn: 186, Snakes Alive: [Rule-based agent], Food: 5, Hazards: 0
INFO 13:27:54.834025 Turn: 187, Snakes Alive: [Rule-based agent], Food: 5, Hazards: 0
INFO 13:27:54.835626 Turn: 188, Snakes Alive: [Rule-based agent], Food: 6, Hazards: 0
INFO 13:27:54.837271 Turn: 189, Snakes Alive: [Rule-based agent], Food: 7, Hazards: 0
INFO 13:27:54.838983 Turn: 190, Snakes Alive: [Rule-based agent], Food: 7, Hazards: 0
INFO 13:27:54.840667 Turn: 191, Snakes Alive: [Rule-based agent], Food: 7, Hazards: 0
INFO 13:27:54.842753 Turn: 192, Snakes Alive: [Rule-based agent], Food: 8, Hazards: 0
INFO 13:27:54.844753 Turn: 193, Snakes Alive: [Rule-based agent], Food: 8, Hazards: 0
INFO 13:27:54.846223 Turn: 194, Snakes Alive: [Rule-based agent], Food: 8, Hazards: 0
INFO 13:27:54.847792 Turn: 195, Snakes Alive: [Rule-based agent], Food: 8, Hazards: 0
INFO 13:27:54.849470 Turn: 196, Snakes Alive: [Rule-based agent], Food: 9, Hazards: 0
INFO 13:27:54.851074 Turn: 197, Snakes Alive: [Rule-based agent], Food: 9, Hazards: 0
INFO 13:27:54.852604 Turn: 198, Snakes Alive: [Rule-based agent], Food: 9, Hazards: 0
INFO 13:27:54.854210 Turn: 199, Snakes Alive: [Rule-based agent], Food: 9, Hazards: 0
INFO 13:27:54.855813 Turn: 200, Snakes Alive: [Rule-based agent], Food: 8, Hazards: 0
INFO 13:27:54.857375 Turn: 201, Snakes Alive: [Rule-based agent], Food: 8, Hazards: 0
INFO 13:27:54.858896 Turn: 202, Snakes Alive: [Rule-based agent], Food: 8, Hazards: 0
INFO 13:27:54.860883 Turn: 203, Snakes Alive: [Rule-based agent], Food: 8, Hazards: 0
INFO 13:27:54.862276 Turn: 204, Snakes Alive: [], Food: 8, Hazards: 0
INFO 13:27:54.863516 Game completed after 205 turns.
INFO 13:27:55.080868 Snake ID: cfd67a43-1fa8-45b8-80a6-29133dce2f5a URL: http://127.0.0.1:41103, Name: "Rule-based agent"
INFO 13:27:55.082934 Ruleset: solo, Seed: 127
INFO 13:27:55.082976 Turn: 0, Snakes Alive: [Rule-based agent], Food: 2, Hazards: 0
INFO 13:27:55.095123 Turn: 1, Snakes Alive: [Rule-based agent], Food: 2, Hazards: 0
INFO 13:27:55.096667 Turn: 2, Snakes Alive: [Rule-based agent], Food: 2, Hazards: 0
INFO 13:27:55.098083 Turn: 3, Snakes Alive: [Rule-based agent], Food: 3, Hazards: 0
INFO 13:27:55.099477 Turn: 4, Snakes Alive: [Rule-based agent], Food: 4, Hazards: 0
INFO 13:27:55.100914 Turn: 5, Snakes Alive: [Rule-based agent], Food: 4, Hazards: 0
INFO 13:27:55.102326 Turn: 6, Snakes Alive: [Rule-based agent], Food: 5, Hazards: 0
INFO 13:27:55.103678 Turn: 7, Snakes Alive: [Rule-based agent], Food: 5, Hazards: 0
INFO 13:27:55.105048 Turn: 8, Snakes Alive: [Rule-based agent], Food: 5, Hazards: 0
INFO 13:27:55.106517 Turn: 9, Snakes Alive: [Rule-based agent], Food: 5, Hazards: 0
INFO 13:27:55.108033 Turn: 10, Snakes Alive: [Rule-based agent], Food: 5, Hazards: 0
INFO 13:27:55.109594 Turn: 11, Snakes Alive: [Rule-based agent], Food: 5, Hazards: 0
INFO 13:27:55.111413 Turn: 12, Snakes Alive: [Rule-based agent], Food: 5, Hazards: 0
INFO 13:27:55.112686 Turn: 13, Snakes Alive: [Rule-based agent], Food: 5, Hazards: 0
INFO 13:27:55.113976 Turn: 14, Snakes Alive: [Rule-based agent], Food: 5, Hazards: 0
INFO 13:27:55.115348 Turn: 15, Snakes Alive: [Rule-based agent], Food: 5, Hazards: 0
INFO 13:27:55.116835 Turn: 16, Snakes Alive: [Rule-based agent], Food: 5, Hazards: 0
INFO 13:27:55.118261 Turn: 17, Snakes Alive: [Rule-based agent], Food: 5, Hazards: 0
INFO 13:27:55.119589 Turn: 18, Snakes Alive: [Rule-based agent], Food: 5, Hazards: 0
INFO 13:27:55.120867 Turn: 19, Snakes Alive: [Rule-based agent], Food: 5, Hazards: 0
INFO 13:27:55.122231 Turn: 20, Snakes Alive: [Rule-based agent], Food: 5, Hazards: 0
INFO 13:27:55.123682 Turn: 21, Snakes Alive: [Rule-based agent], Food: 5, Hazards: 0
INFO 13:27:55.125443 Turn: 22, Snakes Alive: [Rule-based agent], Food: 5, Hazards: 0
INFO 13:27:55.127177 Turn: 23, Snakes Alive: [Rule-based agent], Food: 6, Hazards: 0
INFO 13:27:55.128606 Turn: 24, Snakes Alive: [Rule-based agent], Food: 6, Hazards: 0
INFO 13:27:55.130005 Turn: 25, Snakes Alive: [Rule-based agent], Food: 6, Hazards: 0
INFO 13:27:55.131362 Turn: 26, Snakes Alive: [Rule-based agent], Food: 6, Hazards: 0
INFO 13:27:55.132846 Turn: 27, Snakes Alive: [Rule-based agent], Food: 7, Hazards: 0
INFO 13:27:55.134338 Turn: 28, Snakes Alive: [Rule-based agent], Food: 7, Hazards: 0
INFO 13:27:55.135765 Turn: 29, Snakes Alive: [Rule-based agent], Food: 8, Hazards: 0
INFO 13:27:55.137173 Turn: 30, Snakes Alive: [Rule-based agent], Food: 8, Hazards: 0
INFO 13:27:55.138612 Turn: 31, Snakes Alive: [Rule-based agent], Food: 9, Hazards: 0
INFO 13:27:55.140229 Turn: 32, Snakes Alive: [Rule-based agent], Food: 9, Hazards: 0
INFO 13:27:55.141614 Turn: 33, Snakes Alive: [Rule-based agent], Food: 9, Hazards: 0
INFO 13:27:55.143222 Turn: 34, Snakes Alive: [Rule-based agent], Food: 9, Hazards: 0
INFO 13:27:55.144720 Turn: 35, Snakes Alive: [Rule-based agent], Food: 9, Hazards: 0
INFO 13:27:55.146089 Turn: 36, Snakes Alive: [Rule-based agent], Food: 9, Hazards: 0
INFO 13:27:55.147508 Turn: 37, Snakes Alive: [Rule-based agent], Food: 9, Hazards: 0
INFO 13:27:55.148847 Turn: 38, Snakes Alive: [Rule-based agent], Food: 9, Hazards: 0
INFO 13:27:55.150258 Turn: 39, Snakes Alive: [Rule-based agent], Food: 9, Hazards: 0
INFO 13:27:55.151650 Turn: 40, Snakes Alive: [Rule-based agent], Food: 9, Hazards: 0
INFO 13:27:55.152997 Turn: 41, Snakes Alive: [Rule-based agent], Food: 9, Hazards: 0
INFO 13:27:55.154361 Turn: 42, Snakes Alive: [Rule-based agent], Food: 9, Hazards: 0
INFO 13:27:55.155865 Turn: 43, Snakes Alive: [Rule-based agent], Food: 9, Hazards: 0
INFO 13:27:55.157269 Turn: 44, Snakes Alive: [Rule-based agent], Food: 9, Hazards: 0
INFO 13:27:55.158784 Turn: 45, Snakes Alive: [Rule-based agent], Food: 9, Hazards: 0
INFO 13:27:55.160536 Turn: 46, Snakes Alive: [Rule-based agent], Food: 10, Hazards: 0
INFO 13:27:55.161868 Turn: 47, Snakes Alive: [Rule-based agent], Food: 10, Hazards: 0
INFO 13:27:55.163338 Turn: 48, Snakes Alive: [Rule-based agent], Food: 10, Hazards: 0
INFO 13:27:55.164702 Turn: 49, Snakes Alive: [Rule-based agent], Food: 10, Hazards: 0
INFO 13:27:55.166277 Turn: 50, Snakes Alive: [Rule-based agent], Food: 11, Hazards: 0
INFO 13:27:55.167986 Turn: 51, Snakes Alive: [Rule-based agent], Food: 12, Hazards: 0
INFO 13:27:55.169420 Turn: 52, Snakes Alive: [Rule-based agent], Food: 12, Hazards: 0
INFO 13:27:55.171100 Turn: 53, Snakes Alive: [Rule-based agent], Food: 12, Hazards: 0
INFO 13:27:55.172723 Turn: 54, Snakes Alive: [Rule-based agent], Food: 12, Hazards: 0
INFO 13:27:55.174204 Turn: 55, Snakes Alive: [Rule-based agent], Food: 12, Hazards: 0
INFO 13:27:55.175933 Turn: 56, Snakes Alive: [Rule-based agent], Food: 12, Hazards: 0
INFO 13:27:55.177521 Turn: 57, Snakes Alive: [Rule-based agent], Food: 12, Hazards: 0
INFO 13:27:55.179029 Turn: 58, Snakes Alive: [Rule-based agent], Food: 12, Hazards: 0
INFO 13:27:55.180407 Turn: 59, Snakes Alive: [Rule-based agent], Food: 12, Hazards: 0
INFO 13:27:55.181718 Turn: 60, Snakes Alive: [Rule-based agent], Food: 12, Hazards: 0
INFO 13:27:55.183191 Turn: 61, Snakes Alive: [Rule-based agent], Food: 12, Hazards: 0
INFO 13:27:55.184758 Turn: 62, Snakes Alive: [Rule-based agent], Food: 12, Hazards: 0
INFO 13:27:55.186315 Turn: 63, Snakes Alive: [Rule-based agent], Food: 12, Hazards: 0
INFO 13:27:55.187770 Turn: 64, Snakes Alive: [Rule-based agent], Food: 12, Hazards: 0
INFO 13:27:55.189244 Turn: 65, Snakes Alive: [Rule-based agent], Food: 12, Hazards: 0
INFO 13:27:55.190811 Turn: 66, Snakes Alive: [Rule-based agent], Food: 12, Hazards: 0
INFO 13:27:55.192230 Turn: 67, Snakes Alive: [Rule-based agent], Food: 12, Hazards: 0
INFO 13:27:55.193764 Turn: 68, Snakes Alive: [Rule-based agent], Food: 12, Hazards: 0
INFO 13:27:55.195393 Turn: 69, Snakes Alive: [Rule-based agent], Food: 12, Hazards: 0
INFO 13:27:55.196900 Turn: 70, Snakes Alive: [Rule-based agent], Food: 12, Hazards: 0
INFO 13:27:55.198444 Turn: 71, Snakes Alive: [Rule-based agent], Food: 12, Hazards: 0
INFO 13:27:55.199974 Turn: 72, Snakes Alive: [Rule-based agent], Food: 12, Hazards: 0
INFO 13:27:55.201477 Turn: 73, Snakes Alive: [Rule-based agent], Food: 12, Hazards: 0
INFO 13:27:55.203044 Turn: 74, Snakes Alive: [Rule-based agent], Food: 12, Hazards: 0
INFO 13:27:55.204441 Turn: 75, Snakes Alive: [Rule-based agent], Food: 12, Hazards: 0
INFO 13:27:55.205881 Turn: 76, Snakes Alive: [Rule-based agent], Food: 12, Hazards: 0
INFO 13:27:55.207353 Turn: 77, Snakes Alive: [Rule-based agent], Food: 12, Hazards: 0
INFO 13:27:55.208958 Turn: 78, Snakes Alive: [Rule-based agent], Food: 12, Hazards: 0
INFO 13:27:55.210560 Turn: 79, Snakes Alive: [Rule-based agent], Food: 13, Hazards: 0
INFO 13:27:55.211909 Turn: 80, Snakes Alive: [Rule-based agent], Food: 13, Hazards: 0
INFO 13:27:55.213323 Turn: 81, Snakes Alive: [Rule-based agent], Food: 13, Hazards: 0
INFO 13:27:55.214836 Turn: 82, Snakes Alive: [Rule-based agent], Food: 13, Hazards: 0
INFO 13:27:55.216403 Turn: 83, Snakes Alive: [Rule-based agent], Food: 12, Hazards: 0
INFO 13:27:55.217811 Turn: 84, Snakes Alive: [Rule-based agent], Food: 11, Hazards: 0
INFO 13:27:55.219230 Turn: 85, Snakes Alive: [Rule-based agent], Food: 11, Hazards: 0
INFO 13:27:55.222436 Turn: 86, Snakes Alive: [Rule-based agent], Food: 11, Hazards: 0
INFO 13:27:55.223945 Turn: 87, Snakes Alive: [Rule-based agent], Food: 11, Hazards: 0
INFO 13:27:55.225507 Turn: 88, Snakes Alive: [Rule-based agent], Food: 11, Hazards: 0
INFO 13:27:55.227187 Turn: 89, Snakes Alive: [Rule-based agent], Food: 11, Hazards: 0
INFO 13:27:55.228784 Turn: 90, Snakes Alive: [Rule-based agent], Food: 11, Hazards: 0
INFO 13:27:55.230224 Turn: 91, Snakes Alive: [Rule-based agent], Food: 11, Hazards: 0
INFO 13:27:55.231780 Turn: 92, Snakes Alive: [Rule-based agent], Food: 11, Hazards: 0
INFO 13:27:55.233222 Turn: 93, Snakes Alive: [Rule-based agent], Food: 11, Hazards: 0
INFO 13:27:55.234833 Turn: 94, Snakes Alive: [Rule-based agent], Food: 11, Hazards: 0
INFO 13:27:55.236250 Turn: 95, Snakes Alive: [Rule-based agent], Food: 11, Hazards: 0
INFO 13:27:55.237769 Turn: 96, Snakes Alive: [Rule-based agent], Food: 11, Hazards: 0
INFO 13:27:55.239182 Turn: 97, Snakes Alive: [Rule-based agent], Food: 11, Hazards: 0
INFO 13:27:55.240747 Turn: 98, Snakes Alive: [Rule-based agent], Food: 11, Hazards: 0
INFO 13:27:55.242321 Turn: 99, Snakes Alive: [Rule-based agent], Food: 11, Hazards: 0
INFO 13:27:55.244174 Turn: 100, Snakes Alive: [Rule-based agent], Food: 11, Hazards: 0
INFO 13:27:55.245676 Turn: 101, Snakes Alive: [Rule-based agent], Food: 11, Hazards: 0
INFO 13:27:55.247247 Turn: 102, Snakes Alive: [Rule-based agent], Food: 11, Hazards: 0
INFO 13:27:55.248718 Turn: 103, Snakes Alive: [Rule-based agent], Food: 12, Hazards: 0
INFO 13:27:55.250172 Turn: 104, Snakes Alive: [Rule-based agent], Food: 12, Hazards: 0
INFO 13:27:55.251666 Turn: 105, Snakes Alive: [Rule-based agent], Food: 12, Hazards: 0
INFO 13:27:55.253177 Turn: 106, Snakes Alive: [Rule-based agent], Food: 12, Hazards: 0
INFO 13:27:55.254731 Turn: 107, Snakes Alive: [Rule-based agent], Food: 12, Hazards: 0
INFO 13:27:55.256231 Turn: 108, Snakes Alive: [Rule-based agent], Food: 12, Hazards: 0
INFO 13:27:55.257679 Turn: 109, Snakes Alive: [Rule-based agent], Food: 11, Hazards: 0
INFO 13:27:55.259419 Turn: 110, Snakes Alive: [Rule-based agent], Food: 11, Hazards: 0
INFO 13:27:55.261216 Turn: 111, Snakes Alive: [Rule-based agent], Food: 11, Hazards: 0
INFO 13:27:55.262913 Turn: 112, Snakes Alive: [Rule-based agent], Food: 11, Hazards: 0
INFO 13:27:55.264527 Turn: 113, Snakes Alive: [Rule-based agent], Food: 11, Hazards: 0
INFO 13:27:55.266024 Turn: 114, Snakes Alive: [Rule-based agent], Food: 11, Hazards: 0
INFO 13:27:55.267524 Turn: 115, Snakes Alive: [Rule-based agent], Food: 11, Hazards: 0
INFO 13:27:55.269025 Turn: 116, Snakes Alive: [Rule-based agent], Food: 11, Hazards: 0
INFO 13:27:55.270478 Turn: 117, Snakes Alive: [Rule-based agent], Food: 11, Hazards: 0
INFO 13:27:55.272021 Turn: 118, Snakes Alive: [Rule-based agent], Food: 11, Hazards: 0
INFO 13:27:55.273404 Turn: 119, Snakes Alive: [Rule-based agent], Food: 11, Hazards: 0
INFO 13:27:55.274929 Turn: 120, Snakes Alive: [Rule-based agent], Food: 11, Hazards: 0
INFO 13:27:55.276419 Turn: 121, Snakes Alive: [Rule-based agent], Food: 11, Hazards: 0
INFO 13:27:55.278057 Turn: 122, Snakes Alive: [Rule-based agent], Food: 12, Hazards: 0
INFO 13:27:55.279528 Turn: 123, Snakes Alive: [Rule-based agent], Food: 12, Hazards: 0
INFO 13:27:55.281032 Turn: 124, Snakes Alive: [Rule-based agent], Food: 12, Hazards: 0
INFO 13:27:55.282568 Turn: 125, Snakes Alive: [Rule-based agent], Food: 12, Hazards: 0
INFO 13:27:55.284089 Turn: 126, Snakes Alive: [Rule-based agent], Food: 12, Hazards: 0
INFO 13:27:55.285615 Turn: 127, Snakes Alive: [Rule-based agent], Food: 12, Hazards: 0
INFO 13:27:55.287155 Turn: 128, Snakes Alive: [Rule-based agent], Food: 12, Hazards: 0
INFO 13:27:55.288630 Turn: 129, Snakes Alive: [Rule-based agent], Food: 12, Hazards: 0
INFO 13:27:55.290140 Turn: 130, Snakes Alive: [Rule-based agent], Food: 12, Hazards: 0
INFO 13:27:55.291788 Turn: 131, Snakes Alive: [Rule-based agent], Food: 12, Hazards: 0
INFO 13:27:55.293420 Turn: 132, Snakes Alive: [Rule-based agent], Food: 12, Hazards: 0
INFO 13:27:55.294991 Turn: 133, Snakes Alive: [Rule-based agent], Food: 12, Hazards: 0
INFO 13:27:55.296443 Turn: 134, Snakes Alive: [Rule-based agent], Food: 12, Hazards: 0
INFO 13:27:55.298035 Turn: 135, Snakes Alive: [Rule-based agent], Food: 12, Hazards: 0
INFO 13:27:55.299517 Turn: 136, Snakes Alive: [Rule-based agent], Food: 12, Hazards: 0
INFO 13:27:55.300914 Turn: 137, Snakes Alive: [Rule-based agent], Food: 12, Hazards: 0
INFO 13:27:55.302419 Turn: 138, Snakes Alive: [Rule-based agent], Food: 12, Hazards: 0
INFO 13:27:55.303860 Turn: 139, Snakes Alive: [Rule-based agent], Food: 12, Hazards: 0
INFO 13:27:55.305322 Turn: 140, Snakes Alive: [Rule-based agent], Food: 12, Hazards: 0
INFO 13:27:55.306898 Turn: 141, Snakes Alive: [Rule-based agent], Food: 12, Hazards: 0
INFO 13:27:55.308502 Turn: 142, Snakes Alive: [Rule-based agent], Food: 12, Hazards: 0
INFO 13:27:55.310151 Turn: 143, Snakes Alive: [Rule-based agent], Food: 12, Hazards: 0
INFO 13:27:55.311741 Turn: 144, Snakes Alive: [Rule-based agent], Food: 12, Hazards: 0
INFO 13:27:55.313187 Turn: 145, Snakes Alive: [Rule-based agent], Food: 12, Hazards: 0
INFO 13:27:55.314811 Turn: 146, Snakes Alive: [Rule-based agent], Food: 12, Hazards: 0
INFO 13:27:55.316312 Turn: 147, Snakes Alive: [Rule-based agent], Food: 12, Hazards: 0
INFO 13:27:55.317889 Turn: 148, Snakes Alive: [Rule-based agent], Food: 12, Hazards: 0
INFO 13:27:55.319436 Turn: 149, Snakes Alive: [Rule-based agent], Food: 12, Hazards: 0
INFO 13:27:55.321017 Turn: 150, Snakes Alive: [Rule-based agent], Food: 12, Hazards: 0
INFO 13:27:55.322538 Turn: 151, Snakes Alive: [Rule-based agent], Food: 12, Hazards: 0
INFO 13:27:55.324085 Turn: 152, Snakes Alive: [Rule-based agent], Food: 12, Hazards: 0
INFO 13:27:55.325578 Turn: 153, Snakes Alive: [Rule-based agent], Food: 12, Hazards: 0
INFO 13:27:55.327346 Turn: 154, Snakes Alive: [Rule-based agent], Food: 13, Hazards: 0
INFO 13:27:55.329034 Turn: 155, Snakes Alive: [Rule-based agent], Food: 13, Hazards: 0
INFO 13:27:55.330556 Turn: 156, Snakes Alive: [Rule-based agent], Food: 12, Hazards: 0
INFO 13:27:55.332035 Turn: 157, Snakes Alive: [Rule-based agent], Food: 12, Hazards: 0
INFO 13:27:55.333532 Turn: 158, Snakes Alive: [Rule-based agent], Food: 13, Hazards: 0
INFO 13:27:55.335118 Turn: 159, Snakes Alive: [Rule-based agent], Food: 13, Hazards: 0
INFO 13:27:55.336574 Turn: 160, Snakes Alive: [Rule-based agent], Food: 13, Hazards: 0
INFO 13:27:55.338115 Turn: 161, Snakes Alive: [Rule-based agent], Food: 14, Hazards: 0
INFO 13:27:55.339628 Turn: 162, Snakes Alive: [Rule-based agent], Food: 13, Hazards: 0
INFO 13:27:55.341143 Turn: 163, Snakes Alive: [Rule-based agent], Food: 13, Hazards: 0
INFO 13:27:55.342764 Turn: 164, Snakes Alive: [Rule-based agent], Food: 13, Hazards: 0
INFO 13:27:55.344463 Turn: 165, Snakes Alive: [Rule-based agent], Food: 13, Hazards: 0
INFO 13:27:55.345964 Turn: 166, Snakes Alive: [Rule-based agent], Food: 12, Hazards: 0
INFO 13:27:55.347482 Turn: 167, Snakes Alive: [Rule-based agent], Food: 12, Hazards: 0
INFO 13:27:55.348975 Turn: 168, Snakes Alive: [Rule-based agent], Food: 12, Hazards: 0
INFO 13:27:55.350402 Turn: 169, Snakes Alive: [Rule-based agent], Food: 11, Hazards: 0
INFO 13:27:55.352070 Turn: 170, Snakes Alive: [Rule-based agent], Food: 11, Hazards: 0
INFO 13:27:55.353618 Turn: 171, Snakes Alive: [Rule-based agent], Food: 10, Hazards: 0
INFO 13:27:55.355308 Turn: 172, Snakes Alive: [Rule-based agent], Food: 10, Hazards: 0
INFO 13:27:55.356886 Turn: 173, Snakes Alive: [Rule-based agent], Food: 10, Hazards: 0
INFO 13:27:55.358484 Turn: 174, Snakes Alive: [Rule-based agent], Food: 10, Hazards: 0
INFO 13:27:55.360194 Turn: 175, Snakes Alive: [Rule-based agent], Food: 10, Hazards: 0
INFO 13:27:55.361821 Turn: 176, Snakes Alive: [Rule-based agent], Food: 10, Hazards: 0
INFO 13:27:55.363315 Turn: 177, Snakes Alive: [Rule-based agent], Food: 10, Hazards: 0
INFO 13:27:55.364774 Turn: 178, Snakes Alive: [Rule-based agent], Food: 10, Hazards: 0
INFO 13:27:55.366956 Turn: 179, Snakes Alive: [Rule-based agent], Food: 9, Hazards: 0
INFO 13:27:55.368496 Turn: 180, Snakes Alive: [Rule-based agent], Food: 9, Hazards: 0
INFO 13:27:55.369981 Turn: 181, Snakes Alive: [Rule-based agent], Food: 9, Hazards: 0
INFO 13:27:55.371483 Turn: 182, Snakes Alive: [Rule-based agent], Food: 9, Hazards: 0
INFO 13:27:55.374900 Turn: 183, Snakes Alive: [Rule-based agent], Food: 9, Hazards: 0
INFO 13:27:55.376579 Turn: 184, Snakes Alive: [Rule-based agent], Food: 9, Hazards: 0
INFO 13:27:55.378386 Turn: 185, Snakes Alive: [Rule-based agent], Food: 10, Hazards: 0
INFO 13:27:55.379729 Turn: 186, Snakes Alive: [], Food: 10, Hazards: 0
INFO 13:27:55.380986 Game completed after 187 turns.
INFO 13:27:55.585377 Snake ID: 17d61010-da02-4427-a478-1e27872a3116 URL: http://127.0.0.1:41103, Name: "Rule-based agent"
INFO 13:27:55.587132 Ruleset: solo, Seed: 128
INFO 13:27:55.587168 Turn: 0, Snakes Alive: [Rule-based agent], Food: 2, Hazards: 0
INFO 13:27:55.599176 Turn: 1, Snakes Alive: [Rule-based agent], Food: 2, Hazards: 0
INFO 13:27:55.600990 Turn: 2, Snakes Alive: [Rule-based agent], Food: 3, Hazards: 0
INFO 13:27:55.602880 Turn: 3, Snakes Alive: [Rule-based agent], Food: 4, Hazards: 0
INFO 13:27:55.604284 Turn: 4, Snakes Alive: [Rule-based agent], Food: 4, Hazards: 0
INFO 13:27:55.605633 Turn: 5, Snakes Alive: [Rule-based agent], Food: 5, Hazards: 0
INFO 13:27:55.607043 Turn: 6, Snakes Alive: [Rule-based agent], Food: 5, Hazards: 0
INFO 13:27:55.608418 Turn: 7, Snakes Alive: [Rule-based agent], Food: 5, Hazards: 0
INFO 13:27:55.609946 Turn: 8, Snakes Alive: [Rule-based agent], Food: 5, Hazards: 0
INFO 13:27:55.611574 Turn: 9, Snakes Alive: [Rule-based agent], Food: 5, Hazards: 0
INFO 13:27:55.612946 Turn: 10, Snakes Alive: [Rule-based agent], Food: 5, Hazards: 0
INFO 13:27:55.614257 Turn: 11, Snakes Alive: [Rule-based agent], Food: 5, Hazards: 0
INFO 13:27:55.615795 Turn: 12, Snakes Alive: [Rule-based agent], Food: 5, Hazards: 0
INFO 13:27:55.617167 Turn: 13, Snakes Alive: [Rule-based agent], Food: 5, Hazards: 0
INFO 13:27:55.618667 Turn: 14, Snakes Alive: [Rule-based agent], Food: 5, Hazards: 0
INFO 13:27:55.620031 Turn: 15, Snakes Alive: [Rule-based agent], Food: 5, Hazards: 0
INFO 13:27:55.621354 Turn: 16, Snakes Alive: [Rule-based agent], Food: 5, Hazards: 0
INFO 13:27:55.622757 Turn: 17, Snakes Alive: [Rule-based agent], Food: 5, Hazards: 0
INFO 13:27:55.624007 Turn: 18, Snakes Alive: [Rule-based agent], Food: 5, Hazards: 0
INFO 13:27:55.625401 Turn: 19, Snakes Alive: [Rule-based agent], Food: 4, Hazards: 0
INFO 13:27:55.627165 Turn: 20, Snakes Alive: [Rule-based agent], Food: 4, Hazards: 0
INFO 13:27:55.628542 Turn: 21, Snakes Alive: [Rule-based agent], Food: 4, Hazards: 0
INFO 13:27:55.629904 Turn: 22, Snakes Alive: [Rule-based agent], Food: 5, Hazards: 0
INFO 13:27:55.631326 Turn: 23, Snakes Alive: [Rule-based agent], Food: 5, Hazards: 0
INFO 13:27:55.632690 Turn: 24, Snakes Alive: [Rule-based agent], Food: 5, Hazards: 0
INFO 13:27:55.634127 Turn: 25, Snakes Alive: [Rule-based agent], Food: 5, Hazards: 0
INFO 13:27:55.635575 Turn: 26, Snakes Alive: [Rule-based agent], Food: 6, Hazards: 0
INFO 13:27:55.636915 Turn: 27, Snakes Alive: [Rule-based agent], Food: 6, Hazards: 0
INFO 13:27:55.638322 Turn: 28, Snakes Alive: [Rule-based agent], Food: 7, Hazards: 0
INFO 13:27:55.639858 Turn: 29, Snakes Alive: [Rule-based agent], Food: 7, Hazards: 0
INFO 13:27:55.641339 Turn: 30, Snakes Alive: [Rule-based agent], Food: 8, Hazards: 0
INFO 13:27:55.642896 Turn: 31, Snakes Alive: [Rule-based agent], Food: 8, Hazards: 0
INFO 13:27:55.644484 Turn: 32, Snakes Alive: [Rule-based agent], Food: 8, Hazards: 0
INFO 13:27:55.645832 Turn: 33, Snakes Alive: [Rule-based agent], Food: 8, Hazards: 0
INFO 13:27:55.647279 Turn: 34, Snakes Alive: [Rule-based agent], Food: 8, Hazards: 0
INFO 13:27:55.648587 Turn: 35, Snakes Alive: [Rule-based agent], Food: 8, Hazards: 0
INFO 13:27:55.650067 Turn: 36, Snakes Alive: [Rule-based agent], Food: 8, Hazards: 0
INFO 13:27:55.651511 Turn: 37, Snakes Alive: [Rule-based agent], Food: 8, Hazards: 0
INFO 13:27:55.652940 Turn: 38, Snakes Alive: [Rule-based agent], Food: 8, Hazards: 0
INFO 13:27:55.654361 Turn: 39, Snakes Alive: [Rule-based agent], Food: 8, Hazards: 0
INFO 13:27:55.655784 Turn: 40, Snakes Alive: [Rule-based agent], Food: 8, Hazards: 0
INFO 13:27:55.657162 Turn: 41, Snakes Alive: [Rule-based agent], Food: 8, Hazards: 0
INFO 13:27:55.658603 Turn: 42, Snakes Alive: [Rule-based agent], Food: 8, Hazards: 0
INFO 13:27:55.660144 Turn: 43, Snakes Alive: [Rule-based agent], Food: 8, Hazards: 0
INFO 13:27:55.661799 Turn: 44, Snakes Alive: [Rule-based agent], Food: 8, Hazards: 0
INFO 13:27:55.663254 Turn: 45, Snakes Alive: [Rule-based agent], Food: 9, Hazards: 0
INFO 13:27:55.664683 Turn: 46, Snakes Alive: [Rule-based agent], Food: 9, Hazards: 0
INFO 13:27:55.666097 Turn: 47, Snakes Alive: [Rule-based agent], Food: 9, Hazards: 0
INFO 13:27:55.667513 Turn: 48, Snakes Alive: [Rule-based agent], Food: 9, Hazards: 0
INFO 13:27:55.668943 Turn: 49, Snakes Alive: [Rule-based agent], Food: 10, Hazards: 0
INFO 13:27:55.670446 Turn: 50, Snakes Alive: [Rule-based agent], Food: 10, Hazards: 0
INFO 13:27:55.672119 Turn: 51, Snakes Alive: [Rule-based agent], Food: 10, Hazards: 0
INFO 13:27:55.673435 Turn: 52, Snakes Alive: [Rule-based agent], Food: 10, Hazards: 0
INFO 13:27:55.674972 Turn: 53, Snakes Alive: [Rule-based agent], Food: 11, Hazards: 0
INFO 13:27:55.676565 Turn: 54, Snakes Alive: [Rule-based agent], Food: 11, Hazards: 0
INFO 13:27:55.678193 Turn: 55, Snakes Alive: [Rule-based agent], Food: 11, Hazards: 0
INFO 13:27:55.679563 Turn: 56, Snakes Alive: [Rule-based agent], Food: 11, Hazards: 0
INFO 13:27:55.680941 Turn: 57, Snakes Alive: [Rule-based agent], Food: 10, Hazards: 0
INFO 13:27:55.682402 Turn: 58, Snakes Alive: [Rule-based agent], Food: 10, Hazards: 0
INFO 13:27:55.683853 Turn: 59, Snakes Alive: [Rule-based agent], Food: 10, Hazards: 0
INFO 13:27:55.685209 Turn: 60, Snakes Alive: [Rule-based agent], Food: 10, Hazards: 0
INFO 13:27:55.686604 Turn: 61, Snakes Alive: [Rule-based agent], Food: 10, Hazards: 0
INFO 13:27:55.687952 Turn: 62, Snakes Alive: [Rule-based agent], Food: 10, Hazards: 0
INFO 13:27:55.689290 Turn: 63, Snakes Alive: [Rule-based agent], Food: 10, Hazards: 0
INFO 13:27:55.691152 Turn: 64, Snakes Alive: [Rule-based agent], Food: 10, Hazards: 0
INFO 13:27:55.692544 Turn: 65, Snakes Alive: [Rule-based agent], Food: 10, Hazards: 0
INFO 13:27:55.694047 Turn: 66, Snakes Alive: [Rule-based agent], Food: 10, Hazards: 0
INFO 13:27:55.695538 Turn: 67, Snakes Alive: [Rule-based agent], Food: 10, Hazards: 0
INFO 13:27:55.696948 Turn: 68, Snakes Alive: [Rule-based agent], Food: 10, Hazards: 0
INFO 13:27:55.698364 Turn: 69, Snakes Alive: [Rule-based agent], Food: 10, Hazards: 0
INFO 13:27:55.699754 Turn: 70, Snakes Alive: [Rule-based agent], Food: 10, Hazards: 0
INFO 13:27:55.701122 Turn: 71, Snakes Alive: [Rule-based agent], Food: 10, Hazards: 0
INFO 13:27:55.702517 Turn: 72, Snakes Alive: [Rule-based agent], Food: 10, Hazards: 0
INFO 13:27:55.703857 Turn: 73, Snakes Alive: [Rule-based agent], Food: 10, Hazards: 0
INFO 13:27:55.705278 Turn: 74, Snakes Alive: [Rule-based agent], Food: 10, Hazards: 0
INFO 13:27:55.706785 Turn: 75, Snakes Alive: [Rule-based agent], Food: 10, Hazards: 0
INFO 13:27:55.708257 Turn: 76, Snakes Alive: [Rule-based agent], Food: 10, Hazards: 0
INFO 13:27:55.709695 Turn: 77, Snakes Alive: [Rule-based agent], Food: 10, Hazards: 0
INFO 13:27:55.711315 Turn: 78, Snakes Alive: [Rule-based agent], Food: 11, Hazards: 0
INFO 13:27:55.712703 Turn: 79, Snakes Alive: [Rule-based agent], Food: 11, Hazards: 0
INFO 13:27:55.714179 Turn: 80, Snakes Alive: [Rule-based agent], Food: 11, Hazards: 0
INFO 13:27:55.715672 Turn: 81, Snakes Alive: [Rule-based agent], Food: 11, Hazards: 0
INFO 13:27:55.717051 Turn: 82, Snakes Alive: [Rule-based agent], Food: 11, Hazards: 0
INFO 13:27:55.718665 Turn: 83, Snakes Alive: [Rule-based agent], Food: 11, Hazards: 0
INFO 13:27:55.720238 Turn: 84, Snakes Alive: [Rule-based agent], Food: 11, Hazards: 0
INFO 13:27:55.721671 Turn: 85, Snakes Alive: [Rule-based agent], Food: 11, Hazards: 0
INFO 13:27:55.723844 Turn: 86, Snakes Alive: [Rule-based agent], Food: 11, Hazards: 0
INFO 13:27:55.726313 Turn: 87, Snakes Alive: [Rule-based agent], Food: 11, Hazards: 0
INFO 13:27:55.727985 Turn: 88, Snakes Alive: [Rule-based agent], Food: 11, Hazards: 0
INFO 13:27:55.729544 Turn: 89, Snakes Alive: [Rule-based agent], Food: 11, Hazards: 0
INFO 13:27:55.731061 Turn: 90, Snakes Alive: [Rule-based agent], Food: 11, Hazards: 0
INFO 13:27:55.732543 Turn: 91, Snakes Alive: [Rule-based agent], Food: 11, Hazards: 0
INFO 13:27:55.734249 Turn: 92, Snakes Alive: [Rule-based agent], Food: 11, Hazards: 0
INFO 13:27:55.735879 Turn: 93, Snakes Alive: [Rule-based agent], Food: 11, Hazards: 0
INFO 13:27:55.737380 Turn: 94, Snakes Alive: [Rule-based agent], Food: 11, Hazards: 0
INFO 13:27:55.739025 Turn: 95, Snakes Alive: [Rule-based agent], Food: 11, Hazards: 0
INFO 13:27:55.740433 Turn: 96, Snakes Alive: [Rule-based agent], Food: 11, Hazards: 0
INFO 13:27:55.741963 Turn: 97, Snakes Alive: [Rule-based agent], Food: 11, Hazards: 0
INFO 13:27:55.743619 Turn: 98, Snakes Alive: [Rule-based agent], Food: 11, Hazards: 0
INFO 13:27:55.745241 Turn: 99, Snakes Alive: [Rule-based agent], Food: 11, Hazards: 0
INFO 13:27:55.746789 Turn: 100, Snakes Alive: [Rule-based agent], Food: 11, Hazards: 0
INFO 13:27:55.748291 Turn: 101, Snakes Alive: [Rule-based agent], Food: 10, Hazards: 0
INFO 13:27:55.749883 Turn: 102, Snakes Alive: [Rule-based agent], Food: 11, Hazards: 0
INFO 13:27:55.751426 Turn: 103, Snakes Alive: [Rule-based agent], Food: 11, Hazards: 0
INFO 13:27:55.752926 Turn: 104, Snakes Alive: [Rule-based agent], Food: 10, Hazards: 0
INFO 13:27:55.754466 Turn: 105, Snakes Alive: [Rule-based agent], Food: 10, Hazards: 0
INFO 13:27:55.755956 Turn: 106, Snakes Alive: [Rule-based agent], Food: 10, Hazards: 0
INFO 13:27:55.757385 Turn: 107, Snakes Alive: [Rule-based agent], Food: 9, Hazards: 0
INFO 13:27:55.759047 Turn: 108, Snakes Alive: [Rule-based agent], Food: 9, Hazards: 0
INFO 13:27:55.760695 Turn: 109, Snakes Alive: [Rule-based agent], Food: 9, Hazards: 0
INFO 13:27:55.762144 Turn: 110, Snakes Alive: [Rule-based agent], Food: 9, Hazards: 0
INFO 13:27:55.763652 Turn: 111, Snakes Alive: [Rule-based agent], Food: 9, Hazards: 0
INFO 13:27:55.765254 Turn: 112, Snakes Alive: [Rule-based agent], Food: 9, Hazards: 0
INFO 13:27:55.766834 Turn: 113, Snakes Alive: [Rule-based agent], Food: 9, Hazards: 0
INFO 13:27:55.768388 Turn: 114, Snakes Alive: [Rule-based agent], Food: 8, Hazards: 0
INFO 13:27:55.769880 Turn: 115, Snakes Alive: [Rule-based agent], Food: 8, Hazards: 0
INFO 13:27:55.771346 Turn: 116, Snakes Alive: [Rule-based agent], Food: 8, Hazards: 0
INFO 13:27:55.772804 Turn: 117, Snakes Alive: [Rule-based agent], Food: 8, Hazards: 0
INFO 13:27:55.774263 Turn: 118, Snakes Alive: [Rule-based agent], Food: 7, Hazards: 0
INFO 13:27:55.775920 Turn: 119, Snakes Alive: [Rule-based agent], Food: 7, Hazards: 0
INFO 13:27:55.777715 Turn: 120, Snakes Alive: [Rule-based agent], Food: 7, Hazards: 0
INFO 13:27:55.779208 Turn: 121, Snakes Alive: [Rule-based agent], Food: 8, Hazards: 0
INFO 13:27:55.780673 Turn: 122, Snakes Alive: [Rule-based agent], Food: 7, Hazards: 0
INFO 13:27:55.782196 Turn: 123, Snakes Alive: [Rule-based agent], Food: 6, Hazards: 0
INFO 13:27:55.783937 Turn: 124, Snakes Alive: [Rule-based agent], Food: 6, Hazards: 0
INFO 13:27:55.785397 Turn: 125, Snakes Alive: [Rule-based agent], Food: 6, Hazards: 0
INFO 13:27:55.787053 Turn: 126, Snakes Alive: [Rule-based agent], Food: 6, Hazards: 0
INFO 13:27:55.788534 Turn: 127, Snakes Alive: [Rule-based agent], Food: 6, Hazards: 0
INFO 13:27:55.790047 Turn: 128, Snakes Alive: [Rule-based agent], Food: 6, Hazards: 0
INFO 13:27:55.791648 Turn: 129, Snakes Alive: [Rule-based agent], Food: 6, Hazards: 0
INFO 13:27:55.793401 Turn: 130, Snakes Alive: [Rule-based agent], Food: 6, Hazards: 0
INFO 13:27:55.795378 Turn: 131, Snakes Alive: [Rule-based agent], Food: 6, Hazards: 0
INFO 13:27:55.797028 Turn: 132, Snakes Alive: [Rule-based agent], Food: 6, Hazards: 0
INFO 13:27:55.798513 Turn: 133, Snakes Alive: [Rule-based agent], Food: 6, Hazards: 0
INFO 13:27:55.799927 Turn: 134, Snakes Alive: [Rule-based agent], Food: 6, Hazards: 0
INFO 13:27:55.801282 Turn: 135, Snakes Alive: [Rule-based agent], Food: 6, Hazards: 0
INFO 13:27:55.802906 Turn: 136, Snakes Alive: [Rule-based agent], Food: 6, Hazards: 0
INFO 13:27:55.804342 Turn: 137, Snakes Alive: [Rule-based agent], Food: 6, Hazards: 0
INFO 13:27:55.805790 Turn: 138, Snakes Alive: [Rule-based agent], Food: 6, Hazards: 0
INFO 13:27:55.807256 Turn: 139, Snakes Alive: [Rule-based agent], Food: 6, Hazards: 0
INFO 13:27:55.808560 Turn: 140, Snakes Alive: [Rule-based agent], Food: 6, Hazards: 0
INFO 13:27:55.809906 Turn: 141, Snakes Alive: [], Food: 6, Hazards: 0
INFO 13:27:55.811351 Game completed after 142 turns.
INFO 13:27:56.048624 Snake ID: 1e7e3331-3612-4142-a970-5ce43d711158 URL: http://127.0.0.1:41103, Name: "Rule-based agent"
INFO 13:27:56.050358 Ruleset: solo, Seed: 129
INFO 13:27:56.050412 Turn: 0, Snakes Alive: [Rule-based agent], Food: 2, Hazards: 0
INFO 13:27:56.063192 Turn: 1, Snakes Alive: [Rule-based agent], Food: 3, Hazards: 0
INFO 13:27:56.064728 Turn: 2, Snakes Alive: [Rule-based agent], Food: 4, Hazards: 0
INFO 13:27:56.066092 Turn: 3, Snakes Alive: [Rule-based agent], Food: 4, Hazards: 0
INFO 13:27:56.067496 Turn: 4, Snakes Alive: [Rule-based agent], Food: 5, Hazards: 0
INFO 13:27:56.069216 Turn: 5, Snakes Alive: [Rule-based agent], Food: 5, Hazards: 0
INFO 13:27:56.070906 Turn: 6, Snakes Alive: [Rule-based agent], Food: 4, Hazards: 0
INFO 13:27:56.072256 Turn: 7, Snakes Alive: [Rule-based agent], Food: 4, Hazards: 0
INFO 13:27:56.073692 Turn: 8, Snakes Alive: [Rule-based agent], Food: 4, Hazards: 0
INFO 13:27:56.075086 Turn: 9, Snakes Alive: [Rule-based agent], Food: 4, Hazards: 0
INFO 13:27:56.076774 Turn: 10, Snakes Alive: [Rule-based agent], Food: 4, Hazards: 0
INFO 13:27:56.078428 Turn: 11, Snakes Alive: [Rule-based agent], Food: 4, Hazards: 0
INFO 13:27:56.079760 Turn: 12, Snakes Alive: [Rule-based agent], Food: 4, Hazards: 0
INFO 13:27:56.081191 Turn: 13, Snakes Alive: [Rule-based agent], Food: 4, Hazards: 0
INFO 13:27:56.082657 Turn: 14, Snakes Alive: [Rule-based agent], Food: 4, Hazards: 0
INFO 13:27:56.084105 Turn: 15, Snakes Alive: [Rule-based agent], Food: 4, Hazards: 0
INFO 13:27:56.085548 Turn: 16, Snakes Alive: [Rule-based agent], Food: 4, Hazards: 0
INFO 13:27:56.087095 Turn: 17, Snakes Alive: [Rule-based agent], Food: 4, Hazards: 0
INFO 13:27:56.088484 Turn: 18, Snakes Alive: [Rule-based agent], Food: 4, Hazards: 0
INFO 13:27:56.089875 Turn: 19, Snakes Alive: [Rule-based agent], Food: 4, Hazards: 0
INFO 13:27:56.091198 Turn: 20, Snakes Alive: [Rule-based agent], Food: 4, Hazards: 0
INFO 13:27:56.092555 Turn: 21, Snakes Alive: [Rule-based agent], Food: 5, Hazards: 0
INFO 13:27:56.094086 Turn: 22, Snakes Alive: [Rule-based agent], Food: 4, Hazards: 0
INFO 13:27:56.095487 Turn: 23, Snakes Alive: [Rule-based agent], Food: 4, Hazards: 0
INFO 13:27:56.096908 Turn: 24, Snakes Alive: [Rule-based agent], Food: 4, Hazards: 0
INFO 13:27:56.098328 Turn: 25, Snakes Alive: [Rule-based agent], Food: 5, Hazards: 0
INFO 13:27:56.099756 Turn: 26, Snakes Alive: [Rule-based agent], Food: 5, Hazards: 0
INFO 13:27:56.101109 Turn: 27, Snakes Alive: [Rule-based agent], Food: 6, Hazards: 0
INFO 13:27:56.102577 Turn: 28, Snakes Alive: [Rule-based agent], Food: 6, Hazards: 0
INFO 13:27:56.103977 Turn: 29, Snakes Alive: [Rule-based agent], Food: 7, Hazards: 0
INFO 13:27:56.105334 Turn: 30, Snakes Alive: [Rule-based agent], Food: 7, Hazards: 0
INFO 13:27:56.106659 Turn: 31, Snakes Alive: [Rule-based agent], Food: 7, Hazards: 0
INFO 13:27:56.108090 Turn: 32, Snakes Alive: [Rule-based agent], Food: 7, Hazards: 0
INFO 13:27:56.109546 Turn: 33, Snakes Alive: [Rule-based agent], Food: 7, Hazards: 0
INFO 13:27:56.111240 Turn: 34, Snakes Alive: [Rule-based agent], Food: 7, Hazards: 0
INFO 13:27:56.112579 Turn: 35, Snakes Alive: [Rule-based agent], Food: 7, Hazards: 0
INFO 13:27:56.114005 Turn: 36, Snakes Alive: [Rule-based agent], Food: 7, Hazards: 0
INFO 13:27:56.116091 Turn: 37, Snakes Alive: [Rule-based agent], Food: 7, Hazards: 0
INFO 13:27:56.117504 Turn: 38, Snakes Alive: [Rule-based agent], Food: 7, Hazards: 0
INFO 13:27:56.118971 Turn: 39, Snakes Alive: [Rule-based agent], Food: 7, Hazards: 0
INFO 13:27:56.120401 Turn: 40, Snakes Alive: [Rule-based agent], Food: 6, Hazards: 0
INFO 13:27:56.121744 Turn: 41, Snakes Alive: [Rule-based agent], Food: 6, Hazards: 0
INFO 13:27:56.123190 Turn: 42, Snakes Alive: [Rule-based agent], Food: 6, Hazards: 0
INFO 13:27:56.124539 Turn: 43, Snakes Alive: [Rule-based agent], Food: 6, Hazards: 0
INFO 13:27:56.126103 Turn: 44, Snakes Alive: [Rule-based agent], Food: 7, Hazards: 0
INFO 13:27:56.128013 Turn: 45, Snakes Alive: [Rule-based agent], Food: 7, Hazards: 0
INFO 13:27:56.129509 Turn: 46, Snakes Alive: [Rule-based agent], Food: 7, Hazards: 0
INFO 13:27:56.131029 Turn: 47, Snakes Alive: [Rule-based agent], Food: 7, Hazards: 0
INFO 13:27:56.132559 Turn: 48, Snakes Alive: [Rule-based agent], Food: 8, Hazards: 0
INFO 13:27:56.133969 Turn: 49, Snakes Alive: [Rule-based agent], Food: 9, Hazards: 0
INFO 13:27:56.135495 Turn: 50, Snakes Alive: [Rule-based agent], Food: 8, Hazards: 0
INFO 13:27:56.136849 Turn: 51, Snakes Alive: [Rule-based agent], Food: 8, Hazards: 0
INFO 13:27:56.138347 Turn: 52, Snakes Alive: [Rule-based agent], Food: 9, Hazards: 0
INFO 13:27:56.139938 Turn: 53, Snakes Alive: [Rule-based agent], Food: 9, Hazards: 0
INFO 13:27:56.141453 Turn: 54, Snakes Alive: [Rule-based agent], Food: 9, Hazards: 0
INFO 13:27:56.143255 Turn: 55, Snakes Alive: [Rule-based agent], Food: 9, Hazards: 0
INFO 13:27:56.144892 Turn: 56, Snakes Alive: [Rule-based agent], Food: 9, Hazards: 0
INFO 13:27:56.146213 Turn: 57, Snakes Alive: [Rule-based agent], Food: 9, Hazards: 0
INFO 13:27:56.147596 Turn: 58, Snakes Alive: [Rule-based agent], Food: 8, Hazards: 0
INFO 13:27:56.149041 Turn: 59, Snakes Alive: [Rule-based agent], Food: 8, Hazards: 0
INFO 13:27:56.150673 Turn: 60, Snakes Alive: [Rule-based agent], Food: 8, Hazards: 0
INFO 13:27:56.152198 Turn: 61, Snakes Alive: [Rule-based agent], Food: 8, Hazards: 0
INFO 13:27:56.153601 Turn: 62, Snakes Alive: [Rule-based agent], Food: 8, Hazards: 0
INFO 13:27:56.155275 Turn: 63, Snakes Alive: [Rule-based agent], Food: 8, Hazards: 0
INFO 13:27:56.156828 Turn: 64, Snakes Alive: [Rule-based agent], Food: 8, Hazards: 0
INFO 13:27:56.158199 Turn: 65, Snakes Alive: [Rule-based agent], Food: 8, Hazards: 0
INFO 13:27:56.159661 Turn: 66, Snakes Alive: [Rule-based agent], Food: 8, Hazards: 0
INFO 13:27:56.161276 Turn: 67, Snakes Alive: [Rule-based agent], Food: 8, Hazards: 0
INFO 13:27:56.163114 Turn: 68, Snakes Alive: [Rule-based agent], Food: 8, Hazards: 0
INFO 13:27:56.164530 Turn: 69, Snakes Alive: [Rule-based agent], Food: 8, Hazards: 0
INFO 13:27:56.165902 Turn: 70, Snakes Alive: [Rule-based agent], Food: 8, Hazards: 0
INFO 13:27:56.167358 Turn: 71, Snakes Alive: [Rule-based agent], Food: 8, Hazards: 0
INFO 13:27:56.168701 Turn: 72, Snakes Alive: [Rule-based agent], Food: 8, Hazards: 0
INFO 13:27:56.170138 Turn: 73, Snakes Alive: [Rule-based agent], Food: 8, Hazards: 0
INFO 13:27:56.171588 Turn: 74, Snakes Alive: [Rule-based agent], Food: 8, Hazards: 0
INFO 13:27:56.172947 Turn: 75, Snakes Alive: [Rule-based agent], Food: 8, Hazards: 0
INFO 13:27:56.174297 Turn: 76, Snakes Alive: [Rule-based agent], Food: 8, Hazards: 0
INFO 13:27:56.175636 Turn: 77, Snakes Alive: [Rule-based agent], Food: 9, Hazards: 0
INFO 13:27:56.177557 Turn: 78, Snakes Alive: [Rule-based agent], Food: 9, Hazards: 0
INFO 13:27:56.179050 Turn: 79, Snakes Alive: [Rule-based agent], Food: 9, Hazards: 0
INFO 13:27:56.180437 Turn: 80, Snakes Alive: [Rule-based agent], Food: 9, Hazards: 0
INFO 13:27:56.181860 Turn: 81, Snakes Alive: [Rule-based agent], Food: 9, Hazards: 0
INFO 13:27:56.183228 Turn: 82, Snakes Alive: [Rule-based agent], Food: 9, Hazards: 0
INFO 13:27:56.184574 Turn: 83, Snakes Alive: [Rule-based agent], Food: 8, Hazards: 0
INFO 13:27:56.185908 Turn: 84, Snakes Alive: [Rule-based agent], Food: 8, Hazards: 0
INFO 13:27:56.187410 Turn: 85, Snakes Alive: [Rule-based agent], Food: 8, Hazards: 0
INFO 13:27:56.189379 Turn: 86, Snakes Alive: [Rule-based agent], Food: 8, Hazards: 0
INFO 13:27:56.191544 Turn: 87, Snakes Alive: [Rule-based agent], Food: 8, Hazards: 0
INFO 13:27:56.193158 Turn: 88, Snakes Alive: [Rule-based agent], Food: 8, Hazards: 0
INFO 13:27:56.194826 Turn: 89, Snakes Alive: [Rule-based agent], Food: 8, Hazards: 0
INFO 13:27:56.196293 Turn: 90, Snakes Alive: [Rule-based agent], Food: 8, Hazards: 0
INFO 13:27:56.197885 Turn: 91, Snakes Alive: [Rule-based agent], Food: 8, Hazards: 0
INFO 13:27:56.199540 Turn: 92, Snakes Alive: [Rule-based agent], Food: 8, Hazards: 0
INFO 13:27:56.200991 Turn: 93, Snakes Alive: [Rule-based agent], Food: 8, Hazards: 0
INFO 13:27:56.202573 Turn: 94, Snakes Alive: [Rule-based agent], Food: 8, Hazards: 0
INFO 13:27:56.204112 Turn: 95, Snakes Alive: [Rule-based agent], Food: 8, Hazards: 0
INFO 13:27:56.205629 Turn: 96, Snakes Alive: [Rule-based agent], Food: 8, Hazards: 0
INFO 13:27:56.207192 Turn: 97, Snakes Alive: [Rule-based agent], Food: 8, Hazards: 0
INFO 13:27:56.208804 Turn: 98, Snakes Alive: [Rule-based agent], Food: 8, Hazards: 0
INFO 13:27:56.210412 Turn: 99, Snakes Alive: [Rule-based agent], Food: 8, Hazards: 0
INFO 13:27:56.211913 Turn: 100, Snakes Alive: [Rule-based agent], Food: 8, Hazards: 0
INFO 13:27:56.213425 Turn: 101, Snakes Alive: [Rule-based agent], Food: 9, Hazards: 0
INFO 13:27:56.214995 Turn: 102, Snakes Alive: [Rule-based agent], Food: 9, Hazards: 0
INFO 13:27:56.216373 Turn: 103, Snakes Alive: [Rule-based agent], Food: 9, Hazards: 0
INFO 13:27:56.217809 Turn: 104, Snakes Alive: [Rule-based agent], Food: 9, Hazards: 0
INFO 13:27:56.219219 Turn: 105, Snakes Alive: [Rule-based agent], Food: 9, Hazards: 0
INFO 13:27:56.220654 Turn: 106, Snakes Alive: [Rule-based agent], Food: 9, Hazards: 0
INFO 13:27:56.222125 Turn: 107, Snakes Alive: [Rule-based agent], Food: 9, Hazards: 0
INFO 13:27:56.223583 Turn: 108, Snakes Alive: [Rule-based agent], Food: 9, Hazards: 0
INFO 13:27:56.225006 Turn: 109, Snakes Alive: [Rule-based agent], Food: 9, Hazards: 0
INFO 13:27:56.226586 Turn: 110, Snakes Alive: [Rule-based agent], Food: 9, Hazards: 0
INFO 13:27:56.228131 Turn: 111, Snakes Alive: [Rule-based agent], Food: 9, Hazards: 0
INFO 13:27:56.229564 Turn: 112, Snakes Alive: [Rule-based agent], Food: 9, Hazards: 0
INFO 13:27:56.231277 Turn: 113, Snakes Alive: [Rule-based agent], Food: 9, Hazards: 0
INFO 13:27:56.232874 Turn: 114, Snakes Alive: [Rule-based agent], Food: 9, Hazards: 0
INFO 13:27:56.234381 Turn: 115, Snakes Alive: [Rule-based agent], Food: 9, Hazards: 0
INFO 13:27:56.236145 Turn: 116, Snakes Alive: [Rule-based agent], Food: 8, Hazards: 0
INFO 13:27:56.237707 Turn: 117, Snakes Alive: [Rule-based agent], Food: 8, Hazards: 0
INFO 13:27:56.239240 Turn: 118, Snakes Alive: [Rule-based agent], Food: 8, Hazards: 0
INFO 13:27:56.240776 Turn: 119, Snakes Alive: [Rule-based agent], Food: 8, Hazards: 0
INFO 13:27:56.242320 Turn: 120, Snakes Alive: [Rule-based agent], Food: 9, Hazards: 0
INFO 13:27:56.244095 Turn: 121, Snakes Alive: [Rule-based agent], Food: 9, Hazards: 0
INFO 13:27:56.245510 Turn: 122, Snakes Alive: [Rule-based agent], Food: 9, Hazards: 0
INFO 13:27:56.246937 Turn: 123, Snakes Alive: [Rule-based agent], Food: 9, Hazards: 0
INFO 13:27:56.248411 Turn: 124, Snakes Alive: [Rule-based agent], Food: 9, Hazards: 0
INFO 13:27:56.249936 Turn: 125, Snakes Alive: [Rule-based agent], Food: 9, Hazards: 0
INFO 13:27:56.251387 Turn: 126, Snakes Alive: [Rule-based agent], Food: 9, Hazards: 0
INFO 13:27:56.252909 Turn: 127, Snakes Alive: [Rule-based agent], Food: 9, Hazards: 0
INFO 13:27:56.254344 Turn: 128, Snakes Alive: [Rule-based agent], Food: 9, Hazards: 0
INFO 13:27:56.255764 Turn: 129, Snakes Alive: [], Food: 9, Hazards: 0
INFO 13:27:56.256999 Game completed after 130 turns.
